listing_id,listing_name,host_id,host_name
958,"Bright, Modern Garden Unit - 1BR/1BTH",1169,Holly
5858,Creative Sanctuary,8904,Philip Jonathon
8142,*FriendlyRoom Apt. Style -UCSF/USF - San Francisco,21994,Aaron
8339,Historic Alamo Square Victorian,24215,Rosmarie
10537,Elegant & Cozy w/City views. Private room: Purple,36752,Teresa
10578,Classic Nob Hill Studio - Roof Deck,37049,Andrew
11490,Cozy Nob Hill Nook,42681,Rachael
12041,Sunny/Sunset view room UCSF/USF - San Francisco,21994,Aaron
12042,Sunny/Sunset view room UCSF/USF - San Francisco*,21994,Aaron
12522,Perfectly located Castro,18431,Brenda
18231,Loft-like Apt./Garden,70224,Arlene
18904,Lower Haight Urban Zen With Private Bath,72464,Patrick
21334,Studio loft on top of Russian Hill,81455,Joseph Douglas
24111,Charming 2 Bd Rm Ocean View,96951,Jason
24463,"NEST of Potrero Hill - Quiet, Stylish & Convenient",99128,Cathryn
24723,"Guest Suite in PacHeights, Japantown & Fillmore St",100800,Cynthia
25094,San Francisco's Luxury Oasis Private Room On Noe,103339,Bruce
26488,Embarcadero High Rise with Views!,112300,Micheal
29557,gigi's bed and breakfast,126036,Gigi
32414,"Cozy, Sunny and Private Space",140251,Lisa
33578,Potrero Hill Garden Lookout,145258,Kepa
38935,Sunny Room with Private Bathroom – The Mission,167046,Nani
39418,"Comfortable Home Base, Bernal Heights, great area!",169184,Theresa
40092,Cute Private Apt in the hip Mission,172182,Brian Del Bove
41423,Guest Cottage - SF,180715,Carrie
41609,Spacious Quiet SF Downtown Work-From-Home Retreat,54299,Peter
42060,Duboce park Edwardian apartment.,183862,Cole
44032,The Mission-100% Private,98733,David
45299,Private Castro Studio with king sized bed,178043,Charles
46060,The Urban Oasis IV,128327,Evelyn
47486,Beautiful Historical Location. EZ  parking.,215133,Richard
47682,One-bedroom apt.  Lafayette Park,216682,Jay
51557,Centrally Located Victorian Apartment,237200,Len
51773,Prime Location - Very Small Cozy Room,216682,Jay
54518,Classic Downtown San Francisco,255971,Katherine
54634,Studio Apartment Lafayette Park,216682,Jay
55632,"❤️Stunning Luxury Apt, 5 star reviews, Laundry,",262875,Paul
55636,"❤️ Super luxury Apt, Great View,  5 Star Reviews",262875,Paul
57561,"Bernal Heights Apartment, Patio + Parking",272890,Theodore
57676,"Bartlett Gardens: Spacious, bright!",142882,Jessica And Sebouh
59831,Lovely quiet private room in Home,287859,Lawrence
60101,5BD Bernal Heights Urban Getaway Near 101/280,289376,Jennifer
60365,"Charming Victorian 3-Bdrms-2Ba, Parking, Location!",279544,Emilie
63247,Lovely art suite with yard,290120,Anne
64165,Great room in a fantastic location!,237691,Regina
68239,Beautiful 1bdr apt by Dolores Park in Mission,337833,Philipp
69410,Private 1BR Inner Richmond Apartment,347624,Patrick
70139,Noe Valley Studio + Home Office,354456,Rachel
70753,Single Bed In 8 Bed Dorm - Downtown @ ITH Hostels,329072,James & Friends
71645,"Northslope Studio in Bernal Heights with a Zen, Leafy Patio",367464,Jeffrey
72444,Single Bed In 8 Bed Quiet Dorm @ ITH Hostels,329072,James & Friends
77175,Private Studio with Kitchenette,395569,Tyler
78651,Heart of the Mission: Hot spot,142882,Jessica And Sebouh
80394,Hideaway in the Haight,126930,Abla
81158,Sweet 1 br Garden Apartment -  Lewhit Cottage,439589,Brent
83257,Charming Lower Pac Hts Private Room,453743,Kimberly
91957,Sunny SF Flat with 5*s,495796,Joy
96383,Prime Location Bright Private Room,216682,Jay
99094,Spacious Edwardian Flat SF Mission,522225,Marzio
105497,Private Room in San Francisco!,547669,Jamie
109883,San Francisco Serenity private/ lovely home,566147,Adam
121065,Victorian 1BR/1BA in Castro/Duboce,608445,Hassan
124011,Golden Gate Park/UCSF Family High-Tech Victorian,617985,Patrick
130775,Emergency happy room-sink  UCSF/USF-San Francisco,21994,Aaron
132441,"Calm & Cool, Safe & Sunny on Bernal Hill",650862,Kurt
137129,San Francisco Luxury Rental,639671,Mark
138221,Lone Mountain Pied A Terre,674976,Phil
138592,Modern Architectural Gem - 4 Bdrm,648553,Julie
144978,Prime Location - Small Basic Room,216682,Jay
147443,Best Views in all of San Francisco,709325,Mark
148627,Marina Studio w/ Private Entrance + Full Kitchen,709325,Mark
148769,Ground Floor Studio with Garage Parking,709325,Mark
150347,Cute Private 2Br Apt in the Mission with Parking!,172182,Brian Del Bove
166771,DOWNEY STREET - Victorian Flat,794467,Patricia Ann
175090,Financial Dist. Near Union Square/North Beach,127367,Michelle
175102,Financial District: Rooftop deck.Near dining/shops,127367,Michelle
183859,"Family-Friendly Flat In San Francisco, CA. USA",882283,Stephen
193292,Nice Rooms With Private 1/2 Bath,937281,Lauren&Sarah
199480,One room overlooking Precita Park,974441,Peter
208714,Cozy fully furnished one bedroom apartment in SF,1027819,Ac
208831,Suite in Heart of North Beach.,1028577,Peter
209514,Haight Ashbury Experience Room 2,1032643,Joshua Martin
212783,Haight Ashbury Experience Room 1,1032643,Joshua Martin
213532,Haight Ashbury Experience Room 4,1032643,Joshua Martin
218006,ASHA BAY Little private Room,812808,Mukt
220418,Haight Ashbury Experience Room 3,1032643,Joshua Martin
231129,Nob Hill Mini Mansion,1208533,Antonio
232060,Forest Garden Suite Near UCSF,1214006,Arturo
238204,Spacious Getaway Near the Ocean,1248132,Maria Gee Tan
256176,Private entrance bd/bath by GG Park,976125,Eva
269463,Elegant Victorian Flat in Haight,1244308,Lawrence
269756,Twin Peaks Home Available for 3+ Month Stays,1409731,Daniel
271647,"Private Room w/ 2 Queen Beds, Steps to Ocean Beach",1421509,Matthew
273530,"Sunny Potrero Townhouse ""Nest""",99128,Cathryn
274334,Clean Suite with private bath near Ocean Beach,1434669,Lisa
279184,Stay in a historic apt in the heart of the Mission,1456262,Justin
308885,North Beach Best Location and View,1588855,Arbe
314248,Pacific Heights 3 bedroom home with garage,1614566,Sarah
314368,2BR North Beach - Perfect for Business or Leisure,1229762,Jason
325478,Spacious & artsy 2br Dolores Park flat,1579337,Markus
326650,Lovely beautiful Apt Pac Fillmore,1670339,Michele
329020,The Clock Tower Loft circa 1907.,326840,Jorge
330535,Victorian Flat amongst the Trees.,625762,Ryan Marshall
338849,Best area Bright LARGE Beautiful,1670339,Michele
348714,Elegant Queen Ann Victorian Studio,78610,George
350479,"Sunny, garden view bedroom",1776403,Natallia
352165,In Law Suite in Castro Victorian,1783772,Brian
353292,Mid-Century Modern Flat - Lollyway Pad,1789683,Thomas
371595,"Private Garden Room- Near UCSF, Sutter Heath & DT",165574,Jonathan
379349,Best location in San Francisco,1901233,Miriam
394575,Grand and Cozy 1920's SF Studio,1190192,Michael
410762,private room in large appartment,1964252,Inna
415498,Prime Location - Studio Apartment,216682,Jay
423300,"Wild Garden unit  (coders' paradise, 1000 sq .ft.)",1776403,Natallia
424846,San Francisco Pied-à-terre,2112291,Martha
431862,Penthouse Studio w BBQ and Rooftop Deck!,1257432,San Francisco Life
437385,"Tranquil Queen Suite/Private Bath, Coastal Access",2172763,Melanie
438940,Classic Room in the Heart of The Castro,1841207,Craig
438967,Big Sunny Room in The Heart of The Castro,1841207,Craig
442349,Right in the middle living,2198022,Judith
442397,OceanBeach 2bdrm2Bath FreeParking!,2198311,Marianne
455783,Queen Size Bed in Private Room with Loft at Beach,1421509,Matthew
465723,Charming suite in West Portal area,305557,Sheila
467507,Gorgeous Bernal Heights Studio Apartment,2320888,Jennifer
468490,Penthouse Panoramic View Home with Decks,285168,Bill
474107,Two cozy rooms in an SF Edwardian home!,2318089,Inés
479049,Victorian Studio near Dolores Park,2372714,Ramona Alexandra
487019,Stunning Bright 3 br/2ba in Potrero Hill,2410550,Cecile
487499,Mission District - Perfect Location,1682183,Daniel
493889,Spacious 1brm w/ breathtaking view,2439917,Germaine
494111,Comfortable space of your own in SF,252927,Vivian
504146,★ Iconic Marina Waterfront ★ Walk/Bike Score 94+,2486135,Laura
519796,Lrg Sunny Flat/1 Blk fr Lombard St,2019559,Suzette
522273,Amazing Private Room w/View in Beautiful SF Flat,2568946,Kymberli
531151,Sunny 4-Bedroom Family Home Central SF Location,2608908,Jennifer
537133,Lovely unit with decks. Near restaurants & shops.,127367,Michelle
545685,"Garden Suite by Golden Gate Park, Private Bathrm",2676602,Linda
555596,Charming Noe Valley Garden Oasis,1772044,Judy
561148,"Great Family Home, Quiet Street, Close to GG Park",2758480,Steve
561602,"Great view in the Mission, 15 mins by bus downtown",2760904,Matthew
568161,Comfortable Room in Glen Park (SF),2795397,Beth
571042,SF Amazing Views Award-Winning Design,1550529,Shannon
571142,Top Rated San Francisco Airbnb! Sunny & Good Vibes,2072534,Adam
578097,2-Bed 2-Bath Lower Haight Apt with Deck!,560790,Karen
585326,"Cozy Suite by Golden Gate Park, Private Bathrm",2676602,Linda
589767,Beautiful Nob Hill Apartment with Perfect Location,1692184,Joseph Edward
591431,Victorian home in the  ❤️ of The Mission,727246,Erika
592883,Quiet bedroom with private bathroom,1776403,Natallia
593253,Lower Haight Victorian room,2929255,Trevor
602535,Charming Victorian in Vibrant Noe Valley,2981490,Sabra
604221,Sun filled 2BR WFH Haven (800Mbps w backup modem),2991110,Wenguang
607500,Newly Renovated - San Francisco in Style,1805856,Adam Mitchell
626349,Sunny Modern Luxury Condo!,2528117,Sean
632303,Artful SF Apt | Steps to Trails,12235061,Saba
633629,Room(s) with Private Sitting Area,3151325,Andrea
642672,Gorgeous 1BR - heart of Noe Valley,611216,Yasaman
646275,San Francisco Living Like A Local,1094388,Lynnore
648086,Private room and Private bath.,3250518,Parmjit Singh
654279,Quiet Room in Our Friendly Home,3289160,Christopher
663623,Grand victorian flat in mission SF,119920,Gwen
664307,Private Room: Escape to the Mission,3355966,Geoff
664315,Home in the Heart of the Mission,3355966,Geoff
671513,Sunny San Francisco Spot near Golden Gate Park!,2072534,Adam
678556,Cheerful Private Garden Studio,3453060,Lorraine
690872,Pacific Hts Designer Home,1142106,Mary
691023,Modern and Serene House on Dolores Park,3531780,Mickey
715543,Marie's sunny spacious Mission loft,3676663,Catherine Marie
719431,Safe area. Metro 12 mins to d'town. Park/EV charge,783438,Philip
720811,Private Apartment w/garden access in the Richmond,93873,Ronald Mark
727866,SF Ocean Beach In-law Studio,1743076,Esther
727969,Spacious 1 Bedroom with Garden in Sunny Noe,3729230,Yuying
728585,Clipper Street Cottage,3780377,Douglas
728884,Spacious 2BR in Noe with Parking,3729230,Yuying
734801,"Luxurious, modern, beautiful A+view",3832375,Basia
734839,Relax in a Charming Edwardian Flat in Russian Hill,3832802,Kenji
738547,Spectacular Bay View Russian Hill,3860047,Robert
745957,Micro-Private Single,576273,Darren
747167,Micro-Private Double,576273,Darren
752607,Mission Dolores Charmer Foodie Paradise 3bd/1bath,3958328,Leanne
754117,Amazing Flat in Haight Ashbury,3967658,Ryan
767506,Spacious Gem to Entertain or Relax,3807182,Jennifer
769734,Spacious Room in Carriage house,4060777,Annie
774323,PrivateBath.    Hike/Bike/TransitScore97,4085271,Janet
781945,Huge Condo in the best Location,4124339,Tanmay
783821,"Exquisite Castro Jewel box, Laundry, Parking",137980,Jack
795254,Attic Master Suite with Kitchenette,4189517,Jane
806199,"Sunny, artistic loft retreat – South Beach",757108,Chantal
810315,Private Room With Best Location In city,1504399,Skt Teo
815183,Country in the City... (30-day min),4282539,Lily
818395,Best spot-happening lower haight,3895812,Fakhry
819863,"Absolutely Private, Wi Fi, Laundry, Public Parking",4306242,Polina S
829185,Gorgeously Renovated Coastal Victorian Home,4346130,Shannon
830576,Sunny Pac Heights Studio w BAY VIEW,2350141,Eric
837045,Kid friendly apt near Duboce Park,4374318,Jolie
838660,"Modern Luxury 1BR Near FiDi, #9",9965793,The Twist
856123,Private Suite in a Stunning Vegan Penthouse,16382,Mark
859336,Cozy & quiet room in bright apartment,4499134,Anka
867499,Gorgeously Renovated Coastal Victorian Share,4346130,Shannon
878935,"2BR: Clean, cozy, family friendly spot next to GGP",4645827,Ashley
884770,"Steps from Cable Car, amazing Russian Hill Retreat",4687340,Sandra
890875,"Sunny, modern apt in Lower Haight",4374318,Jolie
895381,Hayes Valley 1 BR with Private Deck,1257432,San Francisco Life
900393,Comfortable Potrero Hill 2 BDR Home,4808354,Irene
900941,Stunning apartment with roof deck!,914858,Juan
905399,The Mission Room in 1906 SF Victorian,4843181,Nancy
918341,Potrero Hill Garden Getaway,145258,Kepa
931313,Central apartment - Market Street with parking,38836,Bernat
934012,One block from Golden Gate Park!,5037105,David
943851,"Victorian Mission Flat w/ views, storage & parking",736969,Daria
945748,Interior Designed SF Gem/great - safe neighborhood,5124146,Toni
950094,Knockout Panoramic View Suite,5153588,Gaylene
961900,Spacious Modern Loft in SOMA with Garage Parking,5238718,Daniela
968037,One BR in NB with Sweeping Bay View,2548643,Thomas
980783,Potrero Hill Retreat,5371124,Katie
982298,"The Surf Shack - 6 beds, hot tub",5380962,George
997382,Haight Ashbury Experience Room 5,1032643,Joshua Martin
998701,Private Room in Ocean Beach Cottage,5488987,Martha
1001759,Spacious sunny room in the Castro,3379945,Elena
1005642,Walk + Bike + Transit Score 97!,4085271,Janet
1016604,Entire 3br Beautiful Edwardian Home near GG Park,58930,David
1018426,"SHARE Spacious Loft: Moscone, Ball Park & Downtown",1165164,Morgan
1036860,2bed-rm Suites at Fisherman's Wharf,5708168,Kowang
1037251,Cozy & Convenient easy fwy Access,698337,Emily Joy
1038324,Awesome Mission spot for travelers,5716115,Shirin
1053666,Modern Mission Studio with Private Entrance,1572034,Neil
1059961,KelSoMa 1 Bed & Bath in SoMa,1427845,Laura
1067031,Spacious 3BR/2BA home with easy parking,5870776,Nancy
1074231,Victorian Living in San Francisco,5909809,Purvi
1084068,Modern Sanctuary Abundance of Light,5960567,Karina
1087427,Private furnished Rm near UCSF/22nd Ave in Sunset,5977346,Melissa
1087433,Masterbedrm w/ own Bath near Ucsf in Sunset 22ndAv,5977346,Melissa
1094764,San Francisco Presidio Paradise!,172460,Leila
1098003,"Lovely, Unique Home Near Everything",6034365,Nicholas
1103797,Remodeled Victorian Flat w/ Garden,6062220,Luke
1104912,"Sunny SF apt near Golden Gate Park, Beaches",6068306,Chani
1121697,Gorgeous Full-Floor Victorian Flat,1126796,E J
1126365,Sunny Art Filled Victorian w/ Garage,6179329,Dorka
1138542,Great home in San Francisco,4229195,Darragh
1141986,Lovely SF Studio & Location,5960567,Karina
1148370,"Convenient, Spacious, eateries ➕Parks & Ocean👌",6295555,Shanon
1151237,Sunny Modern Victorian Great San Fran Location,6309875,Rebecca
1159284,"Telegraph Hill penthouse. Decks, views, parking.",5548292,Shaun
1163946,2 bedroom in the heart of the Mission,1918239,Jen
1174701,"Donatello, Union Square, Location! 4*",6429436,Janette
1178260,Charming North Beach Alley Hideaway,6446722,John
1195173,Nob HillWalking Distance to Downtown,6531356,Jennifer
1195374,Stylish Condo in Desirable Mission Dolores,5024596,Megan
1198464,Fabulous Blue Bright/OCEAN VIEW+clean+Park+3 Bath,5565510,Silvana
1200068,"Private, quiet BR - Upscale Home",6555530,Phyllis
1201159,Modern Studio +View in SOMA!,6561127,Omid
1202686,"2Bed ""COZY CENTRAL""- quiet, priv yard, nr Valencia",4152942,Clare
1209738,Cozy Private One Bedroom with Kitchen,11115,Lucy
1212513,Two Private Bedrooms & Bath-Sleep Four-Central SF,1237762,Myles
1212746,"Large 3BR SF Home! Families, Friends or Colleagues",1237762,Myles
1212822,"""Designer  Showplace  Home""  in the Marina",1700823,Jennifer
1223704,Quiet & Secure Townhouse in Yerba Buena (SoMa),1588519,Matthew
1225969,Million dollar Bay View home,417666,Vera
1229606,SOMA Hideaway- Corporate Stays,5215262,John
1237143,Charming Russian Hill Flat,6745542,Susanna
1245838,Fantastic Family Home with Beautiful Backyard,6789170,Nicole
1267206,The Taupe Room & Santa Marie in SF,6081814,Nancy
1276953,"Central, light-filled top flat on quiet street",799436,David
1277771,Home Away From Home,6954280,Jonathan
1291092,Gorgeous Marina Home near the Golden Gate Bridge,3080489,Beth
1292217,SF Victorian Penthouse - Amazing Views,5864730,Jan
1299759,Bright NOPA One Bedroom w/ Garden Access,6225200,Myrna
1309496,Meticulous Grand Edwardian Condo near Famous Parks,7118153,Roy
1323983,Castro private room & bath VIEW (no cleaning fee),1753794,Ashish
1328186,Fabulous Castro Victorian,7208147,Eric
1336998,Beautiful room in San Francisco,7250508,Doug
1344243,"Sunny Garden Suite, Perfect Locale",7292289,Robert
1351626,"Upscale home/furnishings, private",6555530,Phyllis
1351783,Private Room #1 and Breakfast Nook,7335923,Allen
1352111,Tranquil Pacific Heights Top Floor Duplex,1678230,Hiu Yu
1388523,Mission Dolores Noe Valley Studio 1 Month Minimum,549522,Steve & Debbie
1392204,Historic View Home Large 2 Bedroom  Suite/ Parking,7526456,Damara
1407881,Secluded Studio in Castro/Mission,1467308,The Cabinets
1408932,Studio on Sunny Side of Bernal - Decklounge Views,7598687,Michael
1409218,"Modern, Large & Luxurious SOMA Loft",5203636,Alexander Michael
1421671,Top-Rated Spotless Studio:Safe-Walkable-Convenient,7630810,Michael
1421774,Charming Private Castro Studio,1513493,Vanick
1421937,Suite with Majestic View in Historic Home/Parking,7526456,Damara
1428465,Modern Noe Valley Mid Century Home,1031942,Rachel
1428553,Sublet cozy sunny room in Castro!,3379945,Elena
1433011,"Location, location! Awesome place  in great area.",4687340,Sandra
1433917,Castro St Location Location Location,4819815,Michael Kent
1434314,Stylish Noe Valley View with Hot Tub & Sauna,883556,Alexander
1434425,"Castro, Large, Sunny, own dedicated bathroom",3227887,David
1439445,1 Bedroom + Office - Superhost Near UCSF Parnassus,165574,Jonathan
1442027,Studio with Gym and Parking,1257432,San Francisco Life
1450899,Master Bedroom: Dolores Park - Nested in the Sun,7183434,John
1456153,The French Victorian House With Bay Views,2059233,Wendy
1460174,Unique Modern Airy Apartment with Contemporary Art,5244284,Julia
1460628,Private studio with a lush garden,7828423,Valeria
1467522,Well Stocked Family Friendly Flat in Heart of NOPA,953461,Nicole And Nate
1470340,Relaxing Garden Apartment in Quiet SF Neighborhood,1393328,Gustav
1471683,Artful Comforts in the Lower Haight,7879719,William
1480015,Vintage Modern Victorian Apartment,7919343,Benjamin
1482730,Bernal Heights 2 BD near 101/280 & Cute Main St,289376,Jennifer
1484149,Safe Russian Hill-Great for Business & Pleasure,7940322,Branka
1484792,"Live Like a San Franciscan in Hayes Valley, with Parking",5192660,Mario
1487849,Holladay Home (w/ parking),1590094,Maury
1494503,Beautiful Classic Victorian with a Modern Touch,7988057,Genevieve
1506702,Spacious & Bright 3BD/1.5BA Cow Hollow Home w/Deck,2228453,Ellen
1510363,Cozy 2 BR  Apt. In The Sunnyside,7303214,Charlesie
1520929,San Francisco Views * Spacious Flat for Fun & Work,8055897,Annekarin
1525137,Modern Edwardian in Pacific Heights,7390100,Dion
1535946,"Single Family Bungalow Great Location, 2 Bdrm 1 Ba",8191087,Robert
1537497,Great Hayes Valley 1 BR (#10),3977854,Michael
1547477,Great Hayes Valley Studio (#4),3977854,Michael
1574848,Amazing Views - Priv Room,4106299,Hina
1575184,"Sunnyside Cinema: King bed + 2 twin, 2 desks, yard",3495261,Miles
1578597,The Skyline Suite (w/ Kitchenette),8390846,Joel
1584021,"Unwind with a BBQ at a Cozy, Stylish Mission Home",339788,Brett
1589228,Newly Modernized Home from Home,8478388,Claire
1605483,"Cozy Blue Room: Haight, Central SF!",1125797,Siobhann
1606292,Great Hayes Valley Studio (#3),3977854,Michael
1614622,Great for Business Travelers - NOPA,2343472,Sal
1623609,Private suite - in vibrant Mission,8633891,Ingrid
1629330,Enjoy luxury condo in San Francisco,4895196,Tomasz
1633173,Private San Francisco Suite,8676376,Herbert
1633225,Room with spectacular Bay views,8676376,Herbert
1633933,"Sunny, Spacious and Modern Loft in Haight Ashbury!",484257,Jean-Michel
1637487,Charming Flat near Dolores Park,2372714,Ramona Alexandra
1641060,West Portal Private Suite!,6869592,Sharon
1645724,Private bed/bath: 5 min to metro,1686240,Grace
1665516,Explore Golden Gate Park from a Sunny Garden Guest Suite,3071180,Adam&Roz
1672055,"❤️Fantastic Luxury Penthouse Apt, Panoramic Views",262875,Paul
1673011,Stunning Home above Dolores Park w/Sweeping Views,8856312,Drew
1673777,Studio Apt in Alamo Square,8860167,William
1687330,Home Away from Home,6954280,Jonathan
1725833,"Sunny Waterfront Condo, South Beach",9095863,Deborah
1725853,"Modern Luxury SanFran Casa Close to GG Park, Beach",9095946,Alex & Lina
1728497,4-Bed Colorful Victorian,100800,Cynthia
1738415,Tranquil Updated Studio in Historic District,3273603,Donna
1750809,"1BR/1BA Nob Hill, Hrdwd Sunny Wifi",5479220,Jane
1752371,"Work & Relax: Large Office, Garden, Washer+Dryer!",9218238,Rico
1752552,Convenient place near GoldenGate Park comfy Rm 5B1,9219277,Henry
1759087,Modern Suite with Private Entrance,9248549,Gerardo
1762727,Sunny Garden Studio in the Castro,237849,Jan
1764449,Queen Size Private Room in Convenient Flat,2014965,Avram
1769688,Private Bath and BR in Bright Sunny NOPA Flat,4297383,Rob
1774026,"Views on Liberty Hill, near BART",7197110,Cedric
1785463,Burgundy: Bright/Clean/OCEAN VIEW+Park+3 baths,5565510,Silvana
1807493,"1bd/1ba Condo in SoMa - Top Floor, comfy queen bed",1359769,Tom
1814061,"Modern, central to everything; Noe Valley pvt flat",820856,Dave
1827638,Stylish 2br/2ba Mission Dolores w private garden,210090,Jared
1830541,Golden Gate Park Retreat,9574679,Leticia
1841832,Beautiful Immaculate Nob Hill Condo,3192044,Aaron Christian
1851403,Sunny 2BR Retreat w/ Deck • Cow Hollow,237691,Regina
1855096,Fabulous Artist Flat in the Heart of Potrero Hill,9011470,Michael Pfeffer
1864390,Fun & Artsy 2 bdrm 2 ba Hayes Valley Hidden Gem,9686057,Kaleen
1868880,Pac Heights Home w/ Parking Steps from Fillmore St,1775917,Scott
1887206,Amazing House on a Sunny Hillside,4027973,Zak
1892360,Bright & Modern Lux 2 Bed North Beach Flat Fidi,8871779,Natalie
1892956,Cozy Room In A Great Neighborhood,9838978,Connie
1898486,"Entire Guest Cottage in Noe Valley (2 BR, 2 Baths)",9861752,Ed
1907229,Curated  Victorian for Business Travelers & Family,2345833,Raj
1914841,Garden Studio Apartment,9932058,John
1925206,"Private Suite, City Views, Garden and Easy Parking",9971829,Joshua
1928125,Sunny Mission Home & Garden Oasis,27439,Linda
1931763,Sunny Room Overlooking Charming Side Street,9999808,Matthew
1956312,"Historical Elegance 2BR Castro-Duboce, CPMC Davies",413290,Lea
1970257,Classic Inner Mission Living in an Historic First-Floor Home,7649665,Susan
1970756,Beautiful 1bedroom condo apartment home,10162964,Shelley
1979461,Walk to the Waterfront from a High-Tech Studio Flat,6744265,Todd
1985338,Soak up the Botanical Vibe at a Garden Studio in Bernal,30250,Nichole
2001534,Wonderful 3 Bedroom house-like garden flat!,10162964,Shelley
2023326,Perfectly Located Luxurious Home,7292289,Robert
2026910,Sweet Edwardian NOPA 3Bd w/Views & Parking,7096906,Bree
2042095,View that can’t be beat (1 Room in Heddy’s House),3198527,Bruce
2046807,Charming Private Studio in Mission District,8898672,Kevin
2049955,"Private, 1-Br Apt near Golden Gate Park",58930,David
2058119,Private room in Dolores Park Apt,10538306,Javi
2062696,Ocean Beach Rm Classic 1906 Mission Victorian,4843181,Nancy
2077982,NOPA garden apartment,10501924,Karen
2105840,Room w/priv. bath & kitchen in Vintage Apartment,10729940,Claudia
2111361,Civic Center Studio With Parking,10764661,Carlos
2115503,Ocean Beach - Kelly's Cove,10785430,Ant
2123469,Cozy Giants Room @Golden Gate Park,10829039,Viviane
2124182,Modern Cottage perfect for work trip or long stay,2993648,Eduardo
2130640,Family & Kids Friendly Spacious 3BR/2BA Victorian,10870100,Choon Hong
2134475,"Scenic San Francisco, Free Parking, Breakfast",10891326,Sandor
2135871,Nice Clean Furnished Room - Single Occupency,4191595,Lawrence
2139562,PARADISE AT SAN FRANCISCO,8037793,Rebeca O
2166428,Sunny 1BR Apt in Haight-Ashbury,10934623,Thien-Nga Thi
2175930,Garden Apt in Bernal,11098043,Miegan
2178509,Bernal Heights Architect's Retreat,11111526,Gregg
2182851,Spacious 1BR in Mission Victorian,10135,Jason
2188919,Large 1BR in Mission Victorian,10135,Jason
2188976,Private 1BR in Mission Victorian,10135,Jason
2198399,Roomy 1BR in Mission Victorian,10135,Jason
2203283,Quiet Harbor for your Journey in SF,8146224,Ming
2209751,"Clean, quiet and central w/garden view.",3926041,Jason
2221057,Private Beach Side 2 bedroom,11331176,Blythe
2234256,A quiet sunny  place with a view,11406448,Kurt
2236226,"N Beach/Tel Hill 1-Bed, Office Ready, Views, BBQs",11417078,David
2244652,"N Beach/Tel Hill Studio, Office Ready, Views, BBQs",11417078,David
2257205,"Oasis to relax, Surrounding views, Family friendly",11527863,Louise
2279254,"DONATELLO Hotel room, Union Square",11638127,Dave
2298930,Private Room in Large Cow Hollow Flat,2917099,Alicia
2299196,Great Hayes Valley Studio (#9),3977854,Michael
2310765,Modern Studio in SoMA/Downtown SF,11801205,Thanh
2314849,"Tranquil Marina Studio, Patio & Backyard",11820504,John
2315086,"Pacific Heights, 2 rooms & parking!",11804983,Ronald Milton
2340335,Private Bedroom Near Union Square,11182500,Daniel
2366182,"Elegant, View Property-30 Nite Min-$11,500 a Month",40148,Patricia
2371394,1886 Victorian on a Quiet Street in a great area!,2440054,Pamela
2371573,Pacific Heights Victorian,8634657,Heidi
2374361,Amazing Victorian Flat Noe Valley,12130768,Robin
2404647,Room with a View in Noe Valley,10573209,Audrey
2412158,Spectacular View Home in Noe Valley,12328050,Rae
2432104,"Clean,Cozy, Garden private room",26952,Jennifer
2460904,Modern Jr 1BR/1BA next to Waterfront. 1GB Internet,12583352,Rubeun
2468125,DONATELLO near Moscone and Union Sq,11638127,Dave
2478558,"Donatello hotel, near Moscone/Union Sq, 2 dbl beds",11638127,Dave
2483759,"Centrally-located, Walk Anywhere!",12707660,Rob
2486953,1906 Victorian in Noe Valley!,12726391,Vincent
2518781,Stylish Spacious Garden Master Bedroom w/ en Suite,672097,Christopher Scott
2538807,Safe area. Metro 12 mins to d'town. Park/EV charge,783438,Philip
2558763,Gorgeous New Victorian 2BR 1.5BA,467394,Jeannie
2559297,Modern 2BR condo w/pkg; Centrally-located!,12707660,Rob
2562034,"Walk to SF State, Parking, Quiet Neighborhood",4940456,Christine
2564006,"Big Contemporary Studio - 30 Night Min-$3,000",40148,Patricia
2578122,Sunny Victorian - Garden Guestroom,742560,Brian
2592518,Total Gem Two Bedroom Home,13272223,Daniel
2620371,Prime Location  1 Bedroom Apartment,216682,Jay
2620499,"Spacious home w/ garden, garage, Bay & city views",3010591,Antoni
2636716,Studio Apt- Close to Everything,4437415,Mario
2658295,The Donatello Hotel (Union Square),13309461,Tara
2677273,unique private getaway apartment,13707610,Roy And Patti
2683857,Charming S.F. Home: Perfect for a Couple or Family,224012,Karyn
2694526,Beach Retreat @Golden Gate Park,10829039,Viviane
2702606,Murphy bed in startup office,13830783,David
2709883,Rebbeca Lane SF CA,10043430,Nancy
2723005,"Awesome Location, Great for Business Travelers",14014782,Christina
2736358,Garden Retreat steps from Haight St,8638224,Sara
2738331,1 bdrm Haight Ashbury apt w/ garden 30 to 90 days,14011603,Flip
2739477,Home in the Castro,1783772,Brian
2783251,Russian Hill/ North Beach Garden Apartment,14235899,Ellen B
2802418,Comfortable Room With Private Bathroom,13923854,Gina
2825966,Cole Central Studio!,3071306,Joyce
2890120,Beautiful sunny Victorian home for 4 with yard,899994,James
2910159,Beautiful Apt with garden in Noe Valley,3588642,Ambrish
2912402,Private bedroom & bathroom in modern Bernal flat,1718095,Courtney
2935400,Furnished Studio Short-Term FiDi Garden View,9965793,The Twist
2936884,View flat near Dolores Park,14996912,Atessa
2939849,Sublet in a great neighborhood!,3379945,Elena
2949280,Beautiful 1bd in the Heart of Noe!,6703252,Jonathan
2950592,Safe & Quiet SF Haven + Free Parking!,243725,Alex
2965433,"Center North Beach w/stunning views, stylish decor",15068891,Sharon
2970253,Hillside Bernal Apartment w/ Easy Street Parking,3400909,Brett
2980184,At Home in the Sunset,699508,Frederick
2980416,Furnished Bright Room Upstairs - Single Occupency,4191595,Lawrence
3013427,San Francisco: City of Love - No cleaning fee!,15357373,Ding
3013520,Small studio,3509116,Monty
3015450,"Private entrance, street parking, breakfast,quiet",10374153,Inessa
3068285,Fully Private Remodeled Sleek Home in SOMA,13832870,International
3073038,Bright Castro Room: Great Location,2259758,Micki
3079929,Centrally Located Two Bedroom Victorian Smart Home,15673074,Brian
3081324,Top Floor Spectacular and Comfy Living in SF,15679486,Carrie
3081560,"Spacious, modern, Victorian Suite",15680647,Amy
3093070,2 BR San Francisco Magic/Garden/Views/Outdoor Tub,3608449,Jeannie (And Skate)
3093543,Studio with own entrance and garden views.,15732960,Massimo & Mary
3105998,Stay in a historic apt in the heart of the Mission,1456262,Justin
3112427,Star Studio in the Outer Sunset,15816020,Christina Rae
3114387,4 Bedrooms 2BA near Golden Gate Park & Transit,14482816,Julie
3115424,Sunny Apartment in Hayes Valley,5376811,Emily
3116974,Amazing Location with Breathtaking Bay Views,1445283,Carrie
3124541,Super Clean Bedroom & Bath Suite w/ Private Entry,694440,Yuca
3133266,Stylish Apartment near Historic Haight Ashbury,837274,Jay Ping
3175769,3BR/2BA Luxury Condo w/Great Views!,16103943,Jeff
3176619,Luxe Apartment in Edwardian Home with Rooftop Deck,16108021,Kathleen
3205059,Modern suite with private entrance near UCSF/Chase,417666,Vera
3221082,Garden Apartment in Sunny Glen Park,3151325,Andrea
3230459,Garden Studio Apartment,16402896,Alison
3240016,Great Duboce Park Garden Apartment (Downstairs),13973946,Sandra
3250833,Waterfront Luxury Suite at Ghirardelli Square,16443439,Joy
3257886,Golden Gate Park & Beach Getaway!,15336469,Matthew Jason
3263219,Sunny Bernal home w/ deck + garden,4346065,Greg
3290739,Marina Cow Hollow Queen Bdrm w/ Pvt Bath,930744,Alison
3311711,Mission Bedroom w/ Private bath,16722899,Rye
3325741,Sparkling Clean - Quiet and Spacious Private Suite,6777297,Robert George
3333870,Cole Valley Smart and Stylish En Suite,16831526,Nancy
3344631,Mission 2 Bdrm 1890 Victorian Quiet & Lovely St,15726799,Marc & Kyle
3354928,Charming Victorian Glamour,1423294,Tan
3391368,Magic Mission Garden Studio,17110263,Kat
3416013,Amazing Views. Close to Chase Center & Mission Bay,6884446,Emily
3442439,Spacious Bernal Heights In-law with private entry.,17349647,Joshua William
3475515,Beautiful 2BR on Union St/Pacific Heights,13832870,International
3479568,Spacious Upper Haight Condo,167143,Jessie
3486460,Great Views on Potrero-Chase Center & Mission Bay,6884446,Emily
3509878,"2-3 Bed ""HISTORIC MODERN"" nr Valencia & Dolores Pk",4152942,Clare
3512817,Room in Sunny Condo - Diamond Hts.,14766201,Tom
3520817,Luxurious Home With Expansive Views,13754306,Randolph Spencer
3563261,Charming Noe Valley Flat w/ Terrace,9699999,William Charles
3569985,Sunny 3 bed 1 Bath penthouse lush garden balcony,330231,Richard
3571735,*Updated - Bright Private Furnished Room Upstairs,4191595,Lawrence
3655811,Furnished 1 Bedroom in the Best Location,13832870,International
3664261,Quiet 2BR in Heart of SF,2555455,Max
3672198,Bright 1-bedroom penthouse with great views,10839658,Emmanuel
3689632,Union Square Luxury Suite 201,18780326,Eleanor
3697738,Luxe Remodeled Victorian Home in Cole Valley,837274,Jay Ping
3712976,"Quiet, Elegant, Everything You Need",1518236,Regina
3716504,The Buddha Room in 1906 SF Victorian,4843181,Nancy
3719923,The Gold Room & Santa Marie in SF,6081814,Nancy
3720392,Golden Gate Apex Hideaway,5020218,Kelly
3721927,Upscale Golden Gate Studio Primo,5020218,Kelly
3727061,Beautiful 3 bedroom apartment,6334749,Tim
3743219,"Noe Valley Flat, Spacious and Sunny",19145158,Meleah
3755730,Week or month rate next to bus,787947,Jennifer
3757966,Cozy Quiet Gorgeous Cole Valley Apt,17088398,Margaret
3759368,"Charming, Private Castro Garden Apt",17120264,Sung
3761446,Amazing Large Central Flat,8056326,Rob
3775090,Charming Marina Apt,3602979,Molly
3780418,Modern Studio w/Quiet Courtyard + Private Entrance,16440881,Raveevarn
3808193,Quiet Inner Sunset Apartment in Edwardian House,397255,James
3811916,Separate entrance Castro Studio,19595581,Amanda
3812931,Chic Urban Stay with View - Walk to Shops & Eats,19604086,Carter
3826407,"Sunny, Spacious 3BR with a Great View",330231,Richard
3882632,Best hip central area,3895812,Fakhry
3895335,Bright Beautiful Bernal Bedroom,1525506,Valerie
3906145,Beautiful loft central hip area,3895812,Fakhry
3907307,"Sweet spot in the Haight, central",3895812,Fakhry
3994686,Modern Potrero Hill Apartment with a Patio,10374314,Dave
4022209,Hotel Pac Hgts King Free Car Park#B,20850212,Young
4022990,Hotel Pac Hgts 2 Bed Free Car ParkB,20850212,Young
4023585,Warm cozy home near coast & easy access to all sf.,131802738,Doris
4026354,Cozy 2 BR + Nice Ocean View+parking,20860681,Lai Ha
4059549,Hotel Pac Hgts 2 Bed Free Car ParkC,20850212,Young
4061312,4BR Flat in Awesome Cole Valley,5240472,Ted
4093967,Magical San Francisco/Garden/Views/Outdoor Tub,21235826,Jean Caroline
4097700,SWEET Suite BAKER Street hosted by Sweet Caroline,3594968,Caroline
4100473,Large Alamo Square One Bedroom apt,8860167,William
4103906,"View house 1 Room 1 B, Potrero Hill, easy parking",4221614,Rys Family
4105892,Magical San Francisco/Garden/Views/Outdoor Tub,21235826,Jean Caroline
4106442,Cozy SF Garden Apt/ Private Patio 31 days +,21269104,Samantha
4110344,Hotel Pac Hgts Queen Free Car ParkA,20850212,Young
4144343,Large Victorian in the Mission,21499033,Jennifer
4152054,Ocean Front Surf & Sandy Beach View,21542156,Susan
4157192,Hilltop House Guest Suite with Stunning View,8990678,Wei
4157431,Spacious 1 BR / 1 BA Living in Russian Hill,21573904,Sultan
4184406,Sunny Victorian - Bay Window Room,742560,Brian
4191242,"Top of the Telegraph Hill,  1 BR",6390702,Leo & Veronika
4191459,"Chic & Peaceful Home in Quiet, Secure Neighborhood",2601426,Michelle
4243837,Beach Cottage,21915488,Mary
4250927,Peaceful Noe Home with Office and Patio by 24th Street,22058927,Andrew Michael
4252808,"Charming Garden Apartment, Steps From The Beach",3059177,Heather
4269254,Perfect getaway near Japantown,12798531,Marjorie
4277696,Centrally Located Victorian Smart Home Share,15673074,Brian
4280408,"Oasis to relax, Sunny with Surrounding Views",11527863,Louise
4287481,"Spacious Apt, Golden Gate Park/UCSF, Parking Incl",357468,Rumesha
4302138,"Ultra-modern, luxury apt in Central Richmond Dist",19799378,Jeff
4305042,Welcome To Your Perfect San Francisco Getaway,22347599,Joel
4335379,Cozy SF Glen Park 3BR/2BA home with a view,22510974,Mike
4343722,1 BR w  Rooftop Deck & Gym - SF Life Real Estate,1257432,San Francisco Life
4359078,Hotel Pac Hgts 2 Bed Free Car ParkD,20850212,Young
4378102,"Beautiful, central,hip area Haight",3895812,Fakhry
4402199,Chic Jr. Studio Pacific Heights Victorian Home-pvt,20169016,Springer
4416566,Spacious 1BR w/ Panoramic Views and Terrace,19935364,James
4417901,Queen Bed Private Room @Fun & Social Hostel#1,22931450,Kevin
4429475,Two blocks from UCSF - newly renovated home,356625,Mike
4429527,Cozy & quiet 1BR in West Portal,7813710,Selim
4445540,"Sophisticated, Moody 1 BD/1 BA Apt w/ City Views",23071835,Jason
4464347,Female 4 Bed Dormitory at Social SF Hostel,22931450,Kevin
4470873,Peace House In-Law,23195770,Celia
4476390,Executive Suite in Bernal Heights,5215262,John
4477314,"Classic, grand 3 BR Victorian in Nopa",2040336,Toby
4518031,Dorm Beds at Social SF Hostel #2,22931450,Kevin
4533440,Comfortable Room in Artistic Condo,18818082,Antigone
4533652,Cool Suite in Bernal Heights/Outer Mission,16884266,Cc
4549330,2 Bedroom apartment in NOPA,475974,Ari
4550843,Perfect Garden Apt - Laurel Heights,6341317,John
4558566,Stylish parkside Victorian in Mission District,1937186,Omar
4575906,Cozy single bedroom #1,23719876,Mingjing
4576076,Nob Hill cozy single bedroom #4,23719876,Mingjing
4576288,Wonderful PVT. Room#3,23719876,Mingjing
4576487,Cozy PVT. room in Richmond #2,23719876,Mingjing
4588670,Beautiful Top Floor Studio,11693129,Ashur
4597675,* Spacious  Room / Private Bath & Deck*,5026313,Elena
4598364,* Beautifully Furnished Room with Private Deck*,5026313,Elena
4607282,SF 2 BDR 1.5 bath Flat w/Ocean Views parking,7895922,Roselyn
4614763,San Fran Zanadu: Garden Guest Suite-Parking avlb,75978,Del
4616040,Recent Remodeled Garden Studio Condo Home,10162964,Shelley
4616596,Relax in Style in Mission Victorian’s Serene Garden Studio,21499033,Jennifer
4617719,2BR/1BA Modern w $25/day parking option cars <17ft,8515925,Garland
4631873,Hotel Pac Hgts Queen Free Car ParkB,20850212,Young
4632133,Hotel Pac Hgts King Free Car Park#A,20850212,Young
4650391,Venetian Room in San Francisco,4249288,Annria
4653332,Sunny 1BR Apt in Noe w/ parking,4237211,Nathan
4663060,Peaceful Noe Valley private space near everything,10924383,Mark
4663132,Zen Noe Valley 3+ Bedroom Home w/ Dramatic Views,10924383,Mark
4701489,SF Hotel Studio: Union Square Gem!,22267033,Jennifer
4713319,Dogpatch Gem Apt Parking Included!,197237,Lynn
4718629,Single Small private 1br 1ba no clean fee!,2683422,Josh
4748287,Blue Room retreat.,1776403,Natallia
4807817,Best part of bernal,24708935,Dallas
4825026,Home + Office + Parking + 15 Minutes to Downtown!,204288,Theresa
4838843,"Large, Beautiful Flat in Cow Hollow",2917099,Alicia
4879719,Cat-Enabled Country Living in San Francisco,82904,Michael
4880988,Gem in the Colorful Castro District,878114,Audrey
4887475,Small Private Two Bed Room @ SF's Best Hostel #1,22931450,Kevin
4892016,3 Bed Pac Heights:Free Car PrkingA,20850212,Young
4896087,Charming Russian Hill - Junior 1BR Basement Apt.,25196982,Nikolas
4959980,"2BR Sunset Suite, free SF Zoo passes",25419840,Tali Tatiana
4987668,Petite room in a Vegan Mission Penthouse,16382,Mark
5005692,Nob Hill cozy single bedroom #3,23719876,Mingjing
5025420,Nob Hill cozy single bedroom #5,23719876,Mingjing
5027016,Cozy Studio by Beach & Golden Gate Park,25943995,Dan
5031660,Nob Hill cozy single bedroom #2,23719876,Mingjing
5031745,Nob Hill cozy single bedroom #1,23719876,Mingjing
5037937,"Large, 3 level, 4 bedroom HOME",4884811,Janet
5039986,Nob Hill cozy single bedroom #7,23719876,Mingjing
5086367,Semi-Circle Modern Room / Private Street Entrance,5026313,Elena
5114942,WORLDMARK San Francisco,85132,Sanford Sandy
5117701,Go from City to Serenity in a Centrally Located Condo,1671976,Stefan
5123765,"Historic Marina Flat w/ green view, garage parking",11269874,Derek
5144482,Gorgeous & stylish unit w/parking,8146166,Michelle
5154242,Private room at San Francisco,26653520,Annie
5195922,Spacious Private Room in SF,26653520,Annie
5196070,Private room inlaw in san francisco,26653520,Annie
5196116,Spacious inlaw in San Francisco,26653520,Annie
5196233,San Francisco Private Studio,26653520,Annie
5217164,Private and cozy 3 room In-Law Garden apartment.,26991996,Dale
5242394,Private Cozy Studio Flat  4U!,11997544,Margaret Frances
5251589,Penthouse Dream: Luxe Views in Iconic North Beach,27114454,Jennifer Faye
5253001,"South Beach Condo Loft, 2 Car Parking, Deck + AC",988375,Jennifer
5272750,Triple Private Room @ Fun & Social Hostel#1,22931450,Kevin
5327231,NEW! Stylish and Best Location In Pacific Heights,306980,Stephanie
5413930,Classic 2BR/1BA  Apt/Main Flat in House/Mission,24153978,Doris
5443493,"Beautiful Cottage, hot tub, in great neighborhood",14170355,Cory
5480795,Hotel Pac Hgts 2 Bed Free Car ParkE,20850212,Young
5505643,21st-Century Castro Bordering Apartment With Roof Deck,16968890,Guillermo
5522423,Sunny apt in North Beach,5029119,Jessica
5547500,1 Private Bed & Bath w/ Castro & City Views,23071835,Jason
5557316,Tri-Level 2BD/2.5BA SOMA Condo w/ City View,10103567,Guillaume
5560256,Beautiful shared apartment,6334749,Tim
5561787,Lavender Studio: BRIGHTClean/Park+3 baths,5565510,Silvana
5572169,Primary Suite Golden Gate Bridge view Private Deck,930744,Alison
5581254,"Modern 2BA Oceanview, Garden, Easy MUNI access",5516215,Kesinee Angkustsiri
5592675,"Marina apt w/ private garden, 1 block from Bay",28996560,Ottorino
5592754,"Luxury lower flat Marina, 1 block from Bay",28996560,Ottorino
5619003,One Bedroom available for rent,6062018,Elaine
5632275,PRIVATE 1BR  FLAT w/ PATIO - heart of sunny Noe,20672353,Sarah
5632452,Charming in law unit in Inner Sunset at UCSF,20497687,Ilya
5650515,Safe+clean+Parking+Ocean View 3 Bath Copper Studio,5565510,Silvana
5666413,Nob Hill Hideaway 1,13471395,Joshua
5666454,Nob Hill Hideaway 3,13471395,Joshua
5707532,Modern Charming Pacific Heights Home Best Location,2799894,Hunter
5788099,Spectacular Telegr. Hill Townhouse,30031657,Walter David Gower
5821380,2 bed 1 bath Mission Flat w/ Yard + Free Parking,3131531,Monica
5861266,SUPER Master Bed En-suite @GG Park,10829039,Viviane
5933430,Beautiful 3 bedroom with garden and PARKING,1808969,Sean
5944989,Ritz-Carlton Club San Francisco 2BR,30857973,Travel En
5945396,3BD Ritz-Carlton Club San Francisco,30857973,Travel En
5945812,1BD Ritz-Carlton Club San Francisco,30857973,Travel En
5955398,"Work from home 3BR, with 3 desks",1257432,San Francisco Life
5970639,Knockout Panoramic View 1 Bedrm,5153588,Gaylene
5970775,"Spacious, Quiet Room",5153588,Gaylene
5978964,Classic Car Room ~ Excelsior Dist.,31039935,Tamara Sue
5998790,Bright bdrm in lovely Bernal Home,16745765,Ewa
6006768,Private Charming Garden Guest Suite Presidio Hts.,26870698,Mimi And Mosh
6015077,Amazing Beachfront Incredible Sunsets 3 bdm/2 bath,30853035,Catrina
6072767,Beautiful in-law type unit with ocean views,31521801,Katherine Foster
6091945,Large Room in Residential SF Home,31607663,Ximena
6092049,Complete Separate Suite at Castro Oasis,31615642,Dan
6092596,Mission Dolores Suite,31603026,Marc
6107258,3 Bed Pac Heights: Free Car ParkingB,20850212,Young
6117147,"Cozy, private, ocean-side rental w/garden+deck",6872494,Diane
6119086,Mission Apartment,31747421,Brian
6145605,"Comfortable, Stylish Studio with PARKING! Safe!",1196837,Heather
6154096,Luxury & Location: 5 Star San Francisco Experience,31868678,Cynthia
6156195,Brand NEW - Prime Castro LOCATION,31936468,Kevin
6169292,Hotel Pac Hgts 2 Bed Free Car ParkA,20850212,Young
6188428,SF Bay Views Waterfront 2 Bdr Apt-Fishermans Wharf,30069369,Jayna
6238514,Noe Valley 2 bedroom retreat,6249565,Michael
6245649,Blake & Sara's Ocean Beach Pad,23982718,Blakely Fraser
6269649,Quaint Garden Apt @Golden Gate Park,10829039,Viviane
6272183,Cozy Studio by Golden Gate Park,32300861,Elizabeth
6301675,Urban Oasis in the Heart of SF,32546924,Artie Alexander
6316753,female Hosts easy parking laundry near market bus,22402,Jia
6329340,Beloved San Francisco,15357373,Ding
6329731,Love San Francisco - No Cleaning Fee!,15357373,Ding
6335352,Beautiful Victorian Home in Noe Valley,580236,Vladislav
6336315,Edwardian Condo Centrally Located,5836827,Robert
6344096,"Large room, convenient location /w views, parking",3588642,Ambrish
6348742,Cozy 1BR Noe Valley apt (30+ days),17187571,Lloyd
6360976,Quintessential SF Russian Hill 2BR Apt with VIEWS,25196982,Nikolas
6373849,"Modern 1BR near FiDi & Union Sq., Unit 1 Furnished",9965793,The Twist
6374167,Lovely Private Room,33217272,Joanna
6376338,"Mid-Century 4 Bedroom/3 Bath, Parking",33232844,Richard
6423158,Mediterranean style private studio,33511564,Alice
6430646,"Room in Elegant, Private, Serene House with Beautiful Furnishings",4098848,David
6435497,"Amazing views, Private Floor, 2bed, 2bath",930744,Alison
6453774,SF Hotel Studio: Union Square (1),22267033,Jennifer
6472998,Potrero Hill Private BR in a 3BR,4110058,Tom
6473013,Potrero Hill Private BR in a 3BR,4110058,Tom
6473215,Potrero Hill 2 Private Bedrooms,4110058,Tom
6494663,Comfy Room A with private full-bath in Parkside,33948993,Paul
6505426,Noe/Castro 1BD Hideaway,18949688,Jeff
6512986,Hilltop 2BR Apartment with Stunning View,8990678,Wei
6516295,Spacious SOMA Loft w/ Parking,34074805,Eriem
6522477,Mission/Noe Valley - Katz House Rm 3of3,7212456,Christine Anne
6523507,Hand Crafted Cottage,6777981,Sebastian
6526129,BEST LOCATION SEPTEMBER Sublet FILLMORE ST,2971941,Amy
6526344,One bedroom in a 2/1 Mission Apt,11053358,Jared
6529234,SAN FRANCISCO STUDIO,8077748,Adrian
6557736,Comfy Room B with private bathroom in Parkside,33948993,Paul
6628985,Classic Studio Lower Pac Height,2686174,Sylvie
6648062,Modern View Home with a Private Deck,34799523,Mari
6649234,SF Hotel Studio: Union Square (5),22267033,Jennifer
6653474,Beautiful Garden Studio in heart of Nopa,475974,Ari
6684182,"Grand 1868 Victorian, Family-Friendly w/ Hot Tub",5042067,Shea
6702058,Tranquil Cottage in Mission Gulch for Month-Long Stays,5593828,Katherine
6705522,Spacious 4BR Flat in San Francisco,31224596,Vladimir
6713990,Comfortable Artistic Condo,18818082,Antigone
6730473,Penthouse apartment w skylights,10501924,Karen
6747672,"Quiet, Contemporary Castro 1BR",17085862,Jack
6748645,Sunny Art-filled Noe Valley Views!,3109494,Margaret
6749412,"Beautiful Potrero Hill Apt, Parking",4221614,Rys Family
6798145,NEW! Stunning SF Avail  MasterRoom ~ 5 Mi to Dtwn!,35509920,Nancy
6836411,SF Hotel Studio: Union Square (4),22267033,Jennifer
6836785,Mission Studio next to Everything!,727246,Erika
6836928,Huge & Sunny 3 Bedroom Loft w/ parking 30 day min,4486349,Pegah
6883183,Elegant Union Square hotel room,23593310,Meimei
6884320,Modern Eclectic 1-Bedroom Victorian,35673371,Laura
6884454,"Lux Large 2BR, Separate Entry, New Renovation",20037498,Vadim
6885422,Lovely bright home in best location,335127,Irene
6886839,Top Floor Artist Retreat w/ Woodburning Fireplace,3275513,Lauren
6887043,"Spacious apartment with pkg, steps away from Muni",5639050,Marc
6898334,Condo in Pacific Heights/Cow Hollow,24157036,Angela
6915497,Sunny 3BR SF Mission Pad w/ Garden + Deck,36237660,Rebecca
6934867,Spacious 3BR Home by Beach and GG Park,25943995,Dan
6934874,Beautiful SF 2BR w/ Ocean Views,25943995,Dan
6938818,Best Secret in Town,36381578,Harris
6940354,Private Room in Beautiful SF Home,31607663,Ximena
6957662,"Modern, high ceilings, with private garden.",36481063,Gary
6970746,Serene Space near GG park and the Presidio.,36470371,Laurie
6973383,Female host Laminate floor spacious lockable,22402,Jia
6985131,"Cozy, Garden Secure Private Entrance Room & Bath.",36060750,Grace
7003729,"Cow Hollow Sunny, View Home",819048,Nicole
7004802,"2 br sunny apartment, heart of SF",10534054,Thomas
7007759,Rooms with private entrance 独立一房一厅,36734328,Winni
7009791,Private Room in Beautiful Edwardian near GG Park,58930,David
7027139,☆BEACHSIDE/PARKSIDE LUXURY SUITE☆,34592529,Vee
7028127,2000sqft 4BR Mission Victorian Flat,17536951,Rob
7034114,Spacious and Sunny Noe Valley Gem!,8280568,Barbara
7035672,"BnB of Bianca: Private Studio, View, & Parking",36886391,Kyle
7068804,Cheerful spot in Ingleside Terraces,3248180,Sally
7072662,1Br with Queen in Alamo Sq,4186016,Nathan
7073115,"Queen 1 Guest, SFSU, Stern Grove, Pvt Bath & Entry",11609628,Isaac
7086626,"Full, SFSU, Stern Grove, Pvt Bath & Entry for Solo",11609628,Isaac
7093018,Cute part of the city near Bart,37176998,Chelsea
7146663,Studio Suite at The Donatello Hotel,37425993,David
7162627,Great Hayes Valley 1 BR (#5),3977854,Michael
7180020,"Near Moscone Ctr, Privacy with Style the SoMa Loft",37614518,Cleber Jose Martins
7181655,"Newly avail. 4BR SF house, top loc, 3 park",37624778,Eric
7182761,Private Suite in stunning Potrero Hill,17331617,Brendan
7202063,Warehouse-Style Condominium on Mint Plaza,789091,Dustin
7220035,Sweet Studio on Charming Court,37797558,Mary
7227910,Pacific Heights View Penthouse with Terrace,32169668,Kimberly
7292878,Bernal Heights Nest -Top Location!-,7407016,Jane Ivory
7309811,Loft tucked away in the heart of SF,601627,Erik
7327920,Hilltop Hideaway Light Filled Apartment Potrero,29638077,Katie
7331464,2br-1ba private guest-suite in Noe Valley,32687481,Susan
7341076,The Bloomsbury Room,4249288,Annria
7342996,Mission/Noe Valley - Katz House Rm 1of3,7212456,Christine Anne
7343245,Elegant 4Bd/2Ba Italianate Victorian,5694640,Susan
7345170,Mission/Noe Valley - Katz House Rm 2of3,7212456,Christine Anne
7348398,Unique Castro Neighborhood Rental,38498758,Michael
7386838,Huge Luxe Loft•Bay Views•3BR•Dogpatch• 15 min SFO,26325096,Grace
7393518,"Bright Modern Studio near Flower Mart, SoMa",37191616,Diego
7412555,Beautiful Views in the Heart of SF!,5122758,Sangeeta
7421008,Nopa Oasis,33686673,Fiona
7436608,Marina District Apartment,38956179,Matt
7459988,City & Bridge Views Rincon Hill 2BR: Open Jan 21th,1188065,Josh
7562249,Upscale Oasis in Classic NoPa Victorian Grand Dame,33592967,Katherine
7581918,A Marvel in Mount Davidson,39753874,Rani
7596529,"Modern Oasis, Heart of the Mission",9233155,Jonathan
7612118,Pacific Heights Grand Victorian Top Floor Kitchen,20169016,Springer
7650309,Lake Street Apartment at Presidio Park,128158942,Diego
7689528,Spacious Marina Condo Steps to Golden Gate Views!,4037393,Cindi
7699276,Stylish 2-BR Private Bath | Central SF Castro NBHD,40419188,Matthew
7699910,2BR Apartment in SF's best neighborhood,38956179,Matt
7715542,Cozy guest studio in Russian Hill,40534191,Michael
7715861,2BD Ritz-Carlton Club San Franciso,30857973,Travel En
7754018,Union Square Hotel Studio (4),22267033,Jennifer
7764531,Clean & Central Classic in Duboce Tri (2BR+Office),4202870,Jinsoo
7785897,Sunnyside Bayview Heights Suite,40970701,Karla
7808104,"Hummingbird Mural House, quiet Mission Dist Alley",41102404,Nat
7841744,"Elegant condo w/ office  near parks, museums",5717060,Suzanne
7842771,"Sunny, Russian Hill Flat",33688991,Holly
7845599,The Ugliest Dump In The World,13320132,David Sean
7884875,"Bright, Stylish 2 Bedrm Home, Castro, City Views",23071835,Jason
7923146,Sunny 2b/1b with great Bay views!!!,41781093,Virginia
7930461,Modern suite with private entrance & bathroom,900661,Justine
7933807,Comfy 2 bedrooms 2 bath + free parking in Parkside,33948993,Paul
7963103,SF Hotel Studio: Union Square (7),22267033,Jennifer
7968749,Penthouse apartment with stunning roof deck,37731842,David
7973781,Victorian 2 BR Walkable to Mission St & Bernal Hts,42080752,Carl
8005452,Noe Valley large 2 BR top floor Victorian,42265555,Eugene
8054733,Cozy Studio in Cow Hollow/Marina,42540814,Vivian
8068539,Modern 3Bd Edwardian Renovated Flat,10162964,Shelley
8082364,Upgraded 2BR nestled in Back Garden,6390702,Leo & Veronika
8117667,Perfect Location! Private bathroom too!,6299109,Roberta
8119395,Grand 4-Level Painted Lady Victorian with Parking,3442905,Simone
8155586,CASA ONO: 4bd/3ba AmazingView/Luxury/Free Pkg/Cozy,39041682,Jose Jay
8164773,Pristine Studio by Golden Gate Park (30 day disc.),43094128,Humaira
8167459,Garden Studio - Private Entry - Near Ocean Beach,42713588,Michelle
8184928,Beautiful Potrero Hill Apt. Parking,4221614,Rys Family
8186958,Beautiful flat in great location,40702493,Hallie
8202578,SF Hotel Studio: Union Square (3),22267033,Jennifer
8208052,Five Star Luxury Condo Civic Center/Hayes Valley,43282341,Bihai
8221207,Garden Suite/Private Entrance/Bernal Heights,42995477,Tietjen
8255072,"Lg bedroom with bath, very private.",32206317,Lawrence
8270952,Bamboo Bungalow -  Cozy &  Most Convenient,43611629,Bruce
8271855,Victorian garden apartment,43590469,Jacob
8272458,Perfect flat for travelers in peaceful Noe Valley,19364894,Rafe
8275435,Habitually Chic,10971966,Spain
8275596,"SUnnyside Suite- w/private bathrm,entrance & patio",23621923,Rebecca
8287266,"Explore Vibrant Castro from a Peaceful, Baby-Blue Victorian",43695190,Alexey
8306331,HUGE 4BR/2B Lower Pac Heights Flat,43787239,Tina
8309401,Large Suite in Victorian,10501924,Karen
8344020,3 minute walk to Dreamforce - Moscone Center,1132678,Lily
8351923,Cozy Garden Unit,8146166,Michelle
8382187,"In-law studio, wet bar, near beach",44172059,Ludmela
8464365,Spacious room in a Noe Valley condo with a view,2846262,Sergio
8472927,Spacious charming 1 bedroom suite!,28932312,Liliya And Alexander
8474183,"Urban retreat + Parking, minutes to UCSF MB & more",26860112,Jonathan
8489712,The V - An elegant modern studio,44713280,Nathan Edward
8500048,"Beautiful, Stylish apt. near UCSF & GG Park",1371443,Brandi
8556635,Large 2 story home in SF,45040916,Alan
8557304,Beautiful Mission District Flat,13526095,Kelli
8568826,Home with view and free parking,34799523,Mari
8578964,Gorgeous Loft with Amazing Light in SOMA,7137924,Sandy
8584000,"Chic, Bright & Airy in Hayes Valley",5580766,Amy
8592609,Sunny Noe Cottage with Panoramic Bay View,1678230,Hiu Yu
8627179,Tri-Level Modern Loft in SOMA,8106221,Collin
8653346,Remodeled Classic Condominium Comfort near Duboce Park,31380175,Michael Scott
8717641,Beautiful Private Garden Apt. Nr. Golden Gate Park,2597104,Toni
8735636,Beautiful Russian Hill Flat,45832439,Kathleen
8760949,1920s Modern - Sunny 2 Bedroom on Valencia Street,2354516,Brian And Jackie
8799100,Guest Victorian · Garage · Hot Tub · Mission/Noe,46107941,Robert
8800012,SF Union Square: 2 studios in upscale Hotel!,22267033,Jennifer
8864274,Classic Elegance Pacific Heights,46398210,Jennifer
8869066,Noe Valley Victorian guest suite,46423886,Andrew
8886022,Sunny Corporate Rental in Trendy Valencia Corridor,46495135,Matthew
8904047,Cozy Apt Near Dolores Park & Mission,46574267,Amy
8926150,Remodeled 1 Bedroom-Great Location,46677062,Dave
8974563,Nice room in a 1890 Noe Valley Victorian,21196676,Craig
8987674,Peaceful Bedroom with Private Deck in Pacific Heights,14003785,Pamela
9021715,Charming 1884 House Lr Pacific Hts,47100471,Remi
9051149,Great Castro location,47224934,Elmer
9075976,3 BR Home by the Beach with Sunset Ocean Views,47334459,Read
9110654,"Sunny, family-friendly and charming",2078214,Jennifer
9119249,Inn at the Opera Hotel Room,47514427,Jeffrey & Susan & Bryce
9127072,"Large, Sunny and Private Room in Noe Valley Flat",2630653,Ben
9150562,Private Room in Ingleside nearby SFSU,1282404,Michelle
9187534,SF Mission Home Away form Home: Work/Family,3116172,Audry
9196933,Private Entrance Hidden Gem on Quiet Terrace,25276846,Deborah Lapp
9197404,Mission Oasis Home Away From Home,7281723,Shawna
9256506,Private Rooms in Modernized 1890s Victorian Home,14003785,Pamela
9261548,SPACIOUS & REMODELED VICTORIAN,21418699,Marisol
9275385,"Inn at the Opera ""Opera Suite""",46879173,Thomas N.
9293284,Russian Hill 1 Bdrm w/Outdoor Space,48249770,Kathy
9296524,Private Lux Studio Apt. W Garden/Hammock BART,8803470,Constance
9316584,WORLDMARK San Francisco (Downtown),85132,Sanford Sandy
9328077,Condo with Stunning Views & Parking,653275,Annie
9364688,Modern Junior 1bd/1ba near Cal train/SOMA,13832870,International
9433478,Lovely Modern 2 Bedroom-Location!,48895257,Rad
9463113,Super Cute Inner Richmond Room #6,23719876,Mingjing
9477823,"Spacious Master Bedroom, King Bed, & Private Bath",44679401,Alek
9488665,Spacious Victorian in Lower Haight,30597445,Lloyd Campbell
9489347,Nopa Victorian,2116156,Rob
9593326,Monthly Room in Big Modern Furnished 2 Bedroom,340977,Jonathan
9605720,Retro-vibe Chinatown condo with SF skyline views,8097561,Adriana
9611854,Modern Outer Sunset One Bedroom (30 days min stay),49730892,Chi-Ai
9631802,Central location suite w/ private bathroom & yard,49813680,Ruoxu
9650878,Lower Haight/NOPA/Parking/King Bed/Private Bath,65643340,Elliott
9695480,Spacious + Luxurious 3BR/2BA Near Golden Gate Park,21199285,Diana
9716652,Basic Double Room with Shared Bath,50160697,Ver
9717679,"Gorgeous,central,rooftop,spacious,private",11234411,Thomas
9735841,San Francisco Lovely Place,44134050,Olivier
9841955,Urban Artsy Studio in prime Nob Hill,611268,Puja
9844630,Large room w. pvt balcony & ensuite,1902653,Justin
9903046,Huge 4BR/4BA Modern Mission Home with Deck & Yard,7231087,Graham
9905129,Sunny Cole Valley Home - Easy access to GG Park,15318952,Elizabeth
9909627,Gather Round the Fire Pit at a Period Russian Hill Flat,50955056,Ron
9910056,Charming Apartment in Potrero Hill,4467464,David
9945149,Cozy Studio Apt in Presidio Hts,10162120,Doug
9949873,Large Master Bedroom in large modern 2 story home,45040916,Alan
9971053,2 BR 2BA condo with view of city w/ garage parking,9630766,Clint
9974744,Relaxing 3bd Victorian with Garden in Mission/Noe,733751,Julie
9990865,Prime 3BR Flat in Central SF. Perfect for groups!,40419188,Matthew
10058059,Charming cozy condo in Noe Valley!,27460984,Elyse Rebecca
10058568,Classic Architecture with Modern Design in City Center,31021771,Ryan
10067187,1 Queen bedded room w/full bath,51659350,Julian Wesley
10071349,Nob Hill Studio,38836,Bernat
10099733,2 Twin beds with a full bath,51659350,Julian Wesley
10103881,CONDO 2 BEDROOM AMAZING VIEWS!!,23918094,Nadine
10105531,Minimum 30 days: Studio Rental by Dolores Park,9776019,Don
10126146,2BR Flat in Marina: Modern Like New Chestnut St,51966852,Bob
10136690,"Private bed/bath sleek condo, Licensed",33775079,Roham
10149591,Inn at the Opera Hotel Room,47514427,Jeffrey & Susan & Bryce
10156101,Hotel 2 bathroom suite for four,47514427,Jeffrey & Susan & Bryce
10164802,Inn @ the Opera,52178915,Jim
10227655,Large classic 2bd/2ba full-floor Richmond flat,52558265,Tim
10280573,Mission Private 1BR/BA Garden Suite Separate Entry,50292803,Bradley
10281987,Guesthouse Private room,31607663,Ximena
10282326,Ste 1502-1 Queen Bedrm & Living Rm,51659350,Julian Wesley
10282371,Ste 1408-1 Queen Bedrm & Living Rm,51659350,Julian Wesley
10344354,SF-  Glen Park- Newly updated WFH station,53240585,Ashley
10347570,"Spacious loft-style guest suite, Upper Noe Valley",8541411,Vidhu
10362654,Luxurious SF condo,28651428,Susan
10382015,Beautiful Victorian House in Bernal Heights,2789618,Joshua
10393552,Studio at Donatello Hotel near Union Square,47514427,Jeffrey & Susan & Bryce
10427768,Guest Suite in Hayes Valley Victorian Apartment,14001076,Margaret
10431578,1br. Garden Retreat (Russian hill),12703126,Jeff
10437411,Haight Ashbury Painted Lady Studio,3044795,Matthew
10454172,Clean and Cozy 1BR Noe Valley Private Home,53861511,Pete
10454632,The French Victorian - Garden View Room *Bay Views,2059233,Wendy
10455934,Sunny Studio in Mission Dolores,1260540,Ben
10455995,Private Room & Bath with Bay View,1031577,Mark Beattys
10458279,Hilltop Home w/ Panoramic Views,14816525,Brooke & Karl
10469182,Cozy Garden Studio - Private Entry,34963239,Landy
10477007,SF Hotel Studio: Union Square (8),22267033,Jennifer
10502323,Midterm Rental 30-60 days Outer Richmond Apartment,54149759,Chuck And Katie
10550345,Club Donatello Union-Square,215446,Jacob
10567595,Private room in modern single family home,45040916,Alan
10572287,Full flat with bay & downtown views,54535159,Tricia
10577391,Donatello Hotel_,52178915,Jim
10578137,2+ BR  Home in Noe Valley for 5,1097396,Danna
10617542,Great location in San Francisco,31607663,Ximena
10632584,"Charming Bernal house,  pet ok,  yard & parking",10313206,Jennifer
10634387,"3 bedrooms on quiet top floor w/hot tub, views",9194713,Lance
10661953,Elegant Victorian Bedroom in Mission,17536951,Rob
10681956,"Private In-Law unit, 2 bedroom/2bath",55065227,Amal
10698325,Bernal Heights In-law apartment,18101174,Paolo
10729994,Artsy Mission Dwelling in a great neighborhood,7719339,Robin
10747219,"Private & Quiet, 1 BR Apt. in Russian Hill",53307355,Supada
10749747,Mission Terrace Garden Suite / Balboa Park,1563282,Linda Stark
10750598,3 bed / 1 bath apartment.,1991623,Thomas
10752189,Large Charming Studio with View,55593872,Ilya
10789339,Russian Hill condo panoramic views,4001073,Hosein
10806778,NON-SMOKING  NON-SMOKING    V-Large  2BR Apartment,51089417,Frank
10810544,NON-SMOKING  NON-SMOKING        SUNNY    1- BR Apt,51089417,Frank
10812630,"Sunny&Convenient SFH w/ Parking&Yard, A+ Location",55983066,Cindy
10823468,"Fairmont-Managed 2-Bd, 2-Ba Condo @ Ghirardelli Sq",56042290,Steve
10828944,Hayes Valley Victorian Home,2513762,Trey
10829828,"Sunny, beautiful & spacious San Francisco home.",56076559,Deborah
10832295,Charming Family Friendly NOPA Flat & New Hot Tub,1745806,Andrew
10835637,Hayes Valley Victorian Courtyard Room,2513762,Trey
10862977,"Pacific Heights Elegance W Views 2bd/2ba, Parking",13832870,International
10864914,Furnished Victorian 1BR in NoeValley/Mission,46596909,Nadya
10876562,City Dreamscape: Castro Condo Stunning View & Deck,56349454,Madison
10897864,Charming Jr 1 Bedroom Cow Hollow Marina.,56475702,Russ
10905721,Designer Garden Suite by Golden Gate Bridge & Park,15259486,Danielle
10925833,Darling Twin Peaks Home with Private Back Yard,56637099,Eric
10930490,Private Suite with Sunny Bedroom,4123854,Devanshu
10968239,Sunset Suite near Golden Gate Park & Beach,56899803,Kathy
10968324,Cozy modern stay | Private parking,49971211,Baosheng
10974118,cozy private bedroom and bathroom,56937224,Leonid
10985925,"Sept 27-30. North Beach 2 Bedrooms, 2 Queen beds",24378496,Trenten
10989099,Charming Cole Valley Victorian,57430925,Michael William
10992778,Modern Luxury with Golden Gate Views (12 mo. min),22649166,La Familia
11021711,"Noe Valley Garden Retreat | Yard, Views & Fire Pit",10633657,Catherine
11037546,Best View in San Francisco,43027187,David
11048190,Mission District San Francisco,56785572,Paul
11152754,Bright Spacious Comfortable Room -Single Occupency,4191595,Lawrence
11163298,"Quiet, Relaxing House Close to BART Station",27292887,Valerie
11185685,Mission 24th St - 2 BR Apartment,38836,Bernat
11190379,Private Telegraph Hill Oasis,4152724,Phillip
11191951,Private Entry En-Suite in Geographic City Center,26700255,Jeffrey
11228828,Luxury Condo in Prime SF location,58526721,Armida
11241173,Sunny Room w/ Private Bathroom,237659,Niya
11241452,Nob Hill Bedroom#1,23719876,Mingjing
11241509,Nob Hill Bedroom #2,23719876,Mingjing
11241809,Nob Hill Bedroom #5,23719876,Mingjing
11242044,Nob Hill Bedroom #6,23719876,Mingjing
11284679,700sq ft Luxury Apartment w Balcony,2899585,Sas
11301106,"Gorgeous, Cozy Jr. 1bd in Pac Heights",13832870,International
11305302,Special - A Friendly Room UCSF/USF - San Francisco,21994,Aaron
11315222,Telegraph Hill - Postcard Views!!,38292401,Gary
11338538,Dreamy Centrally Located Home with Choice of Outside Space,59345311,Amy
11343122,Comfort & Quiet In Laurel Heights,13832870,International
11377611,Recently Renovated home in Bernal Heights,2709765,Yael
11378998,Designer Marina District Apartment,3793272,James
11421711,Large Room with Bath and Bay View,1031577,Mark Beattys
11437138,"Sunny Victorian room, near BART station!",1362550,Maria
11437331,"Beautiful Victorian room, near BART!",1362550,Maria
11437442,"Relaxing Victorian room, next to BART!",1362550,Maria
11437509,"Cozy Victorian room, next to BART station!",1362550,Maria
11439120,"Modern 2BR near FiDi & Union Sq., Furnished – m2m",9965793,The Twist
11439599,"Modern 1BR near FiDi & Union Sq., Furnished–M2M #6",9965793,The Twist
11442567,Central Mission Potrero 1BED-1BATH,38836,Bernat
11446614,Grand Mission - 18th Street 1 BD/1BA,38836,Bernat
11452461,Bright Outer Sunset 1BR Apt,26021497,Gindin
11493791,Mission Terminal 2 BED 2 BATHS,38836,Bernat
11494067,Spacious Modern 600sf Bernal Spacious Studio,29984796,Catherine
11495344,Private room & half bathroom in a 2-bedroom home,16479357,Shan
11531859,Cozy Room in Sunset near Golden Gate Park & Beach,56899803,Kathy
11532945,Garden Apt. in Beautiful Noe Valley,27335724,Alexander Edward
11553527,Large bright room in stylish flat,10535584,Jesse
11556239,Best Kept Secret in Town,36381578,Harris
11605954,"1940 build, upstairs flat, view, west side",7895922,Roselyn
11606260,Charming Mission 1x1 w/ Historic Detail,4430421,Adam Nicolas
11610521,Amazing Home (Temporarily Construction Adjacent),24708935,Dallas
11659435,Edwardian Flat in Sunny Potrero Hil,12780333,Loren
11701569,Sunny Victorian in heart of Castro,62194919,Robert Tyler
11741776,New Construction Studio,6689021,Elizabeth
11834467,Fisherman's Wharf & Financial Dis Red room,19584367,Elisa
11851112,Charming two bedroom & large sun room flat,63158923,Wanda
11890712,New Construction 5 bed 3.5. Ocean views!,2505385,Tamar
11918849,Alamo Art Haus ~ City Center Vic with a Boho Twist,2242443,Michelle
11988777,Historic Victorian- one of a kind style & charm,43094128,Humaira
12004930,"Modern 1BR near FiDi & Union Sq., #4",9965793,The Twist
12025717,PrivateApartm(2rooms)GoldenGatePark/quiet location,64351162,Vlad & Ira
12026110,"Central, Comfy 1 BD/BA in Noe Valley",5642683,Basil
12037978,History & Stunning SF Views 2BR,64438831,Marilee Victoria
12041223,Jasper's Studio,64462528,Michael And Nicole
12041358,Beautiful Victorian Room with private bath,3588642,Ambrish
12126766,Modern Studio in heart of SF,4943471,Angela
12151600,Home with spectacular SF Bay views,8676376,Herbert
12154955,Private Room #2 Close to the Ocean,7335923,Allen
12156553,Charming Victorian Apartment,1154836,Ginger
12159120,Ultra Modern Home in Central SF Location,4856574,Jeff
12176844,1912 Victorian With Epic Views Perched On Gardens,377744,Scott
12266463,Designer's Nest in the Mission,8531927,Douglas
12270642,One Full Sized Bed in Dorm Not Private,22931450,Kevin
12368621,Pacific Heights Pied-à-terre,66829012,Patrick
12382688,Be Hip! Stay in my Modern studio,27287794,Charles & Emily
12382918,"DONATELLO, Union Sq, near Moscone",11638127,Dave
12400754,Mark Twain King Suite at Chateau Tivoli,67054880,Kelly
12404809,Aimee Crocker Room at Chateau Tivoli,67054880,Kelly
12425557,Spacious private room for rent - 30 day min stay,63158923,Wanda
12425911,Bright Spacious bedroom-30 days min,63158923,Wanda
12429503,Historic Pac Heights cottage-walk to Union or Polk,67232897,John
12467839,Cozy single bedroom 2-1,23719876,Mingjing
12484859,Beautiful house with Panoramic Bay views,8676376,Herbert
12588515,Centrally Located Castro Apartment,8879720,Joel
12607119,"Elegant, Spacious Marina Home Parking By Golden Gate Bridge",68425495,Julie
12614397,"Modern Luxury Condo with Botanical Garden, Parking",18756929,Kazukiyo
12677241,"Top Floor, Large, OWNER's Unit in the Mission Dist",17309843,Anthony Joseph
12679234,Welcome to the Edge of the Earth!,10226011,Rachel
12725886,*Prime Location - Golden Gate Park*  UCSF,16921530,Debbie
12750864,Parc Telegraph Studio Condo,49785728,Larry
12797906,Spacious 2 Bedroom Flat in Vibrant Inner Sunset,498928,Yihou
12835527,Live like a local and try tiny living,570963,Traci
12866962,Elegant Tudor Style Studio in Mission/Dolores,4430421,Adam Nicolas
12910183,"Stunning garden Apt, With Bay View",12703126,Jeff
12930338,Sunset Garden Room-Private Bath,70980027,Anna
12956379,Parkside Palace,2430503,Carlos
12956380,Civic Center Views Contemporary City Pad & Parking,10764661,Carlos
12987777,NEW Work /Play At North Beach for 4,331559,Sharon
12999869,Peacock Room - Chic San Francisco Home. New. Views,3617002,Pankaj
13096400,SF Hotel Studio: Union Square (11),22267033,Jennifer
13100047,SF Hotel Studio: Union Square (12),22267033,Jennifer
13120626,SFMission District Roof Deck Retreat,72788131,Dan
13127954,Moroccan Room in Chic Home. en suite. New. Views,3617002,Pankaj
13128357,"Lotus❤️Breakfast, Parking, New,W/D,Awesome Sunsets",3617002,Pankaj
13153289,Bright 2BR/2BA Castro Condo,2259758,Micki
13190103,Hotel Pac Hgts Queen Free Car ParkC,20850212,Young
13204198,Elegant 1x1 w/ Period Details in Mission/Dolores,4430421,Adam Nicolas
13224465,Modern Fisherman's Wharf Condo W/ Amazing Views,55198843,Nick And Tien
13233167,13cUCSF/GG Park private rm n ba. w shared  kitchen,131200418,Lois
13233712,Sunny Castro Apartment!,9632192,Susan
13239272,Bright & Beautiful Flat in Fantastic Neighborhood,1099605,Meghan
13239943,Hotel Pac Hgts 2 Bed Free Car ParkF,20850212,Young
13263750,Hotel Pac Hgts 2 Bed Free Car ParkG,20850212,Young
13264364,Studio at Donatello Hotel near Union Square,47514427,Jeffrey & Susan & Bryce
13265498,Hotel Pac Hgts 2 Bed Free Car ParkH,20850212,Young
13284332,Studio at Donatello Hotel near Union Square,47514427,Jeffrey & Susan & Bryce
13284618,Studio at Donatello Hotel near Union Square,47514427,Jeffrey & Susan & Bryce
13299858,"Guests Often Say, Best Airbnb They've Stayed In!",7630810,Michael
13318584,Bingo. Private-Modern-Remodeled SF Guest Suite,75307977,Rigo
13332858,Luxury Potrero Hill/Dogpatch Condo,1700631,Robert Donald
13335441,"Peaceful room in Castro Edwardian, with views.",5066857,Ryan
13343657,Super Cute Inner Richmond Room #3,23719876,Mingjing
13344003,Inner Richmond cozy single bedroom #4,23719876,Mingjing
13393846,Hotel 2 bathroom suite for four,47514427,Jeffrey & Susan & Bryce
13430730,Sunny Top-Floor in San Francisco!,13408956,Kurt
13574259,"Relaxing Home with Views, Yard & Chef's Kitchen",30789097,Rachel
13624046,San Fran Gorgeous  Studio QFor2,21659291,Brielle
13654134,Pacific Heights Stunning Studio Condo,79305198,Christina
13658915,San Francisco  Downtown 1 BD Q For 2,21659291,Brielle
13676473,Family Friendly 2 bd Home by Western Addition,19288568,Raphael
13711175,"NOPA Top-Floor 1 BR 2 BA Flat, Tons of SUN!",4297383,Rob
13734123,3BR Home by the Beach w/ Free Parking & Laundry!,4582677,Felix
13735115,Peace House Grand Victorian,23195770,Celia
13748136,Beautiful Condo in a Great Location!!,10493060,Rosemary
13749078,"Epic views, easy parking, stylish en-suite",15376205,Simon
13764695,Family-friendly house in San Francisco hills,1040664,Erin
13768233,2 Quiet Bedrooms in Stunning Spacious Home,8280568,Barbara
13769493,"Space, views, easy parking & en-suite bathroom",15376205,Simon
13774014,Home SUITE Home,2993432,Lauren
13788581,Chic Apartment with Backyard in Pacific Heights,3495695,Ryan
13810224,Spacious Noe Valley Hideaway w Private Deck & View,15284484,Luke
13815533,Sunset Tranquility,10460597,Douglas
13845578,"Romantic, private suite with hot tub & king bed",9194713,Lance
13883766,"SF Union Square, unbeatable location! (1)",22267033,Jennifer
13884730,Studio hotel suite near Union Square & Nob Hill,70722023,Michael
13896608,"SF Union Square, unbeatable location! (2)",22267033,Jennifer
13973341,"Donatello, King Size Bed, near Moscone",11638127,Dave
14139656,"Uniquely cool top floor near Dolores, roof deck",9151990,Roxolana
14153586,Small sunny bedroom & more in Inner Richmond Apt,85402267,Monica
14180539,Spacious Private Bedroom & Skylight,547669,Jamie
14189398,Private Bedroom Attached Half Bath,547669,Jamie
14190524,Sunny spot in Inner Mission,1776403,Natallia
14206695,Stylish Nob Hill;  Mid Century Modern; Parking,985427,Meredith Anne
14221934,JPMorgan Healthcare 2025 @ Wyndham 01/12-01/16,40205329,Ross
14225205,Hidden Gem in West Soma,2517689,Michelle
14255278,Central San Francisco Living in a Victorian Townhouse,36140663,John T
14266916,Victorian Gem in Vibrant Bernal Heights Village,36287559,Marie-Gabrielle
14294502,2BR Apt close to food/Muni bus stop 24th & Castro,87281847,Pam
14299097,Modern 4Bd Edwardian Renovated Condo Flat,10162964,Shelley
14339856,"Elegant Condo 1b/1ba,  bay views - downtown SF",7088871,Shadi
14373123,Wonderful PVT. Room #1,23719876,Mingjing
14406178,"Beautiful Spacious apt in Noe Valley,San Francisco",8577866,Dana
14452358,Two bedroom flat a block from Ocean Beach,3120119,Kathleen
14488234,Cozy Duboce Triangle Bedroom with Private Bathroom,5161705,Jason Raymond
14490343,"Modern 1BR near FiDi & Union Sq., #3",9965793,The Twist
14501193,Spectacular Location/ Views - 8 month rental,84616048,Suni
14501673,Downtown SF Studio Apartment Near Civic Center,10764661,Carlos
14505006,Telegraph Hill Suite Spot,8237509,Susann
14538591,Private Studio Chalet by Park Beach in unit W/D,41376640,Pauline
14553088,Airy Studio & Parking Spot Central San Francisco,10764661,Carlos
14553693,Charming Cottage in Haight-Ashbury Garden,94548508,Rosa
14588279,33b Parkside cozy studio remodeled w/priv entrance,35352879,Aaron
14591947,Comfortable Value Lodgings @Union Sq Chinatown SF.,2676835,Luis Higinio
14611058,Room with City View!,73070632,Tina
14619235,Renovated 1930s Home with Lush Garden,5043788,Irene
14653250,"Charming full floor flat near ocean, city, woods.",4141253,Les
14673134,Bernal Heights Garden Studio,39655178,Jeff
14691164,3 mins walk to Castro Neighborhood & transport,31069921,Tim
14705126,Large Bright 2 Bedroom w L Deck & One Free Parking,91464797,Un Kuan
14759973,Beautiful and Large Mission Oasis,12654522,Shaelyn
14760041,Bright and Spacious Lower 2BD Flat Inner Sunset,92031637,Kimberley
14773919,Private Studio with Panoramic San Francisco Views,9193625,Marc Terrell
14802586,Garden Studio in the Lower Haight,78451071,Michael
14804950,"Cozy, Comfortable, Private Studio in Bernal Hts",24949158,Angela
14841442,"BD/Private room near CCSF, SF State, easy parking.",86083871,Kina
14869325,"R/Private room near CCSF, SF State, easy parking.",86083871,Kina
14884457,"W/Private room near CCSF, SF State, easy parking.",86083871,Kina
14903530,City Retreat: Stunning Views from All 3 Floors,90631,Dan
14953903,Living Space with bed and couch,73070632,Tina
14983353,Charming 3BR Victorian in NoPa W/Modern Upgrades,94424109,Jonathan
14990478,Private Garden Cottage behind lovely Victorian,71381627,Eddie
14996188,Style & Comfort-Private Suite near UCSF and GGPark,1492583,Suzanne
15024335,2-Bdrm in Dogpatch (Entire flat/self check-in),48503905,Angie
15051965,Designers' Garden Retreat,56666480,Bassel
15052541,Luxury Studio Atop Russian Hill,38176732,Molly
15054072,"SF Union Square, unbeatable location! (4)",22267033,Jennifer
15055277,501 Downtown Gem - 2 Beds | Walkable | Sleeps 4,93714995,Daniel Lee
15060615,Beautiful/Bright Living Space and 3 Bedrooms,95220454,Wilson
15072528,beautiful apartment in great location,3509116,Monty
15111599,"Ultimate luxury in chic modern 1br, Best location",51003,Jeremy
15132100,404 - Comfortable Stay in Top SF Spot,93714995,Daniel Lee
15132855,Own Floor of Grand Marina Waterfront Home,53614586,Erin
15162895,Garden 2BR Condo/Great Location/Lower Pac Heights,3843134,Jack
15166182,"Large modern 1 bedroom, dinning/living room flat",54217986,Janet
15174265,221 - Clean & Cozy Stay in Union Square,93714995,Daniel Lee
15177460,The Sea Monster in Nopa,1994513,Kirsten
15179182,Mid Century Meets Southern Hospitality in Bayview,861262,Lauren
15220043,Garden Home in Sunny Noe Valley Near The Castro,64579077,Stephen
15258331,2 BR Loft in SOMA 15min to Moscone/Downtown,7884811,Jessy
15267186,"201 – Private & Spotless | 2 Beds, Sleeps 4",93714995,Daniel Lee
15268492,"SF Union Square, unbeatable location! (4)",22267033,Jennifer
15269286,"Comfortable, private, garden level apartment.",33460481,Colin
15270397,Bernal Heights Mission Studio,38836,Bernat
15282659,Room in Modern Condo,73070632,Tina
15283495,Garden Oasis in the heart of San Francisco,6656178,Robyn
15297353,Brand New Bernal Heights One Bedroom with Garden,34480173,Andrew
15299001,[10min Moscone] Cozy Room with sunny deck,9757631,Natacha
15327674,Upscale 2 Bedroom/1.5 Bath with Private Entry,5138158,Barbara
15330348,"Free Parking, Own Entrance, Spacious Room",97717942,Ping
15346313,Airy Three Bedroom Exec Home Monitors/Desks/Garage,24910,Maria
15363435,Lovely Telegraph Hill 2 br. (438a),17461399,Yu-Yun
15383658,Beautiful Victorian Bedroom in Mission,17536951,Rob
15393846,Condo Unit in North Beach,7341425,Christine
15394942,Hollywood stay in Mission's heart,6981707,DeCarlis
15400940,Brand New Luxury Hayes Valley Condo,94538124,Viktor
15432669,Modern 1-bedroom apartment in San Francisco,12765917,Nada
15512995,Relax on the Roof Deck in Luxury Tri-level House,1865162,Susan
15523355,Big BR w/ 2 closets  in the Sunny Mission,2001297,Urs Leonhardt
15567704,"Beautiful, cozy and spacious city apartment",100278291,Vannida
15603503,Inner Richmond cozy single bedroom #3,23719876,Mingjing
15603829,Wonderful PVT. Room #2,23719876,Mingjing
15603927,Cozy PVT. room in Richmond #3,23719876,Mingjing
15604207,Nob Hill Single Bedroom #2,23719876,Mingjing
15604358,Nob Hill Single Bedroom #6,23719876,Mingjing
15613006,Bright & Spacious Edwardian Flat.  Great Walking!,93041478,Emily
15663411,220 - Private Hotel Room • Near Everything,93714995,Daniel Lee
15664146,Beautiful Home in SeaCliff,101134145,Hs
15675279,Charming Victorian 1x1 in the Mission!,4430421,Adam Nicolas
15708231,The “Treehouse” central quaint Cottage w/ views!,101449180,Viva
15718115,1BED 1BATH apartment with patio,38836,Bernat
15722690,NEW Attic Studio - Vaulted Ceiling,10829039,Viviane
15770116,4bd/3ba PacHts Spacious & Modern PH +Walkscre98!,91488071,Daniel Y S
15774694,Quiet Condo in the Heart of the City,38798505,Suzanne
15776727,Mission Dolores Guesthouse with Attentive Details,15024043,Kai
15832358,Castro/Duboce Triangle with a new Queen bed,3227887,David
15843007,Private Cozy Apartment in Little Hollywood,9270394,Wilson
15849484,"Private, spacious modern guest suite.",69727514,Bella
15873231,414 - Clean and Renovated Private Room,93714995,Daniel Lee
15903424,"Adorable private ""in-law"" for two",88656778,Elaine
15920878,Great Cozy Home in Sunset District,103297299,Steven
15939264,[E] Private Garden Suite,22267913,Henry
15939487,[F] Private Guest Suite,22267913,Henry
15957963,406 – Budget Room Near City Attractions,93714995,Daniel Lee
15984328,Studio Apartment w/ Private Garden on Potrero Hill,384619,Ryan
15987415,Cozy Room with Private Bathroom - BART - SoMa,103884979,Rams
15999597,Haight/Castro Clean Bright Quiet - top floor views,6727363,Laura
16001051,"Nice Private Room - Mini Fridge, Fast Wi-Fi, TV",103884979,Rams
16068498,Furn Studio short-term Golden Gate Park USF / UCSF,104680075,Rick
16073836,Beautiful traditional house on Ashbury Heights,19861970,Jianhua
16079346,Large Room w/ensuite Bathroom in Ashbury Heights,50381482,Monette
16086843,421 - Private Room With Bath in Union Square,93714995,Daniel Lee
16088064,The Pine Nest-Large Flat 5 bed/3bath Nob Hill,75323230,Joe
16096747,🎷 Stay in the Heart of Fillmore & Japantown 🎶,6547664,Tatiana
16160696,Oasis on Dolores Park in the Heart of SF,105480603,David
16162625,"315 – Fresh, Private Room Near It All!",93714995,Daniel Lee
16176101,401 - Renovated Room. 2 beds. Sleeps up to 4!,93714995,Daniel Lee
16178751,"Private, Quiet Apartment in Heart of the Mission",3470491,Andrew
16190202,Sunny Bernal Heights Casita with Private Entrance,105724944,Aiden
16204265,Quiet calm private bed & bath in Mission District,1291823,Akansha
16228848,Affordable Comfort in a Top Location | Room 415,93714995,Daniel Lee
16255081,Chic & Cozy Boutique Room in Union Square – #424,93714995,Daniel Lee
16287044,Brand new renovated 2 br 2bath  fully furnished,106535057,Amy
16305055,Sunset District Private Studio,106687468,Stephen
16312844,Friendly Home In San Francisco 2,8859272,Linda
16348139,Stunning 2-Bedroom with Rooftop Deck & City Views,7610972,Grettel
16362304,Best Master Suite in Town,36381578,Harris
16392395,Studio-Hotel WorldMark-SanFrancisco#9,19139775,Lorie
16407735,Mandalay - Spacious & Upscale Zen Getaway,4350837,Servio
16426353,"420 –Central SF Stay | Clean, Private & Affordable",93714995,Daniel Lee
16427484,Bird´s Nest: Stunning VIEW! central SPACIOUS 6+ppl,166116,Rob
16443034,"Cozy, Comfy and Quiet Private Room",88017947,Stephen
16469515,Friendly Home in San Francisco,8859272,Linda
16497229,Fisherman's Wharf & Financial Blue room,19584367,Elisa
16498921,A Furnished Studio Apt in Cole Valley on MUNI,108376619,Howard
16529602,33d3Parkside spacious new Studio w/Private Entranc,35352879,Aaron
16542790,Great central place ideal for monthly work/student,2513762,Trey
16560870,"Large, modern, peaceful studio all to yourself : )",46593391,Steve
16570521,Lands' End hideaway,21303289,Eugenia
16587632,Lovely Telegraph Hill (36a) 1 Br Amazing Views,107141420,Thomas
16649876,Eclectic Artistic Garden Retreat/Licensed,48785800,Dawn
16652268,Haight-Ashbury Jr one bedroom#4  Wi-Fi kitchen W/D,110078968,Ahmed
16678379,5911 - Cozy & Spacious Room Near Golden Gate Park,9671092,Michelle Liang
16688334,Russian Hill Quiet and Convenient Hideaway,7731691,Allison
16690768,Modern North Beach 1 Br. w/ Fantastic Views (436),110520207,Thomas
16700935,"Private, quiet, cozy, fully loaded kitchenette",4244521,Jeffrey James
16738680,Quiet Modern Loft by Embarcadero/Wharf,111017451,Richard
16778737,33a Parkside newly built studio w/private entrance,35352879,Aaron
16779057,33c Parkside newly built studio w/private entrance,35352879,Aaron
16779078,Room 301 • 2 Beds • Sleeps 4 • Prime Location,93714995,Daniel Lee
16839850,Elegant One Bedroom Edwardian on Nob Hill.,44354824,Laura
16868984,Mission Apprentice Artist 1 Bedroom,112412497,Mary
16872797,Quiet room w/ free parking in Diamond Heights,32363478,Marie
16944002,"Nob Hill Union Square Sanctuary, pool/gym/doorman",2414700,Phil
16987679,Residential hotel near Union Square SF room#10,115849,Hiromi
17011295,Contemporary & Comfy - Moscone Convention Center,103884979,Rams
17016281,Residential hotel near Union Square SF room#5,115849,Hiromi
17016637,Gracious room in Stern Grove Park.,106291188,May
17120944,"Quiet, spacious bedroom with private deck/views.",14003785,Pamela
17139721,Moscone Convention Center - BART - Cozy & Comfy,103884979,Rams
17157954,Mission Bernal 2 BR Charmer,1281984,Anita
17188701,Cozy Single Bedroom#2,23719876,Mingjing
17192720,single Room #1 with full bed,50160697,Ver
17193522,Garden studio,25550326,Annaliese
17207000,Hotel Style Suite - includes breakfast!,115809271,Sarah
17267153,Petite Mission - 18th Street - Studio,38836,Bernat
17271591,1BR Suite at Fisherman's Wharf *No Cleaning Fee*,115416167,Mary
17288451,View of Mission Dolores Church in a garden setting,100672984,Roberto
17301795,"Beautiful Apt, Modern Kitchen, King Bed & Parking!",7179228,Jonathan
17305040,Private Guest Suite in Bernal Heights,1590064,Stuart
17318005,Idyllic Garden Apartment  on  Duboce Park,12767826,Susan
17343208,"Red Victorian - Private suite w/bath, Redwood",117141107,Zarinah
17345722,Charming sunlit Edwardian steps from Dolores Park,1201229,Risa
17367829,Two Upstairs Bedrooms in House w/ Ocean Views,547669,Jamie
17369805,Eclectic Luxury room,100672984,Roberto
17405370,Modern 1-BD in Fisherman's Wharf/Russian Hill,20369590,Peter
17408793,2 bedroom guest suite near GG  park/ UCSF,45156079,Chang C
17419327,Residential hotel near Union Square SF room#2,115849,Hiromi
17419803,Residential hotel near Union Square SF room #9,115849,Hiromi
17420087,Residential hotel near Union Square SF room #3,115849,Hiromi
17430696,The Suite! Large cozy studio with private entrance,117919835,Mauricio
17433075,"Red Victorian - Private ensuite, Rose Garden",117141107,Zarinah
17434665,Large Garden Apartment On Quiet Street,32614449,Steve
17444964,Experience Noe Valley from Stylish and Private House,34675376,Karen
17445405,The View in San Francisco - King Bed Room,40297300,Rian
17516202,Single Bed R-5 with Shared bath,50160697,Ver
17518933,Small Room # 6  with Shared Bath,50160697,Ver
17570252,Elegant and Spacious Castro Flat,1483268,Sari
17585947,Peaceful Zen Garden Flat to Charm and Recharge You,836116,Elizabeth
17622881,"Private Room, quiet neighborhood",63539716,Kyle
17626794,Nob Hill bedroom #4,23719876,Mingjing
17626853,Nob Hill single bedroom #1,23719876,Mingjing
17626927,Nob Hill single bedroom #3,23719876,Mingjing
17642091,Audrey & Nick's Place,6641931,Audrey
17642555,Nob Hill single bedroom #7,23719876,Mingjing
17642620,Nob Hill single bedroom #5,23719876,Mingjing
17651619,"Room with bay windows, cable cars and the Wharf!",19584367,Elisa
17668130,"SF fun park apt~GG Park, Beach",15452812,Miao-Chuan
17670655,Work/Leisure 10 min walk from Glen Park BART,445716,Andrea
17696905,"Red Victorian - Private room w/sink, Golden Gate",117141107,Zarinah
17717979,Standard Double with shared bath,50160697,Ver
17722015,Private Master bedroom & bath in the heart of SF,2209375,Erin
17723975,Private room in view home atop San Francisco,1934331,Elaine
17753503,"Nicely remodeled room, free parking in Bernal",71333862,Mario
17767353,"Red Victorian - Private room w/sink, Tea Garden",117141107,Zarinah
17767863,"Red Victorian - Private room w bath, Sunshine",117141107,Zarinah
17807709,Historic Pac Heights  - month to month rental,67232897,John
17811571,Cozy and Private Bernal Heights Suite Near Cortland Avenue,15029266,Anna
17826404,Studio on hottest SF neighborhood!,5053610,Lucia
17833058,Heart of North Beach - Private 1 BD/1BA,119674934,John
17863112,Sunny Victorian Artist's home,290120,Anne
17925808,Mi casa tu casa BY THE BAY,122392376,Liliana
17944621,"Red Victorian - Private room, Playground",117141107,Zarinah
17965243,"Modern, Bright and Quiet Home w/ Dedicated Parking",96309245,Gene
17979286,Cozy Studio with Garden 20 minutes from SFO,7198062,Georgina
17982304,Relaxed Apartment with a Patio in The Castro,10263963,Kenneth
17991554,"5912: Cozy Queen Suite Near Park, Beach, &Transit",9671092,Michelle Liang
18021096,Awesome Ocean View -1  BR & 1 BA,123920280,Pramjit
18037180,Gorgeous Serenity in the City with Views near Haight Ashbury Golden Gate Park,80544181,Christopher Joseph
18059324,Cozy single bedroom #3,23719876,Mingjing
18063783,"King of Kings of the Haight Ashbury, San Francisco",124051180,Lana
18069283,"Quiet, Modern Room Available",27357569,James
18111498,"Private, quiet and spacious in-law unit",124779213,Nada
18124506,Top Floor Big bright SOMA 3 bdr on historic alley,1448586,Jennifer
18126981,A Great Loft in a Convenient Neighborhood,5366845,B.
18153554,Cozy Single Bedroom 2-2,23719876,Mingjing
18156135,Private One bedroom/one full bath,4997141,Ana
18199221,Wonderful 3 bdr apt in  great neighborhood!,304688,Vanessa
18209966,Updated Loft + Historic Charm + Deck w/City View,3273603,Donna
18212346,Large Edwardian home w/ parking; parks & museums,125735523,Diane
18221524,Spacious Studio in Lower Nob Hill,5529529,Ida
18231981,Sunny contemporary1 Bed condo,125934684,Olga
18286171,24aSFSU/Lakeshore beautiful 1bd/1ba private entran,62034618,Ting Ting
18333674,Residential hotel near Union Square SF room#4,115849,Hiromi
18349074,"Red Victorian - Private room w/4 beds, Poster Room",117141107,Zarinah
18359884,Sunrise Garden Suite with Bedroom City/Bay View,9483729,Gonzalo
18450289,Walk everywhere from hip Mission District hideout,124237,Griffin And Caitlyn
18459919,"DREAMFORCE / SALESFORCE - San Francisco, CA",85132,Sanford Sandy
18464444,Chez Sanchez,7012008,Judith
18470412,"SALESFORCE / DREAMFORCE - San Francisco, CA",85132,Sanford Sandy
18471072,RSA in Downtown San Francisco,85132,Sanford Sandy
18471840,DREAMFORCE / SALESFORCE  - San Francisco,85132,Sanford Sandy
18472576,RSA in San Francisco,85132,Sanford Sandy
18473036,San Francisco DREAMFORCE,85132,Sanford Sandy
18474596,RSA Accommodations - San Francisco,85132,Sanford Sandy
18475014,RSA on Bush St in San Francisco,85132,Sanford Sandy
18475146,big room in san francisco,128144143,Aleksejs
18504951,"❤ of SF's Hip Mission - Spacious, Comfortable Home",1357017,Catherine
18527258,Large Room with Patio - 宽敞的大房(有阳台),73070632,Tina
18546459,Room in penthouse,73070632,Tina
18567881,Amazing Views - Entire Place,4106299,Hina
18571224,Ocean Beach Hideaway,128940936,Perry V
18582383,Noe/Castro two-bedroom penthouse apartment,2721813,Robert
18615032,Cozy Guest Suite in Great Location,9314255,Rudy
18669935,Eclectic & Artsy Light Filled 1 Bedroom Apt,17136474,Sarah
18718406,Minimum 30 days Studio by Dolores Park,58350764,Peter
18735080,Huge one bedroom.,231825,Lisa
18738360,Stylish Living Overlooking Golden Gate Park,114601830,Vasily
18739271,Artist Atelier | 911 Mbps | Parking/BART | DT 8min,4346095,Liang
18753198,Stunning Modern Noe Valley Home,130467604,Tanya
18757990,NEW High-End Pacific Heights Private Suite,9956229,Aaron
18778187,Nice apartment 3 blocks from Golden Gate Park,17013917,Taya
18794629,"Red Victorian - Private room for 4, Friends Room",117141107,Zarinah
18810290,Stroll to Golden Gate Park from a Chic Guest Suite,129618781,Eileen
18810325,Beach Studio Fast Wifi Street Parking W/D,584272555,Tawan
18828466,Real SF: renovated gem,1964901,Kelser
18848430,Charming Potrero Hill Home,13613187,Rose
18851429,Modern Luxury 3BR Condo in Pacific Heights,131316530,Youjeong
18853563,Nob Hill Jewel Box,12703126,Jeff
18856637,Lovely Room near Golden Gate Park,4139079,Billy
18856887,Central SOMA apt with access to sunny roof deck,12128319,Cornelius
18873809,Clean & Private Family Guest Suite near the Beach,20137018,Ryan Garratt
18874472,Room inside of house,131502074,JiaSuey
18874655,Spacious and Charming Russian Hill 1 Bedroom,13832870,International
18916029,"Stylish Apartment, Spectacular Outside Living Room",33242464,Elizabeth
18926777,"Heart of South Beach, your own private room!",6262569,Jacqueline
18931048,Victorian in the heart of Castro,43695190,Alexey
18971467,Professionally Designed and Furnished Home,102973,Brian
18981477,"Pac Heights 3-rm suite. Private, safe, quiet.",6622828,Pamela
18986977,Artist Bohemian home w/Chef Kitchen in Noe Valley.,123065159,Matt
19012658,Beautiful sunny apartment near Dolores Park!,87315309,Noemi
19014320,Private Garden Cottage in the Mission District,49354377,Tyrisha
19014669,Modern Dual-level 2BD/2BA Apt in Heart of S.F.,11166165,Andrew
19023994,SOMA - Market St - 1BED - 1 BATH with Parking,38836,Bernat
19026673,Sunny sunset view room-UCSF/USF - San Francisco,21994,Aaron
19029310,Deluxe Room-Shared Bath near Downtown,6683937,Amit
19038261,Monthly Private Room near downtown1-Shared Bath,6683937,Amit
19050152,Enjoy 3 Bedrooms & 3 Baths in Large Home,53220441,Sandeep
19073405,Private Room near the Beach and Golden Gate Park,4139079,Billy
19084255,San Francisco Private Room,133268096,Victor
19125378,Basic Single Room R-8 with Shared Bath,50160697,Ver
19175066,Dolores Park - Mission 18th Street - 1BED - 1 BATH,38836,Bernat
19236730,Studio at Donatello Hotel near Union Square,47514427,Jeffrey & Susan & Bryce
19273465,Spacious San Francisco studio in quiet area,2902835,Nitzan
19285250,View room in an 1890 Noe Valley Victorian,21196676,Craig
19307356,"Pacific Ocean Views and Sunsets, centrally located",1264413,Denis
19309607,2 bedroom Edwardian flat in the lower Haight,9082631,Jorge
19331975,Private Loft and Free Parking in Charming SF Home,135420210,Spencer
19332338,The Hyde Out- Prime Large Flat 5bed/3bath Nob Hill,75323230,Joe
19363609,Queen Room in Mission Terrace,9109983,Geoffrey
19364007,Comfortable Room in Mission Terrace,9109983,Geoffrey
19365066,"Urban retreat + Garage, minutes to UCSF MB & more",26860112,Jonathan
19368789,24bSFSU/Lakeshore beautiful 1bd/1ba master ensuite,62034618,Ting Ting
19388714,Luxurious Bay View Apt in Telegraph Hill,59380477,Yasmine
19403989,Ocean View in Central Sunset,135377800,Margaret
19404355,Quiet Retreat in a Prime Location in San Francisco,2694941,William Alan
19404978,See the Marin Headlands from this lovely 1 bedroom,135377800,Margaret
19416507,5931 Airy Room with Workspace by Golden Gate Park,136131559,David Chuang
19432832,RUSSIAN HILL / NORTH BEACH ELEGANT FURNISED,13832870,International
19459929,Spacious ArtDeco 1BR nr Golden Gate Park fast wifi,32132,Yuri
19475051,Spacious Comfy Private Room in Richmond SF,136644372,Heidi
19478755,Cozy room in Parkside house,131502074,JiaSuey
19499099,Tiny House On Nob Hill,136792470,Carmen
19553430,Rare gorgeous Mission Victorian 2 Bedrooms,7281723,Shawna
19564659,Beautiful & Bright  Top Floor Flat,3816497,Alex
19570849,Light-Filled One Bedroom Suite Close to Trails and Transits,1469393,Ruksakul
19588004,"Elegant, Large Single Family House near Sea Cliff",988375,Jennifer
19611889,3ba UCSF-GG PARK/20th av/Irving Spacious PrivateRm,62034618,Ting Ting
19623750,Cozy PVT. room in Richmond #4,23719876,Mingjing
19626323,5934 - Bright Master Suite w/ Balcony & Bath,136131559,David Chuang
19637695,Sunny and Charming Casa Dolores,87315309,Noemi
19658833,2 Bedroom Urban Sanctuary near Presidio & GG Park,56658434,Cheryl
19680922,Classic 20's  boutique apt. with charming updates,12703126,Jeff
19704114,"Clean, Private Room near SFO/Oracle Prk/Chase Cntr",60646942,Mitch
19714276,"PERFECT location - fun, light, and modern",870172,Michael
19721174,Private Luxury Guest Floor @ Heart of Hayes Valley,139005195,Virginia
19764548,Bernal Charm Guest Suite 30 day Minimum,6865905,Helen
19810694,Cozy apartment in a nice neighborhood,128324241,Romain
19813606,Private 1 BDR in the Heart of SF!,17902034,Vijay
19828873,Newly remodeled 3 bedroom home in Potrero Hill!,8109604,Sarah
19830610,DOGPATCH Creative Flat,9338519,Ian
19891435,Cozy West Coast Apartment with Backyard!,50070073,Matt
19892991,Best Cozy Comfy Twin Peak Home,140833338,Rawan
19933216,WALK TO ALL! AMAZING MISSION 2BR W/ PRIVATE DECK,83929576,Johnny
19934941,"1BR, Nob Hill top floor unit with spectacular view",71394576,Ron
19954872,"311E Private Room in Super Convenient Area, Room E",127638239,Ching Ho
20002651,#F15 - Spacious Private Room in Startup House,10624127,Bed|N|Build
20059569,"311A Private Room in Super Convenient Area, Room A",127638239,Ching Ho
20093004,Castro/Noe Valley 4 bedroom flat-- Old Listing,21899719,Terrance
20096735,"Centrally located, quiet 1BD apartment",38307539,Tess
20121985,#T15 - Amazing Private Room in Startup House,10624127,Bed|N|Build
20155822,Charming 1 BR in the Heart of Nob Hill (sanitized),143421880,John & Andrea
20167050,"Bed, Bath & Coffee",71567392,Alene
20169868,Oceanside Getaway,12394710,Tyler
20194233,Savor Incredible Terrace Views from a Bright Home,759605,Catherine Won
20195883,Elegant Retreat in Lone Mountain with Breathtaking Views,7934590,Joyce
20257216,5933 - Spacious Room Steps from Golden Gate Park,136131559,David Chuang
20269012,Ocean Beach Bungalow,3468986,Melissa
20269328,Double Deluxe R-7 w/ Shared Bath,50160697,Ver
20287325,"Red Victorian - Private suite w/bath, Gigi's",117141107,Zarinah
20305889,Private Modern House: Stunning Views & Backyard,72387792,Aram
20311264,Long Term Rental:  One-Bedroom Home in the Mission,144896022,Victor
20331804,Comfortable Victorian Bedroom in Mission,17536951,Rob
20335923,#aT15 - Amazing Private Room in Startup House,10624127,Bed|N|Build
20355620,2nd Master Bedroom in large 2 story house,45040916,Alan
20361588,"Rare Gem, Large 1br w/ Parking, Wifi, W/D & Views",104809788,Elyssa
20393341,Easy Street Parking  | Private Entrance,337960,Cristina
20408951,EXCEPTIONAL RUSSIAN HILL HOME: 2Bd/2.5Ba,145546453,Marcia
20424542,Comfy Studio near MUNI subway STR4734,5009045,Michael
20425693,Buena Vista Retreat,21226960,Toni
20460402,"Spacious, Quiet 3bed/2ba Attached Parking Garage",1626997,Winnie
20478011,Spectacular Noe Valley home,15284484,Luke
20497174,SF Hotel Studio: Union Square Gem!,22267033,Jennifer
20501065,Chic Modern 2BR Mission/Potrero *Summer Specials!,146358111,Toral
20543892,Bright Slice of the Sunset Private Flat with Deck,3344835,Kelly
20563658,Private Garden Suite,162565,Rishi
20571008,"Close to parks, beaches, golf - Comfortable 2B1B",77596452,Lily
20575733,5932 - Charming Room w/ Ensuite in Outer Sunset,136131559,David Chuang
20576493,642A -Private Comfy Ground Unit Access to Backyard,77596452,Lily
20591785,Spacious 1 bedroom condo w/ roofdeck in Nob Hill,25824429,Ehson
20608608,Charming 3 BR + garden in fabulous location!,13615078,Amber
20663782,Amazing Marina/Cow Hollow 3 Bd 2 full bath flat,18197535,Vicki
20664630,Modern 1BR in Iconic SF Building - Prime Location!,143561049,Adrian
20667176,Apartment in prime spot atop sunny Potrero Hill,2007103,Margaret
20695687,Mission District Views from Private Floor with Attached Bath,9054077,Tyler
20696391,Cozy Noe Valley apartment,6392096,Nicole Samira
20724784,Luxury Tudor  on Telegraph Hill,148406261,Charles
20750111,Charming Edwardian in the Castro - Bedroom,5871824,Jonathan
20776056,Serene Condo in SF/North Beach/Telegraph Hillside,47925612,Chandra
20805606,Hip Danish San Francisco townhouse with parking,196335,Philipp
20817603,SF Union Square Hotel Studio (1),22267033,Jennifer
20818261,SF Union Square Hotel Studio (3),22267033,Jennifer
20847212,San Francisco Condo - Walk to Golden Gate Park!,126644773,Evolve
20851055,Luxury High Rise Condo • Financial District •,149639732,Faraz
20866502,"Little NOPA, San Francisco",61664523,Thomas
20873957,SOMA Condo 3Br/2Ba-Free Parking-Easy Walk to BART,10622144,Jefferson
20874967,SF Union Square Hotel Studio (4),22267033,Jennifer
20906522,"311B Private Room in Super Convenient Area, Room B",127638239,Ching Ho
20933318,Charming Guest Room in 1907 Cottage on Russian Hill,49425233,Annie
20957462,Sunny Studio with Golden Gate Bridge View,150732464,Salman
20960130,MY Winsomeシ 4BR 2BA Zen Backyard with Views,20182227,Kean
20990167,Sunny Marina Studio,14171159,Mark
20990790,2 Bedroom/2 Bathrm Stylish Designer Flat nr Ocean,10573197,Beverly
20996848,Stunning Top Floor Two Bedroom Designer Victorian,19265390,Joshua
21010862,SOMA Condo 1Br/1Ba-Free Parking-Easy Walk to BART,10622144,Jefferson
21011550,Warm and bright 1bd in Laurel Heights/Presidio,13832870,International
21022837,University of San Francisco Luxury Retreat,151399600,Pamela
21024486,Huge Sunny Bedroom in Prime Location,8801754,Erin
21026079,"Red Victorian - Private room, Skylight",117141107,Zarinah
21026964,Red Victorian - Earth Bunk in shared Peacock Room,117141107,Zarinah
21028247,Spacious 2 BR in San Francisco. Views! Parking!,28932312,Liliya And Alexander
21047729,Charming Noe Valley 2bd Flat in Amazing Location!,576143,Lindsay
21058406,"SF Victorian ""Loft"" in Lower Pacific Heights",151678051,Torin
21066691,"Elegant Top Floor Flat Near UCSF, GG Park",151803493,Joseph
21082676,Charming Edwardian in the Castro,5871824,Jonathan
21098885,1B/1B penthouse starting 4/1!,38196024,Kanan
21111630,#1  Deluxe king room next to The Ritz- Carlton,100586872,Gaineng
21165478,"The Guest Suite, a Romantic Garden Retreat in NOPA",758670,Donna
21177827,Easy Street Parking | Large Windows | Twin Peaks,337960,Cristina
21186680,Hayes Valley Haven - sunny and quiet with kitties!,152997097,James Nelson
21187925,"Chic, sun-drenched studio w/views and parking.",5611653,Jorge
21189031,Sunny Studio Apartment with Private Deck.,72810477,David
21191232,Beautiful Studio in law in San Francisco,153041033,Marcia
21203146,Deluxe Studio with attached private bath in Sunset,153157973,Yang
21218038,"Refurbished Retro 4br/2ba House; 2 King, 2 Queen",20037498,Vadim
21231615,Charming room with attached Private Bath in Sunset,153157973,Yang
21233544,Ocean Beach Guest Suite,1852503,Michele
21253864,Private Room in Ingleside nearby SFSU #1A,1282404,Michelle
21279801,"Gorgeous Victorian with Views, Near Mission",24949158,Angela
21292744,Haight/Castro Urban Victorian Flat with Views,14816525,Brooke & Karl
21297037,Quiet two-story condo with roof deck and views,6267,Michael
21298312,Serene Victorian with Views in Noe Valley,2721741,Jonathan
21307662,"Private, modern Central Sunset suite",1676998,Todd
21312569,Home in the Hills,18304180,Lawren
21314282,Tiny comfy room on Dolores Park,7183434,John
21323311,Spacious 3BR | Castro | Work-Ready + Parking,337960,Cristina
21323468,"Modern Victorian - Peloton, Office, Garden",1314189,Emily
21327347,★New Modern 1BR apt 1 min Walk to Golden Gate Park,90139010,Michael
21348008,Luxury Home in the Marina District,24971218,Annie  (Ana Maria)
21370662,Spacious and Bright Studio with Separate Entrance,115841608,Florian
21377089,Victorian Elegance. Garage & Garden. Relax & Work,30784700,David
21380403,30+ Day > Garden View Modern Apt near Precita Park,154851443,Paul
21389519,"Studio, VERY CLEAN, Hotel-feels, en-suite.",3363650,Beverly
21399171,"New! Private ensuite, loft ceilings, heated floors",2863556,Tommy
21425660,Spacious & Clean Apartment on Traditional SF Hill,18349219,Clint
21449226,"Red Victorian - Private room, The Conservatory",117141107,Zarinah
21464833,Modernized Victorian Flat in NOPA,17578598,Christian
21502035,One bedroom one bath in Laurel Hts/Presidio,13832870,International
21514950,"OWNER, MonthlyDiscounted, inquire for availability",156337070,Paul
21526852,Stylish cozy space with private entrance,156446034,Guadalupe
21529297,Beautiful 1-BR in Heart of SF nr Alamo Sq & Castro,15293495,Charlie
21530578,Bright 2nd BR in Heart of SF nr Alamo Sq & Castro,15293495,Charlie
21552181,Cozy Junior One Bedroom in Glen Park,7167320,Andrea
21561809,"Urban retreat, Whole House, + parking for 2 cars",26860112,Jonathan
21578559,Inn at the Opera Hotel Room,47514427,Jeffrey & Susan & Bryce
21579309,Inn at the Opera Hotel Room,47514427,Jeffrey & Susan & Bryce
21583195,Inn at the Opera Hotel Room,47514427,Jeffrey & Susan & Bryce
21584555,XL Art-Filled Room in a Sunny Victorian Apartment,9541214,Julian
21591945,Sunny fresh air room/sink UCSF/USF - San Francisco,21994,Aaron
21592081,Special -Room(UCSF/USF/)-sink/sunny/fresh air/view,21994,Aaron
21596397,Take it Easy on Potrero Hill,4718164,Serena Leilani
21620847,*SOMA Condo 2Br/1Ba-Free Parking-Easy Walk to BART,10622144,Jefferson
21625713,Private 1 bed+bath near SFSU & MUNI to DWTN,85774793,Shan
21635395,Cozy and quiet studio in charming Russian Hill,150732464,Salman
21645603,"Quiet, Spacious 3 Bed-1.5 Bath -Sunny Mission Dist",153797883,Phyllis
21648684,Peaceful Place of Portola,156943235,Jay
21650740,Bagan - Spacious & Comfortable Zen Retreat,4350837,Servio
21674820,"Remodeled 1 BR,1 BA + den in SF city",20900027,Nuannoi
21727562,1 - 250 Sq Ft Cozy Private Bedroom by Ocean Beach,157074592,Alex
21729398,Charming 130 Sq foot Private room near Ocean Beach,157074592,Alex
21730409,1st Floor Nice & Quiet 100 sq ft Private room,157074592,Alex
21766603,Shabby Chic By the Beach - SF Sutro Lands End Area,29125334,Hilary
21784407,Residential hotel near Union Square SF room#8,115849,Hiromi
21785138,Residential hotel near Union Square SF room#1,115849,Hiromi
21785328,Residential hotel near Union Square SF room#7,115849,Hiromi
21786000,Amazing 3 bedroom in Nopa,3503605,Joseph Yousef
21804276,Relaxing and Comfortable Home Away From Home,1857594,William
21827349,Charming 1 bedroom enjoy staying in Laurel Heights,13832870,International
21836601,1BR/1BA hidden gem walkable to MUNI - 15 min DT SF,159220529,Debbie
21897971,Treat Retreat,46740514,Freddi
21919621,Studio (ADA) at the Donatello near Union Square,47514427,Jeffrey & Susan & Bryce
21964157,Wing of San Francisco(旧金山之翼)2 BRooms for 1–5people,149797235,Wing
21966303,Charming Edwardian Studio in the Mission,4430421,Adam Nicolas
22016717,Elegant Tudor Style 1x1 in  Mission/Dolores,4430421,Adam Nicolas
22032438,Civic Center Vista,91333416,Jan
22032808,Pacific Studio South,91333416,Jan
22032836,Pacific Studio North,91333416,Jan
22048292,Light-Filled Spacious Downtown Studio,4430421,Adam Nicolas
22067613,1 BR in SF,27142405,Willow
22068547,Quiet getaway: 12 min to Downtown SF/3 min to UCSF,33005301,Sheldon
22104756,Spacious and Comfy 1 BR in Russian Hill,150732464,Salman
22175258,Studio w/ patio & parking on a Sunny Dog Hill,34799523,Mari
22179656,Panoramic condo on top of Twin Peaks,55608305,Siana
22189205,Gorgeous Cottage with deck & garden in Cole Valley,7636990,Gregoire
22190418,Master upstairs sunny Queen Room Mission Terrace,9109983,Geoffrey
22193833,Beautiful Victorian flat in Cole Valley,7636990,Gregoire
22229654,"Private, Lovely Minimalist Home near GGP and Ocean",148590346,Ellen
22245431,Renovated Home in the heart of Potrero Hill,13613187,Rose
22328157,Castro / Corona Heights Charmer with a View (2 bd),163243187,Bryan
22340219,"Charming, Spacious Bedroom/Bath in Pacific Heights",163339428,Jenny
22355943,The Cellar,74052669,Carlos
22375226,"Gorgeous, quiet Edwardian house in HEART of Castro",2253513,Scott
22389574,"Modern, Sunny, 3BR Flat at Dolores Park",134577004,David
22396454,Condo in Hayes Valley w Private Balcony,1257432,San Francisco Life
22402266,Sunny Flat by Ocean Beach w/Free Prkg & Laundry!,80517551,Lily And Jacob
22403752,Large New Garden Studio - Presidio Heights Park,163722561,Iryse
22430481,Sparkling Sunset Studio: Beach/Park/Wi-Fi/Train,55550031,Mary
22435235,Castro 4bd/2ba flat all yours,102598592,Luke
22483206,Modern SF Castro 2bd/2bth.  Amazing views/location,84011857,Preston
22495406,"Share our home: walking, transit, shopping, food",3138116,Jay
22507343,Fabulous 3 bed flat for long stays,1272604,David
22507454,"Large, Bright 2 Bedroom Apartment!",150732464,Salman
22512581,Hayes Valley Haven - sunny with private entrance,152997097,James Nelson
22525784,Large upstairs sunny queen room in Mission Terrace,9109983,Geoffrey
22532009,Twin peaks - JJ's Homes,158469625,Jinza
22546291,Cozy Quiet Furnished Room near CCSF,99664272,Monita
22548614,"Airy private room in quiet home, Castro",165656350,Judy
22551762,Cozy Private Master Suite & Bath + Parking,99664272,Monita
22555972,The Painted Man- SF Historic Victorian Mansion,128030152,Vincent
22563498,Cozy King Bedroom & Bath in Pacific Heights,163339428,Jenny
22565419,Fantastic location SOMA condo,165836221,Leslie
22626810,Condo with  Balcony in  Hayes Valley,1257432,San Francisco Life
22630205,Monthly Beautiful Nob Hill Apartment for rent,1692184,Joseph Edward
22653093,Bright Remodeled Studio in Downtown - VIEWS!,4430421,Adam Nicolas
22676805,Haight-Ashbury Studio apt#7 Wi-Fi. kitchen .W/D,110078968,Ahmed
22694237,79aa SFSU/Parkside cozy studio w/private ba/entry,131200418,Lois
22704895,Cozy Private Master Suite & Bath,99664272,Monita
22706971,Bay View!,1583279,Jordan
22718099,Alice & Michael's Airbnb 1-Bedroom Suite,167608343,Alice
22764131,Castro Heights 3BR/2BA City Views & Parking Gem,163243187,Bryan
22792806,Serene Studio in Great Location,1892430,Jan
22800066,Charming Edwardian Castro District 1BR Apartment,51158145,Heidi
22815676,Charming 1x1 in Hip Mission/Dolores!,4430421,Adam Nicolas
22826843,"New Mattress,Golden Gate Park,FastWiFi,Location10",16545847,Victor
22864701,GREAT LOCAL! Dolores Park NEWLY REMODEL'D & FURN'D,12008316,Ettore
22903941,Italianate Victorian 2 BR + Office & Den Nob Hill,13832870,International
22944965,NOPA Victorian Apartment 2BED/2BATH,38836,Bernat
22953350,Sunny Mediterranean in Noe Valley,6295982,Michelle
22970151,Artistic 1BR Apartment in Beautiful Russian Hill,168622682,Ceri
22972604,Private Studio w/Kitchen Near BART – 30+ Day Stays,1393328,Gustav
22981152,Convenient light-filled apartment with view,3676663,Catherine Marie
23004935,Red Victorian - Private room -  Rainbow Room,117141107,Zarinah
23020140,San Francisco Boutique Hotel -Sleeps 4,64646820,Michelle
23025299,"【A】Comfy,Separate Entrance&Private Bath Guest Room",170765678,Yinhuan
23027174,Serene 1-Bedroom Lower Pacific Height Fillmore,146450,Yajun
23087617,4BR/2BA Remodeled Home in the Heart of The Castro!,2711732,Keith
23095049,Remodeled Master Suite in the Heart of The Castro,2711732,Keith
23106655,Potrero Hill Sunset Retreat,170427853,Alvin Thomas
23121061,Large & Bright Room in the Heart of The Castro,2711732,Keith
23147212,Beautiful Room in Outer Richmond!,56398946,Marcia
23147423,Designer Single Family Home,172003832,Sylvia
23150717,Live like you own Church street in SF,100672984,Roberto
23193998,Chic Hayes Valley Apartment,5710128,Kathryn
23204343,Private Windsor Terrace Guest Suite,172548751,Alex
23209264,Cozy and Private 1/BR Guest Suite With Views!,23741447,Linda
23217998,Business Ready in the Heart of The Castro * W/D,2711732,Keith
23230950,buena vista beauty,4152894,Gena And Jon
23240184,"【B】Comfy,Separate Entrance&Private Bath Guest Room",170765678,Yinhuan
23303083,"Artist's Edwardian flat: shops, restaurants, parks",3138116,Jay
23353721,"2 bedroom + Den, 2 bath, Parking, In Unit Laundry.",137980,Jack
23354077,Dolores Park Suite,39759525,Maria
23359001,"Smart Nob Hill Condo by FiDi, Union Sq, CPMC",988375,Jennifer
23373781,CONVENIENTLY LOCATED IN THE HEART OF SAN FRANCISCO,174218347,Ellis
23431731,Updated and modern 1 Bed/1 Bath city stay,16595319,Ryan
23453660,(929 #C) Private bedroom + shared bathroom,46519368,Kenny
23470169,"Arts & Crafts Home, Ocean & Marin Views, 3-6 mos",77013822,Carol
23470327,"Blocks from the beach, steps from the park",832651,Beatrice
23504233,*Charming Ashbury Hghts/Cole Valley Garden Studio,147265814,Courtney
23505904,Charming Mission 2x1 w/ Modern Touches!,4430421,Adam Nicolas
23550791,Private Bedroom/bathroom with private entrance!,175969733,Sat
23567834,•	Spacious 1 Bed Suite in Painted Lady-Duboce Park,135551998,Terry
23568246,Private suite in Noe Valley,141784,Bradley John
23581401,"Private Bedroom/bathroom w/ own entrance, Suite C",175969733,Sat
23599466,A Great Hotel Style Suite in Union Square,70722023,Michael
23650448,brand new built condo,40308957,Ajita
23665283,Historic Mission Studio w/ Modern Touches,4430421,Adam Nicolas
23672181,Cozy Room w/Private Bath in Heart of Mission,6378008,Andrea
23681212,Fantastic Location in San Francisco Union Square,64646820,Michelle
23681672,Sweet One storey Single Family House,47100471,Remi
23683696,Private 1-Bedroom Apt in Mission District,153797883,Phyllis
23684260,"All yours, a loved home in Bernal.",24053387,Annelise
23684463,Great location in Union Square-FREE WIFI,64646820,Michelle
23684875,Fantastic Location union square close to all,64646820,Michelle
23685499,"Renovated Victorian Hayes Valley, City Hall, Opera",64646820,Michelle
23685560,Charming Garden Suite in Bernal Heights,177394339,Laily&Tracey
23686129,Stay in Union Square. Close to all-Free Wifi,64646820,Michelle
23686364,Hayes Valley Location-Civic Center-Boutique Hotel,64646820,Michelle
23699151,Prime Location in Union Square-Close to all,64646820,Michelle
23700802,Entire SF Flat near Golden Gate Park & Ocean Beach,177152067,Irene
23714398,Art-filled Victorian Flat w/French Chef’s Kitchen,26383,Gregory
23746795,Great Private Studio- Donatello Hotel-Union Square,64646820,Michelle
23751274,Gorgeous & Airy Apartment in the Heart of the Mission,178126462,Aisling M
23763871,Petite Room - Queen Bed,160591574,Monte
23773339,Standard Room - California King,160591574,Monte
23781534,Beautiful Private Pacific Heights Condo.,178425455,Jennifer
23789066,Pleasant Studio near UCSF,1892430,Jan
23813739,PRIVATE 1BR  & PRIVATE bath for solo travelers,23741447,Linda
23827071,Ideal location Union Square.,64646820,Michelle
23838746,San Francisco Studio,43014594,Andrew
23854289,Boutique Hotel-Hayes Valley-Civic Center,64646820,Michelle
23883643,Private Victorian Escape,19045867,Roya
23884346,Hayes Valley Boutique Hotel - sleeps 4 & 2 baths,64646820,Michelle
23907104,Coastal Simplicity,68135323,Jeffrey
23942828,"Cozy Furnished Room near Bart Station, CCSF",99664272,Monita
23946104,"Cozy Private Studio, close to golden gate park/USF",9106943,Maria
23963992,"Sunny, Spacious Penthouse with Stunning City Views",152980706,Jonathan
24000340,Room with San Francisco Views,295976,Nathalie
24034368,Charming Unit in the Upper Haight,1892430,Jan
24036794,Bright modern home in quaint Cortlandia,1324417,Alana
24043927,Casa Mission Dolores,10876114,Ranny
24065926,Beautiful Hotel Style Studio Heart of Union Square,70722023,Michael
24099520,"Luxury 3BR Home - Pano Views, Steam room & Deck",181489269,Daniela
24129914,Private Apartment in Historic Victorian with Back Patio,33068864,Leslie
24149977,Ocean Beach Retreat w/Private Entrance,2623502,Chen-Hsin
24153144,Home in the Heart of Nob Hill,182006798,Condo
24162068,Casa Balmy Alley,7426517,John
24162999,Balmy Alley private room and bath,7426517,John
24163232,Room with private deck on Balmy Alley,7426517,John
24181120,"Sunny Marina flat, half block to the water",2701386,Kristen
24230206,Inspiring Skyline Views From a Hip Loft in SoMa,182682615,Eduardo
24231921,Mission Villa,192937557,Coryne
24249961,San Francisco (Noe Valley) Private Studio,19182902,Justin
24270270,Stunning Marina Condo with office,10637033,Anthony
24309390,2 Spacious Private BR Close to Golden Gate Park,156562268,Glen
24337398,Donatello Hotel,52178915,Jim
24361125,"Bernal Heights w/Parking, 10min. DWNTWN SF",162183412,Marjorie
24376665,"311D Private Room in Super Convenient Area, Room D",127638239,Ching Ho
24379811,Private Suite 1Bd 1Ba Kitchen Nice & Convenient,150525926,Mei
24408036,Charming Nob Hill Studio,184257649,Steve
24412150,Comfortable Hotel Style Suite in Union Square,70722023,Michael
24412267,Pleasant Hotel Style Suite in Union Square,70722023,Michael
24429125,Spacious Union Square Hotel Style Suite,70722023,Michael
24468179,Bayview Garden studio,29690156,Nicole
24475148,A Modern Room in the Heart of San Francisco (#C),5959352,Tina
24491303,SoMa Retreat,23186636,Dongen Bradley
24495307,Top Floor Room w/ Private Bath & Deck in View Home,34799523,Mari
24499851,*Excellent Union Square Location*Great Hotel Suite,70722023,Michael
24541927,ONE BEDROOM WITH SPECTACULAR VIEWS IN PAC HEIGHTS,13832870,International
24599232,Skyview S.F. Beautiful house with amazing view.,64996654,Van
24626225,"Gorgeous Room, 2BR/1BA Great Location ALAMO Square",6075152,Riccardo
24651682,Modern and comfortable remodeled in-law in Sunset.,29700311,Chopin
24651782,Boutique Pacific Hts Condo w/parking & elevator,9292394,Judy
24653881,Luxury Designer flat w/ garden & amazing location,1229263,Priv
24670819,Beautiful studio in the heart of Haight-Ashbury,186454974,Young
24722081,Cosmopolitan Gem in a Pacific Heights Victorian,39863074,Linda
24793296,Renovated  home in  prestigious Noe Valley!,2419887,Stephanie
24828324,Sunny cozy house in Bernal Heights with backyard,20583271,Erin
24890095,"Relaxing & private Suite in Sunset,by beach & park",188173660,Yijia
24917420,Elegant Victorian Apartment near Alamo Square,15698776,Sofia
25234139,Winter Special!  Flat in ❤ of Mission/Potrero,115689498,Alok
25237201,"Unique Artsy Modern Top Story Condo In Mission, SF",1462572,Parker
25238517,"Remodeled 2-BR Bernal Craftsman, Serene, Near Hwys",988375,Jennifer
25254687,"Cheerful Studio w/View, Steps from Dolores Park",190800963,Russ
25288190,This Must be the Place! Quintessential Ocean Beach,836116,Elizabeth
25355368,"San Francisco, St.Marys Park spacious two bedroom",169948922,Erica
25356099,"3BR 2BA no kitchen, $25/day parking option (<16ft)",175969733,Sat
25367860,Petite Palace of Music,173448361,Michelle
25376401,"Cheerful Suite w/ Garden, Steps from Dolores Park",113405017,Russell
25380342,Charming new apartment in Pacific Heights,191621741,Charles
25403706,Nob Hill Apartment with Garage Parking Available,1692184,Joseph Edward
25405200,San Francisco Bright Room w/Private Kitchen,29535485,Araceli (Celi)
25419563,"In-Law Unit:Bed, Bath, Kitchenette/NO Cleaning Fee",28190541,Stephanie
25422628,Luxury high rise right by the Bay,6262569,Jacqueline
25427084,SF Charmer steps from Golden Gate Park,6087917,Shelby
25432313,"Comfy & private Suite in Sunset, by beach and park",188173660,Yijia
25432375,"Lovely 2-bedroom suite in Sunset,by beach and park",188173660,Yijia
25434591,Golden Gate Park in Sunset,191314376,Jane
25443874,Ground Level Golden Gate Park in Sunset B2,191314376,Jane
25554933,(927 #4) Private bedroom + shared bathroom,46519368,Kenny
25592607,Golden Gate Park in Sunset (Ground Level B1),191314376,Jane
25621756,"Modern,  designer condo in the heart of SOMA",10624702,Karim
25723504,Resort Like Living in Serene Downtown Condo,988375,Jennifer
25730240,sexy little studio,4152894,Gena And Jon
25808640,"Pet-Friendly SF Guest Suite w/ Yard, Games & Views",46412254,Mehul
25840507,Dreamforce Deluxe Suite #20 - Walk to DF!,5805679,Laurence
25842694,A cozy private unit in San Francisco,57068872,Meihua
25869469,Modern Room - SF Jazz - Bill Graham - Chase Center,103884979,Rams
25907508,Big & Bright Large SF Bedroom in quite area,31607663,Ximena
25912297,Comfortable- central Location  Parking Pet piano,11883320,Kim
25948779,Beautiful and Modern in the Heart of San Francisco,48589875,Ut
25976748,Great Studio Hotel Style Suite in Union Square,70722023,Michael
25979052,Amazing Golden Gate Park Location,10678810,Jeri
26003720,Deluxe Wyndham Suite Near Moscone Center - 2,5805679,Laurence
26004362,Eat Breakfast on a Private Deck near Golden Gate Park,20767323,Roy
26008354,Ashbury Studio,38836,Bernat
26029679,"Blueground | Nob Hill, balcony, views, nr Union Sq",107434423,
26058962,DREAMFORCE CONFERENCE,195837612,Keri
26095551,Twin Peaks Mid-centrury Modern house w/ Bay View,196142120,Aaron
26099225,Sparkling Sunset Solo Suite: Beach/Park/WiFi/Train,55550031,Mary
26105960,Garden level private apartment near Dolores Park,77668947,Mina
26134644,RUSSIAN HILL FLAT 3 BEDROOM CONDO WITH VIEWS,24157036,Angela
26140890,Foley’s Place,189485548,Jack
26171533,"2BR/1BA, no kitchen, $25/day parking option(<16ft)",175969733,Sat
26252036,"Blueground | Nob Hill, sauna & gym, nr Union Sq",107434423,
26252354,"Blueground | Nob Hill, gym, sauna & city view",107434423,
26259702,Sweet garden suite with free parking,183605554,Annette
26261610,Golden Gate Bridge Theme Private Suite near beach,189949162,Joey
26273977,Private room:Waterfront perk 3 min to Oracle park!,21335471,Kiara
26276374,Hotel Style Studio Suite in Heart of Union Square,70722023,Michael
26303324,Private Entry 2BR/1BA only 15 mins to SFO Airport,9721401,Mags
26323995,Recharge in a Modern House on a Quiet Street with a View,18474672,Farzad
26328350,"Quiet, Airy Room One Block from Golden Gate Park",174981520,Earl
26329118,Cozy Room One Block from Golden Gate Park,174981520,Earl
26334584,#T15 - Amazing Private Room in Startup House,141944806,Bed|N|Build #6
26334587,#T15 - Amazing Private Room in Startup House,141944806,Bed|N|Build #6
26334653,#T15 - Amazing Private Room in Startup House,141944806,Bed|N|Build #6
26334655,#T15 - Amazing Private Room in Startup House,141944806,Bed|N|Build #6
26334733,#T15 - Amazing Private Room in Startup House,141944806,Bed|N|Build #6
26334834,#F15 - Spacious Private Room in Startup House,141944806,Bed|N|Build #6
26334835,#F15 - Spacious Private Room in Startup House,141944806,Bed|N|Build #6
26334895,#F15 - Spacious Private Room in Startup House,141944806,Bed|N|Build #6
26334899,#F15 - Spacious Private Room in Startup House,141944806,Bed|N|Build #6
26334945,#T15 - Amazing Private Room in Startup House,141944806,Bed|N|Build #6
26334949,#F15 - Spacious Private Room in Startup House,141944806,Bed|N|Build #6
26335031,#F15 - Spacious Private Room in Startup House,141944806,Bed|N|Build #6
26335033,#F15 - Spacious Private Room in Startup House,141944806,Bed|N|Build #6
26336274,Inn at the Opera Hotel Room,47514427,Jeffrey & Susan & Bryce
26396972,"ENTIRE HOME, 2 bedroom, sleeps 4+, great location!",1792651,Bernard
26415089,Cheerful Suite w/ View & Garden Near Dolores Park,113405017,Russell
26468572,65aa UCSF/GG PARK Sunny cozy rm w shared,62034618,Ting Ting
26522687,Loft style bright and spacious private suite,36013384,Joyce
26566885,Bernal Retreat,9727150,Aditi
26571969,"Red Victorian - Private room, Earth Charter",117141107,Zarinah
26572144,"Red Victorian - Private suite w bath, Flower Child",117141107,Zarinah
26709189,15th-Floor Luxury With Views of Downtown and The Bay,17264774,Tom
26710943,Cozy Guest Suite Near Liberty Stairs,39759525,Maria
26718900,Charming Space in Quiet SF Nook,44956536,Lazar
26747021,Cozy suite in the heart of Noe Valley,232759,Michael
26785153,Spacious Luxury Historic Loft in Downtown SF,201414298,Julie
26787002,Heart of the Mission District -  Apartment,144896022,Victor
26832092,Roomy and well located Mission Dolores apartment,1889323,William Nicholas
26921699,Walk to Shops-Eats-Symphony-Opera-Painted Ladies,202536938,Kaleen
26945594,Victorian Flat in Mission District (Monthly),81333068,Laura
26992096,Mission Dolores Minimalist,17837327,Sadono
27033826,"Cozy Marina Studio by Presidio, Bistro Downstairs!",377442,Vikram
27064878,San Francisco Home by the North Waterfront,36136411,Rishi
27065879,San Francisco Home with Panoramic View,8077748,Adrian
27107519,Guest Cabana · Dolores Park/Mission/Noe · Hot Tub,46107941,Robert
27111574,Brand new light filled one bedroom in Pac Heights,191621741,Charles
27155112,San Francisco Pacific Heights 4 Bedroom Flat,26302318,Suzanne
27192592,Parkside Place,2430503,Carlos
27203318,SOMA Brick&Timber 1 BD/1BTH w/Den next to Caltrain,10556728,Warren
27225440,Family friendly flat in Central Richmond district,252927,Vivian
27260835,Ocean Beach Oasis,13929582,Joyanna Elizabeth
27293379,"Tel-Hi Penthouse w/ pano views, safe, steps to all",331559,Sharon
27312690,The Peacock Palace,205780984,Pritam
27316091,"Award winning, designer home in the heart of SF",19265390,Joshua
27399170,Dreamforce Deluxe Wyndham Suite #3 - Walk to DF!,5805679,Laurence
27399818,Dreamforce Deluxe Suite #4 - Walk to DF!,5805679,Laurence
27407557,Residential hotel near Union Square SF room#11,115849,Hiromi
27432816,Dreamforce Deluxe 1BR Suite  #7 - Walk to DF!,5805679,Laurence
27467934,Private Room,27123550,Jacquelyn
27491473,Secret Garden Victorian home in the Mission,4792470,Emilse
27508842,Gorgeous Mission Victorian Home Away From Home,7281723,Shawna
27510287,Cole Valley Sunny & Airy Private 1BR Suite+Patio,207430416,Donald Bruce
27523751,Bright 2 Bedroom Home Walk To Beach,3855220,Gerard
27530136,The Richmond House,200417396,Irina
27555509,Spacious queen room in the heart of SF!,875221,Jessica
27558226,SanFrancisco Fully Furnished Studio/Apt clean&safe,86439703,Sylvia N
27598470,Big 2 BR entire SF Soma apt with private entrance,10618159,George
27611813,Private 1BR/1BA one block near Golden Gate park,61724483,Emily
27639658,Cozy Bedroom + Private Bath Near Painted Ladies,193098973,Muriel
27657432,"Gorgeous SF Condo, minutes to Downtown SF!",201347822,Benson And Erica
27701970,Soak Up Historic Charm at the Inner Sunset Getaway,1979036,Erin
27705941,"SF SOMA room next to Moscone, Transit Center, MOMA",1036129,Abhi
27707954,Spacious Sunny Castro/Haight 2BR/1BA Apt Sleeps 6,31764728,Erin
27710210,Red Victorian:Saturn Bottom bunk in Hula Hoop Room,117141107,Zarinah
27725598,Marilyn Monroe Suite,1208533,Antonio
27741340,"Blueground | Mission Bay, gym, nr Caltrain",107434423,
27808710,A One Bedroom Hotel Style Suite in Union Square,70722023,Michael
27828332,"Blueground | S. Beach, pool & gym, nr SF bay",107434423,
27832283,Amazing room in the Outer Richmond district!,56398946,Marcia
27834918,San Francisco Apartment,46516288,Hyerin
27852325,Land's End Retreat,162137718,Sylvia
27857184,The Richmond House II,200417396,Irina
27895671,Cozy Noe Valley Studio,486224889,Sarah
27898470,Spacious Mission Apartment + 2 Patios + Parking,700638,Christie
27905010,Pacific Heights Grand Elegant Studio,20169016,Springer
27928375,Pacific Heights Victorian Bedroom & Bathroom,20169016,Springer
27933930,West Portal Guest Studio,157329441,Jian
27937727,Tony Bennett Suite with Private Terrace,1208533,Antonio
27938375,Audrey Hepburn Suite,1208533,Antonio
27960744,Garden Guest Suite. Free garage parking.,122565703,Rosalind Dolores
27980774,Castro Retreat,19610799,Eric
28009722,Cozy Hayes Valley Work Ready Suite - private bath,198616,Nancy
28028464,Walk to Golden Gate Park from a Radiant Home,2239870,Blair
28047393,Large Modern Castro View Home,16921283,Jonathan
28050674,Lovely Hotel Style Suite - Heart of Union Square,70722023,Michael
28053384,Your home away from home in San Francisco!,24095377,Thomas
28074409,Stunning Bay View! Heart of Little Italy,212075336,Erik
28085987,Bright central loft with Peloton,17083537,Sarah
28105604,One of a Kind Home in the Heart of San Francisco,4873926,Katherine & Philip
28121012,"Sunny, Spacious 3 Bedroom Edwardian in the Mission",4107779,Charles
28160772,1BR designer garden oasis w/ euro charm,212709106,Jana
28164026,Quick Walk to Valencia Street,61475820,Martin
28181442,Charming Pacific Heights Victorian Getaway Suite,31108813,Yoram
28186675,Sunny Victorian 2 Bedroom Suite with Private Bath,742560,Brian
28200634,*Heart of Richmond near SeaCliff* 1400sf *Garage*,144885524,Edmund
28259229,1BR Suite with Private Living Room and Bath,6093410,Thomas
28263206,Private Room in Beautiful Inner Richmond,58930,David
28267650,"Blueground | S. Park, nr Caltrain & park",107434423,
28368154,Beautifully Designed Private Room @ Dolores Park,4440278,Emmanuel
28384050,Master Suite and Living Room,203829399,Khin
28388893,"HUGE Private Victorian, 3 BED (*2 + den*)/2 BATH",147938322,Bella
28390797,Elegant Victorian  Flat near Hayes Valley,48618681,Dee
28459122,Classic Architecture/Modern Design in City Center,31021771,Ryan
28462004,3-Bedroom Victorian w/Parking in Bernal Heights,1749031,Jessica
28472791,Super Clean Suite:  Hip/Restaurant Neighborhood,6093410,Thomas
28517686,Book today for Private Studio-Free Wifi-Union Sqre,64646820,Michelle
28518540,"Charming, updated Victorian 4BD 4BA",17386085,Michael
28581080,Sunny Mission/Bernal Room for October Sublet,20762433,Isabelle
28603195,Entire Guest Suite in San Francisco home,132534885,John
28673251,"Cheerful Studio w/ View, Steps from Dolores Park",113405017,Russell
28694360,Chic SF Retreat w/Parking & Yard,172488,Allison
28696499,#3 Private room with private bathroom,216480693,Fa
28712209,Shipyard Condo,216581684,Ashish
28712636,Explore Golden Gate Park from a Sophisticated Home,22618879,Irena
28733771,Sunny room with full-size bed in heart of SF,875221,Jessica
28734043,Sunny room with Queen bed in heart of SF!,875221,Jessica
28755204,Downtown Studio (multi-month available-plz ask!),32140713,Julia
28758496,Beautiful 1 bedroom hotel suite in Union Square,70722023,Michael
28758712,Comfy 1 Bedroom Hotel Style Suite in Union Square,70722023,Michael
28781468,Beach & Parkside San Francisco,201688310,Pam
28784618,Pacific Heights Victorian Garden Bed & Bath Suite,20169016,Springer
28919893,"Charming entire house with 2 BRs by GGP , Ocean",172278627,Xinyu
28932960,Private cozy room 2,218088604,Jimmy
28935709,Two Bedroom Bay View- with Two Free Valet Spots,218110608,Sanana
28935882,#2 Private room with private bathroom with tubs,216480693,Fa
29007305,Bright Apartment in the San Francisco Mission,729322,Molly
29039496,Excellent 1 Bedroom Hotel Suite in Union Square,70722023,Michael
29059676,Stylish Garden Suite with a  dash of Vintage,49532950,Audrey
29107044,2 bed 1 bath updated Flat-Inner Sunset,34153201,Pamela
29125029,Cozy Private 1 Bedroom / 1 Bath Unit,13922542,David
29192965,Affordable Room w/ Great View in San Francisco,40297300,Rian
29221865,Chic Flamingo Retreat + Near Ocean Beach,189949162,Joey
29241451,2B1B Private Suite in Sunset Free Street Parking,215092267,Rae
29243902,Amazing views in a stylish Noe Valley condo - 1,2846262,Sergio
29261601,(929 #D) private bedroom + shared bathroom,46519368,Kenny
29316715,Stylish Noe Valley condo with amazing views,2846262,Sergio
29334689,"Stylish Modern Getaway, Biz Friendly",110241852,Angie Yee
29334701,Elegant San Francisco by Ocean Beach - King Room,190646714,Jenny
29393766,Spacious 1 Bedroom Garden Apartment Walk To Beach,3855220,Gerard
29421648,Charming Cottage near Dolores Park,2463273,Ingrid
29435807,2B1.5B suite StunningView Hill Top 24hr Free Pking,49337544,Zhenyu
29459417,Golden Gate Park in Sunset,191314376,Jane
29465769,Nob Hill/Union Square Classic Experience,107289523,Phuong
29486775,Downtown San Francisco Penthouse Oasis,58924169,Nahal
29488665,Spacious 1 Bedroom Central Location,84370701,Alena
29491521,Live like a SF local in Noe Valley!  Private deck,222115995,Anjanette
29494202,San Francisco Marina Garden Apartment,200818212,Melissa
29515076,New self-contained SOMA private room & bath,8159368,Mark
29523351,Large Art Filled Room next to the Painted Ladies!,9541214,Julian
29593658,Haight & Ashbury Victorian Masterpiece!,222767094,Benjamin Jr
29594605,Private Suite & Entrance. No Shared Space.,6751852,Toni
29610726,Noe Valley Light filled  Home,10353586,Margaret
29613683,"Comfy, Convenient Guest Suite!",222913107,Sophia
29678261,Luxury 2 Bedroom Condo with two free valet spots,218110608,Sanana
29704006,The Golden Egg: 1880s Updated Noe Valley Victorian,1253187,Diana
29705268,Two Bedroom Apartment,218110608,Sanana
29757778,Master Bedroom Private Entrance,28133977,Nicole
29823880,Nob Hill Condo,178425455,Jennifer
29824667,Sunny Victorian with Stunning Bay and City Views,20495232,Emily
29843679,"Blueground | Telegraph Hill, gym, nr pier 39",107434423,
29906225,Holiday at the bay never been better!,102247987,Jason
29924753,Entire unit w/ kitchen & parking,224997048,Yara
29924843,"Private Bedroom, Ocean View, Private Entrance",28133977,Nicole
29926752,Luxury Tri- Level San Francisco Home with a View,225011630,Samantha
29928078,Sweeping City Views From a Modern House in the Center of SF,12362435,Tingting
29963453,Fantastic One Bedroom Hotel Suite in Union Square,70722023,Michael
29964346,"5 Bedroom Mid-Century near UCSF,  Inner Sunset",11820504,John
29990041,Charming Home in Pacific Heights,163339428,Jenny
29992190,"Red Victorian - Private room w loftbed, Butterfly",117141107,Zarinah
30042211,Private Comfy Modern Potrero Garden Oasis Suite,9145110,Soumya
30043513,Large Bedroom A & Shared Bathroom in Heart of SF,225791151,Ryan
30062514,"Cute, Clean, Quiet Studio in Amazing Location",11166165,Andrew
30068468,The Magnin Mansion Penthouse - 3BED 2BA,38836,Bernat
30069424,Comfy & Convenient 3BR 2BA Unit in SF + Parking,20734176,Edwin
30069575,Perfectly Located Jackson Square Condo,7108507,Ted
30074578,Brown Elegant Suite Room,224418934,Haiping
30091565,❤️ Modern Entire Studio ~ Best SF Location ❤️,203065170,Serhan
30129780,Elegant Home by Golden Gate Park & Ocean Beach,190646714,Jenny
30131296,"Cozy, clean and spacious room near Alamo Square!",100238617,Dragos
30175141,NoPa Garden Sanctuary ⭐️ Jacuzzi ⭐️ Walk Everywhere,226685582,Dylan & Alex
30212338,"View ocean, master bedroom bath private entrance",28133977,Nicole
30266695,Cozy Ingleside Home-Base,8688026,Gregory
30272345,2 Big Beds Private Room—Heart of SF Bernal Village,38209715,Tony
30275221,Beautiful studio + private bath in heart of SF,875221,Jessica
30318695,Mulk Place,212325050,Colleen
30346332,4 Bedroom house-No partying/smoking!,672862,Sharon
30351194,#1 Private room with private bathroom with tub,216480693,Fa
30361406,"Blueground | Mission Bay, gym, nr Caltrain",107434423,
30365369,"Blueground | Mission Bay, gym, nr Caltrain",107434423,
30365397,"Blueground | Telegraph Hill, spa, nr Coit Tower",107434423,
30368366,"Blueground | S. Beach, pool, next to SF bay",107434423,
30368629,"Blueground | Rincon Hill, gym, balcony & hot tub",107434423,
30397747,"Gorgeous, recently decorated Marina 3BR/2BA Condo",10055649,David
30399463,Beautiful & Bright Guest Room!,3816497,Alex
30505637,Renovated Edwardian Family House Close to Golden Gate Park,11362363,Dave
30506989,Solace at Bayhaus | 2 Bed | WFH | Laundry | Parkng,2146719,Nikki
30515115,Sunset Family Suite near Ocean Beach,228795585,Gordon
30532741,❤️Beautiful Victorian in the Heart of San Fran ❤️,203065170,Serhan
30534155,Beautiful Fisherman's Warf  view Flat,39729330,Bradford Kent
30534300,"Charming 2BR in West Portal, Easy Downtown Access",3286545,Sirikhwan
30564588,⭐️Clean & Comfy Victorian Suite⭐️ Best SF Location⭐️,203065170,Serhan
30687431,#3private Bathroom/balcony next toThe Ritz Carlton,100586872,Gaineng
30696168,NOMAD SUITE | Private Deck | Laundry | Parking,2146719,Nikki
30701028,Eastern Touches in Fez Room. en suite. New. Views,3617002,Pankaj
30713782,Dogpatch/MissionBay cozy private room.,21817808,Belinda
30714980,Modern condo 1 bed + loft - downtown SF (30+ days),229909490,Ahmad
30745601,"Spacious, stylish, cozy 1 bedroom  in Potrero Hill",1319515,Jocelyn
30774802,Modern New place & furnished for Long term stay,230265204,Wan Chun
30776488,"Red Victorian - Private room, Hole in the Wall",117141107,Zarinah
30800214,Dreamforce Deluxe 1BR Suite  #6 - Walk to DF!,5805679,Laurence
30801201,"2 Beds, New Mattress, Golden Gate Park,Location10",16545847,Victor
30801321,Dreamforce Deluxe Wyndham Suite  #13 - Walk to DF!,5805679,Laurence
30801433,Dreamforce Deluxe 1BR Suite  #8 - Walk to DF!,5805679,Laurence
30803785,Dreamforce Deluxe 1BR Suite  #9 - Walk to DF!,5805679,Laurence
30803873,Dreamforce Deluxe Suite #5 - Walk to DF!,5805679,Laurence
30805783,"Red Victorian - Dusk Bottom Bunk, Hole in the Wall",117141107,Zarinah
30816842,Sun Filled Garden Room. En Suite Bath. New. Views,3617002,Pankaj
30817227,Central 10 min ‣ DT~ New~ Views~ Parking~1GIG Wifi,3617002,Pankaj
30821293,SOMA Room Suite w/ bath & private entrance & yard,10622144,Jefferson
30851994,Artist Apartment with Views,105646223,Terri
30881800,A quiet comfortable place after a day on the bay,20536324,Shannon
30890889,"Attractive, warm, central and modern apartment!",17010953,Jessica
30906103,Large NOPA apartment,10501924,Karen
30913192,"#3 private room,quiet and cozy",231021347,Helen
30913576,"#2 private room,ocean view, cozy.",231021347,Helen
30913907,Shared Room A,231021347,Helen
30984623,"Walk to Bus, NOPA, Haight,Grocery Store, Cafe",231490242,Teresa
31017581,A Quiet Home after Exhilarating Day on the Bay.,20536324,Shannon
31055670,End of Day in Noe Valley,231980369,Mark
31057117,"Large & Private: Living Room, Bedroom, Bath, Entry",29112772,John
31072163,Secret-Garden Oasis on Historic SF Prop ★AC & W/D★,160781622,Eric
31072911,Film-Featured Hilltop 3BR Villa | City View+Nature,25116424,Yu
31120211,Modern Sunset Suite (+King bed) by GG Park,7074942,Cynthia
31124126,Room1,208750284,Dongmei
31124810,ROOM 2,208750284,Dongmei
31124937,ROOM 3,208750284,Dongmei
31127506,"Top Union Square Location, 1 bedroom Hotel Suite",70722023,Michael
31130054,3bc UCSF/GG PARK cozy master-ensuite newly remodel,62034618,Ting Ting
31131163,3bb UCSF/goldengate park cozy private rm shared ba,62034618,Ting Ting
31146290,"Red Victorian - Private room 1/2 bath, Night Duty",117141107,Zarinah
31157758,"Blueground | Nob Hill, gym, nr Union Sq",107434423,
31173023,#2 private bathroom next to The Ritz- Carlton,100586872,Gaineng
31206489,Beautiful room in an 1890 Noe Valley Victorian,21196676,Craig
31221757,25th Hill House Garden Apartment,41871689,Winnie
31233442,Bernal Heights Retreat,46797041,William Prieur
31266646,Inn at the Opera_One Bedroom,52178915,Jim
31281387,Loft Living in the Lower Haight,2797889,Shri
31294109,Private Apartment in Bernal Heights,233982334,Maria
31331285,Modern apartment in SF beautiful Potrero Hill,2993648,Eduardo
31336364,The Donatello Hotel one block from Union Square,77606360,Christine
31338594,Room B,231021347,Helen
31339864,#4private Bathroom/balcony next toThe Ritz Carlton,100586872,Gaineng
31356493,Spacious - Union Square Hotel Style Suite,70722023,Michael
31424518,Mission Bay/Dogpatch-Beautiful Private Room,21817808,Belinda
31437113,"Entire Flat & 1 Bedroom, Location! walk to it all",4244521,Jeffrey James
31439076,Modern Full Kitchen Studio near Beach and GG Park,23992809,Kathy
31440773,Dreamforce Deluxe 1BR Suite  #10 - Walk to DF!,5805679,Laurence
31441024,Dreamforce Deluxe Wyndham Suite  #12 - Walk to DF!,5805679,Laurence
31441195,Dreamforce - 11 · Wyndham Deluxe 1BR ApartHotel  #11 - Walk to DF!,5805679,Laurence
31446628,Long-term Alamo Square 1Bd/ 1Ba with parking.,15982236,Tal
31450281,Private guest space with full bath and kitchenette,4346065,Greg
31488238,"Blueground | Nob Hill, gym & views, nr Union Sq",107434423,
31566371,Castro Garden Apartment,236610246,William
31568513,Newly remodeled full floor flat with ocean views,4141253,Les
31571182,Charming Macondray Lane Flat,236655064,Sands
31572917,Luxury Apartment in Castro/Upper Market,10701587,Jane
31595144,The French Victorian - Attic Room *Bay Views,2059233,Wendy
31596642,Perfect Union Square Location - Hotel Style Suite,70722023,Michael
31623662,Inn at the Opera.  Oversize 1 Bdrm,52178915,Jim
31624755,Just Off Union Square - Great Hotel Style Suite,70722023,Michael
31629533,Trendy apartment in SF Mission District,49354377,Tyrisha
31638887,Inn at the Opera: One Bedroom,52178915,Jim
31652671,Sunny Sanctuary Studio,4808897,Heather
31654235,13a UCSF/GG Park New master suite w/shared kitchen,131200418,Lois
31672520,Central Victorian Lower,91333416,Jan
31674728,Bright and Sunny Bedroom in Inner Sunset,137211962,Jing
31695049,One guest private room next to Golden Gate Park,61724483,Emily
31708854,Private third floor with separate entrance,23974491,Brian
31717158,"Modern, Private Room 10 minutes to Downtown SF!",10267172,Cédric & Jun
31724787,View of Pyramid on Telegraph Hill,1588855,Arbe
31738781,2000+ sq.ft Beautiful Home by the Beach! 4BR/2BA,4582677,Felix
31759412,Classic Parkside District House Near Beaches,223365296,Tony
31762328,"Work, Sleep, and Kick Back in a Well-Appointed Garden Suite",111996185,Paul
31778644,Castro Retreat (Entire Condo),19610799,Eric
31797168,SF New Refurbished Modern Home,87842252,Will
31798083,SF Home w/ SPECTACULAR VIEW- Minutes to downtown!,10267172,Cédric & Jun
31803551,Modern Comfort: Home Theater Edition,1766073,Svetha
31827469,Residential hotel near Union Square SF room#6,115849,Hiromi
31855825,VIEW PROPERTY -TOP OF NOB HILL-30 Night Min,40148,Patricia
31924784,Modern one-bedroom in cultural center of the city.,262069405,Scott
31934354,Private Room & Bath w/street park near BART (LTR),239442090,Xinping
31985315,Haight Street Annex,13471395,Joshua
31994853,Studio (ADA) at Donatello near Union Square,47514427,Jeffrey & Susan & Bryce
32017859,Charming and Modern Richmond Charmer,91333416,Jan
32024518,Chic Serene Oasis Home when away from home,239020025,Lynn
32033973,"Private Room, Private Bath near Dolores Park",34600303,Juned
32042801,SF HAVEN,240237089,Walter & Barbara
32072704,Park Place North | Inner Richmond,179161726,Barbara
32088425,Private 1 Bd Guest Suite near John Mclaren Park #1,236853515,Tammy
32113366,"Great Place, Convenient Location, Sleep 4",240915570,Boris
32135550,Urban Chic in Lower Pacific Heights,241073168,Lowrie
32191720,Suite A - Azure Anticipation,201430482,Michelle
32192128,Suite B - Boastful Back Room,201430482,Michelle
32192300,"Suite C - Cyan, Cerulean, or Mint?",201430482,Michelle
32216182,Private Garden Studio in Bernal Heights- San Fran,241739739,Hareggewain
32224581,Furnished In-Law Rm Near GGPark w/ Ocean View,5977346,Melissa
32267818,Ultra-modern townhome in classic Mission,1530710,Saul
32291443,Studio w/ Private Entry + Garden in Bernal Heights,1486423,Kadir
32293596,Guest Loved - 2 Ensuite Baths-Walkable & Central,7630810,Michael
32338483,Centrally Located-Chic 2 bdrm Victorian w/ Office,202536938,Kaleen
32355301,"Blueground | S. Beach, pools & spa nr SF bay",107434423,
32355422,"Blueground | S. Beach, 3 pools, spa",107434423,
32355456,"Blueground | S. Beach, 3 pools, spa",107434423,
32369854,Donatello Hotel: Avail for JPM,52178915,Jim
32384648,Prime Location in San Francisco-Union Square,64646820,Michelle
32389762,KT Home with Garage Parking,22685677,Kaiye
32404157,Condo in Nob Hill/ view of the Golden Gate Bridge,81165421,Clinton
32407014,Luxury Furnished Condo at Opera Plaza - Long Term,243229372,Christine
32441372,Nook at Bayhaus | Parking | W/D | Housecleaning,2146719,Nikki
32445292,(927 #3) private bedroom + shared bathroom,46519368,Kenny
32445598,(929 #B) private bedroom + private bathroom,46519368,Kenny
32450006,Great Location in Union Square-Free Wifi,64646820,Michelle
32473990,"Sunny, spacious, studio near public transportation",1469393,Ruksakul
32478529,"Donatello Hotel,",52178915,Jim
32496599,Beautiful Garden Suite by the Ocean,174876683,Henry
32497883,"Donatello Hotel""",52178915,Jim
32500819,Convenient location in Union Square- Free wifi,64646820,Michelle
32501596,Donatello Hotel*_,52178915,Jim
32531823,Top floor 2 bedroom 1 bathroom apartment,23911462,Batyr
32545896,Prime Location-Union Square,64646820,Michelle
32554173,The French Victorian - Bay View Room,2059233,Wendy
32557678,Prime Location Union Square,64646820,Michelle
32570386,Monthly Garden View Room Marina/Fort Mason Park,14136650,Jeremy
32570904,WONDERFUL LOCATION IN UNION SQUARE-THE DONATELLO,64646820,Michelle
32570953,"Sunny, Large and Cozy North Beach Studio",1886606,Carolina
32572501,Beautiful property located in Union Square,64646820,Michelle
32577104,Great location in Union Square-no cleaning fees,64646820,Michelle
32590109,Fantastic location. Ask about Dec discounts,64646820,Michelle
32616360,Perfect location-Union Square,64646820,Michelle
32617088,Studio (ADA) at Donatello Hotel near Union Square,47514427,Jeffrey & Susan & Bryce
32620353,Chic & spacious family home w/views & parking,5611653,Jorge
32641065,Stay in Union Square in the heart of the city,64646820,Michelle
32643853,Newly Remodeled Loft In Lower Nob Hill,198038138,Red Awning
32667541,Delightful Hotel Style Studio in Union Square,70722023,Michael
32716563,Great Location Union Square,64646820,Michelle
32717018,Fisherman's Wharf location w/Kitchen & sleeps 4,64646820,Michelle
32717493,Fantastic Location Fisherman's Wharf -sleeps 4,64646820,Michelle
32724526,Private entrance and bath ideal for solo or couple,21567505,Jody
32725950,New renovated 1 BR steps to UCSF with deck & views,541068,Susheela
32740903,Modern Minimalism with a View,669175,Michael
32746725,Bliss on the Bay with Private Deck Area,1984693,Jackie
32766699,"Luxury upper flat Marina, 1 block from Bay",28996560,Ottorino
32770430,Bright Spacious 2 Bedroom Parkside Free Parking,81513590,Nejdeh
32783075,Newly Furnished apt in  a quiet neighborhood,10577964,John
32788121,In Heart of Union Square-Hotel Style studio Suite,70722023,Michael
32791663,Big SF views in Bernal/Mission,26500,Jeanette
32795849,Long term stay - Room in a cozy home,44800516,Alejandro (Alex)
32813435,"311C Private Room in Super Convenient Area, Room C",127638239,Ching Ho
32822227,Great Location - Union Square-Free Wifi,64646820,Michelle
32823963,Located in Fisherman's Wharf-sleeps 6,64646820,Michelle
32824201,Spacious Hilltop Suite + Ocean View,9176247,Yegor
32861856,Great location in Union Square-Free Wifi,64646820,Michelle
32867573,Cute & Cozy Room - near BART Station,103884979,Rams
32870699,Condo in Awesome Location-Fisherman's Wharf,64646820,Michelle
32920800,Awesome location Union Square- Free Wifi,64646820,Michelle
32921329,Cozy Place for Young Professional,137211962,Jing
32921792,Stay in Union Square-Private Studio,64646820,Michelle
32941329,Studio (ADA) at Donatello Hotel near Union Square,47514427,Jeffrey & Susan & Bryce
32945280,Charming Private bedroom 2 by GGP and Ocean Beach,172278627,Xinyu
32945668,Charming Private bedroom 1 by GGP and Ocean Beach,172278627,Xinyu
32945670,2 Bedroom 1 Bath Located in SOMA/South of Market,13832870,International
32983188,Soaring Views of City - Tri-Level Townhome,988375,Jennifer
32984485,Stunning 1-Bedroom in Soma,7610972,Grettel
33015887,Detached Rear Yard Garden Cottage,46079176,Nicholas
33017026,City and Nature,110003688,Silvia
33021274,Key Union Square Location -Great Hotel Style Suite,70722023,Michael
33021652,Outstanding 1 Bedroom Hotel Suite in Union Square,70722023,Michael
33050224,PEACE + LOVE 1 BR apartment in University Mound,248760206,Audrey
33069292,Hayes Valley-boutique hotel - Civic Center Area,64646820,Michelle
33078270,Cozy Bedroom + Private Bathroom near SFO Airport,248954799,Winnie Sau
33091231,Fantastic Location in Union Square,64646820,Michelle
33115200,Ashbury Heights 1 BR Garden Apartment,174219801,Michael
33115368,SOMA Condo,1747847,Karina
33185972,Great Location-Fisherman's Wharf-2 bedrooms,64646820,Michelle
33268331,"Blueground | Hayes Valley, rooftop, 1 min to bart",107434423,
33269893,"Blueground | Hayes Valley, rooftop, w/d, nr bart",107434423,
33269979,"Blueground | Hayes Valley, roof, w/d, nr bart",107434423,
33271309,2Bed/2Ba Walk to OutsideLands and Dead&Co,226685582,Dylan & Alex
33293217,Trinity Place - PARADISE,116932500,Joseph
33310899,Charming 1 BDRM Unit,2792397,Roby
33311422,Sun-filled top floor apartment with gym/yoga space,5298677,Stewart
33311466,Charming Private BR&BA 1 by GGP and Ocean Beach,172278627,Xinyu
33368652,Deluxe Room 2 Queen Beds,251141990,April
33370186,Signature Suite 1 Bedroom (Spa) 1 King Bed,251141990,April
33370525,Deluxe Room 2 Double Beds 2 Full Beds,251141990,April
33386303,Deluxe Room 1 Queen Bed,251141990,April
33405043,A+ Studio Hotel Style Suite-Heart of Union Square,70722023,Michael
33451367,Victorian Excellence !,222767094,Benjamin Jr
33451620,Central Victorian 1 Bedroom,91333416,Jan
33457138,Sparkling Clean w/ Private Bath & Private Entry,694440,Yuca
33495561,Ocean Beach Getaway - Entire spacious suite,13630570,Matthew Richard
33517793,3-bedroom Luxury Condo with two free valet spots,218110608,Sanana
33534825,Nob Hill Boutique Hotel-Trendy Bar-King Bed,245417224,Stanford Court
33537651,Nob Hill Boutique Hotel Rm-Courtyard View-2 Qn Bds,245417224,Stanford Court
33537652,Nob Hill Boutique Hotel-Trendy Bar-King Bed,245417224,Stanford Court
33537653,Nob Hill Boutique Hotel-SKYLINE VIEW-Studio Suite,245417224,Stanford Court
33537656,Nob Hill Modern Lux Hotel-SKYLINE CITY VIEW-2 Qns,245417224,Stanford Court
33537657,Nob Hill Boutique Hotel-SPECTACULAR SKYLINE VIEWS!,245417224,Stanford Court
33537658,Nob Hill Hotel-SPECTACULAR SKYLINE VIEWS of SF!,245417224,Stanford Court
33537659,Nob Hill Lux Boutique Hotel-Trendy Bar!,245417224,Stanford Court
33537660,Nob Hill LUXURY SUITE-Bedrm/Living Area-CITY VIEWS,245417224,Stanford Court
33537661,Nob Hill Boutique Hotel-SKYLINE CTY VIEW-2 Doubles,245417224,Stanford Court
33563347,Nob Hill Lux Boutique Hotel Room-One Queen Bed,245417224,Stanford Court
33644460,Private entrance private room and private bathroom,216480693,Fa
33667375,Peaceful Guest Suite in Central Castro With Easy Parking,44934464,Tara
33713266,Haven at Bayhaus| Fast WiFi  | Parking | W/D | WFH,2146719,Nikki
33773572,Entire private guest suite in beautiful Bernal.,7556101,James
33818649,Luxury Condo in San Francisco. 2/2 w/office,32940115,Steven
33859591,"Elegant "" Marina Home ""  1 min from Beach & Palace",1700823,Jennifer
33873677,Cozy Urban Getaway,27376425,Natalie
33932253,65ab UCSF/Golden g. park spacious sunny private rm,62034618,Ting Ting
33935404,1BR Condo Heart of Pac Heights W/D Walk Score 97,97159379,HostWell
33960503,Lower Pacific Heights Victorian Apartment (1 bd),2208838,Aimee
33969918,Premium Queen Room B,250109940,Yotel
33969945,Premium Queen Room C,250109940,Yotel
33969998,Premium Queen Room A,250109940,Yotel
33970015,Premium Queen with Bunk B,250109940,Yotel
33970040,Premium Queen with Bunk C,250109940,Yotel
33970056,Interior Sky Room C,250109940,Yotel
33970108,Interior Sky Room B,250109940,Yotel
33970139,Interior Sky Room A,250109940,Yotel
33974085,"Golden Gate Park & Ocean Views, Family-Sized House",3244683,Bruce
33999573,"Modern studio next to beach, G.G Park & transport",957067,Lisa
34024828,Pied-À-Terre in Nob Hill private room,136792470,Carmen
34066697,Inn at the Opera',52178915,Jim
34123156,(927 #1) private bedroom + private bathroom,46519368,Kenny
34127900,A Knockout Panoramic View One Bedroom,5153588,Gaylene
34127928,"Chic apartment in the trendy, sunny Inner Mission",257691852,Bisera
34129571,Warm & charming 2 Bedrooms- Good for family/,232380548,Frank
34176289,"3bd home steps from beach, 5min to GoldenGatePark",6409885,Anne
34189531,"Blueground | Nob Hill, sauna, gym, city view",107434423,
34246050,Spacious and Charming Family Friendly NOPA Flat,202999813,Zuhra & Sean
34247471,Renovated Mission Terrace Unit With Deck and Garden,5391821,Dan
34253243,Huge 3 Bedroom Condo in the Heart of Noe Valley,10441135,Kevin
34255371,"Sunny Private Bedroom,Silver Terrace,San Francisco",228792190,Wei
34287875,"Clean, quiet, king bed, private bathroom, views",9194713,Lance
34289989,"Beautiful, comfortable house, quiet neighborhood",258893252,Ana
34339911,"♥Hot Tub, Huge View, Parking, Steps to GGP & Beach",2374809,Shamir
34357888,Castro Escape,10644164,Chethan
34369013,Cozy Garden Mission Studio on Guerrero,4430421,Adam Nicolas
34412659,Beautiful Studio Near Ocean Beach,3235712,Shawn
34423592,Quiet Bedroom B & Private Bathroom in Heart of SF,225791151,Ryan
34446936,"Sunny, remodeled 4BR home – Perfect for holidays",3096994,Faith
34450438,Private Stylish Apartment in the Heart of Mission,103593017,Oscar
34468735,3bd UCSF-GG park cozy private bedrm  shared/bath,62034618,Ting Ting
34470646,Spacious Japandi Condo w Spa Shower (Hayes Valley),27975146,Nicholas Anthony
34534317,Sunny Studio Apartment in San Francisco Marina,205414,Karen
34536867,Marriott Vacation Club Pulse w/ City Views BR,246663575,Shaun & Katherine
34545696,Marriott Vacation Club Pulse w/ City Views BR,246663575,Shaun & Katherine
34601482,"Clean, Vibrant, and Relaxing",261024482,Erlinda
34602962,San Francisco Family Dream,8663067,Akira
34606745,Private Master Suite with Japanese Tub,1368144,Leon
34641118,Gorgeous Marina-Style Home in Mission Terrace,2675261,Hadar
34646493,Private Studio with Patio and dedicated workspace,1368144,Leon
34656053,Minimalist Private Studio with TV,1368144,Leon
34680753,Ashbury Garden Studio,91333416,Jan
34680770,Inner Sunset Studio,91333416,Jan
34693459,Big private room—2 beds—Heart of SF Bernal Village,38209715,Tony
34697298,Sunny Bedroom in The Fillmore - Women Only,241073168,Lowrie
34704352,"Blueground | S. Beach, gym, sauna & pool, nr bay",107434423,
34785290,Moscone Convention - BART - Room with Nice Touches,103884979,Rams
34791677,Pacific Heights 2BR/1BA,96864569,Matthew
34803248,"Blueground | Marina District, laundry in unit",107434423,
34840354,Family Friendly Home Only 15 mins from Downtown SF,262656613,Maria
34845930,Heart of Pacific Heights,16686660,Megan
34868915,Hollywood Suite,1208533,Antonio
34878799,"Blueground | Nob Hill, gym & sauna, nr Union Sq",107434423,
34878846,"Blueground | Marina District, w/d, nr Marina Green",107434423,
34901719,Marina Suite,262054570,Kenny
34932707,"Clean, Private and Safe San Francisco Apartment",263228847,Andrew
34937940,Spacious luxury getaway in the sunniest part of SF,256063782,Samantha
34978904,private room with private bathroom inside,261024482,Erlinda
34981775,Large room with view of the San Francisco skyline,44800516,Alejandro (Alex)
35003596,Centrally located apt with patio & bay views,109550778,Gregory Fong
35045092,Marriott Vacation Club Pulse w/ City Views BR,246663575,Shaun & Katherine
35085928,Red Victorian - Star Bunk in shared Friends Room,117141107,Zarinah
35091842,"Red Victorian: Neptune top bunk, Hula Hoop Room",117141107,Zarinah
35091972,"Red Victorian: Uranus bottom bunk, Hula Hoop Room",117141107,Zarinah
35092431,"Red Victorian:Highlight top bunk,Hole in the Wall",117141107,Zarinah
35116393,Entire one-bedroom apartment in the Cow House,29133762,Susan
35124154,Summer Sublet: Furnished 1 Bedroom in SOMA,14856706,Wanxin
35125616,2BR Apt w/parking near SF city college (LTR),239442090,Xinping
35132748,Entire Floor Artistic Victorian—SF Bernal Village,38209715,Tony
35190654,Authentic San Francisco with Modern Comfort,6169845,Rachel
35195461,"Grant Plaza Hotel, 465 Grant Ave. San Francisco.",265029065,Grant Plaza
35195793,Hotel 2 bathroom suite for four,47514427,Jeffrey & Susan & Bryce
35198742,Central location: sunlit room in ArtDeco building,260673420,Vien Na
35222243,"Russian Hill, Entire Villa, 3br, 3ba, Garden, Pool",29962701,Debra
35263886,Serene Garden Studio in San Francisco's Parkside,15748945,Steve
35266655,San Francisco 2 Bedroom w/ Parking near BART,239442090,Xinping
35285751,Beautiful 1x1 in Historic Mission Tudor Building,4430421,Adam Nicolas
35286441,Beautiful Victorian in the Heart of Mission,50247302,Ko
35308634,Film-Featured Hilltop 5BR Villa | City View+Nature,25116424,Yu
35312287,Steps to Golden Gate Park/ Beach- Perfect Location,265841303,Paul
35336292,Chic light-filled 1bd Victorian flat Cole Valley,15008705,Angela
35355371,Mission/Bernal FULL Apartment! Casa Zaul,266184542,Karla
35372313,Modern Hilltop Luxe Villa | City View+Nature,25116424,Yu
35376420,Upscale Dorm Style - Private Room + own Fridge,103884979,Rams
35387067,"SF 2 private bedrooms,remodeled, close to airport",101516029,Eva
35429693,Private Apartment - Dolores Park Victorian 2BR/2BA,12845290,Athanassios
35466895,Family-Friendly Pop-Culture Haven in Heart of San Francisco,1867205,Julia
35472694,3 Bed 2 Bath 2 Parking Top Flat San Francisco,123692704,Yumi
35473335,"Blueground | S. Beach, 3 pools & sauna, nr bay",107434423,
35473369,"Blueground | S. Beach, movie room",107434423,
35478472,"Blueground | Mission Bay, gym & lounge, city view",107434423,
35494267,"Music City Hotel, Queen Room with Shared Bathroom",102523118,Music City
35494371,Janis Joplin Themed Room with Private Bathroom,102523118,Music City
35512958,Stunning Serene Garden Studio near GG Park,263477055,Stephen
35516989,"Modern Apartment, Beautiful Area, Easy Parking!",64145873,Lilit
35543186,(929 #A) private bedroom + private bathroom,46519368,Kenny
35642179,"Grant Plaza Hotel, Standard Double",265029065,Grant Plaza
35642877,"Grant Plaza Hotel, Standard Twin",265029065,Grant Plaza
35643330,"Grant Plaza Hotel, Deluxe Double-Double",265029065,Grant Plaza
35651959,#F15 Full private room in NobHill @ hacknsleep,267895362,Rocky
35652385,#T15 Twin private room in NobHill @ hacknsleep,267895362,Rocky
35655138,#F43: Private room in Lower Haight @hacknsleep,267895362,Rocky
35685982,#F15 Full private room in NobHill @ hacknsleep,267895362,Rocky
35691437,Contemporary & Cozy Room - City Center,103884979,Rams
35713376,13d UCSF/GG park-quiet master suit(shared kitchen),131200418,Lois
35773104,Private Cozy room 3,218088604,Jimmy
35773458,Private cozy room 1,218088604,Jimmy
35782434,"Queen Anne Hotel, Victorian King",267901434,Queen Anne Hotel
35782679,"Queen Anne Hotel, Victorian 2 Queens",267901434,Queen Anne Hotel
35782746,"Queen Anne Hotel, Deluxe King",267901434,Queen Anne Hotel
35782803,"Queen Anne Hotel, Deluxe King with Fireplace",267901434,Queen Anne Hotel
35783085,"Queen Anne Hotel, Superior King",267901434,Queen Anne Hotel
35783140,"Queen Anne Hotel, Superior Two Queens",267901434,Queen Anne Hotel
35783466,"Queen Anne Hotel, Romantic Fireplace Canopy",267901434,Queen Anne Hotel
35783618,"Queen Anne Hotel, Garden Suite with Fireplace",267901434,Queen Anne Hotel
35783674,"Queen Anne Hotel, Executive Suite",267901434,Queen Anne Hotel
35783730,"Queen Anne Hotel, Royal Family Suite",267901434,Queen Anne Hotel
35809668,Charming Private BR&BA 2 by GGP and Ocean Beach,172278627,Xinyu
35826414,"Blueground | Rincon Hill, gym, nr Silicon Valley",107434423,
35831509,Terrific Union Square Hotel Style - Club Donatello,70722023,Michael
35831992,Terrific Union Square Hotel Style Suite -Location!,70722023,Michael
35832211,Big Brick & Timber Loft in Hot Mission Pocket,2464884,Sarah
35835707,Chic retreat in Lower Pacific Heights,241073168,Lowrie
35835827,"Executive Hotel Vintage Court, Penthouse",268186698,Executive Hotel Vintage Court
35836829,"Executive Hotel Vintage Court, Double Room",268186698,Executive Hotel Vintage Court
35837003,"Executive Hotel Vintage Court, Queen Room",268186698,Executive Hotel Vintage Court
35837171,"Executive Hotel Vintage Court, King Room",268186698,Executive Hotel Vintage Court
35845746,Cozy Crashpad for a Young Professional,137211962,Jing
35848747,Entire guest suite in Noe Valley,7521684,Daniela
35863484,"Blueground | Lower Nob Hill, w/d & roofdeck",107434423,
35899798,Modern Castro View Home,16921283,Jonathan
35911250,North Beach - Perfect for Business or Vacation,1229762,Jason
35916856,#F15 Full private room in NobHill @hacknsleep,267895362,Rocky
35917031,#T15 Twin private room in NobHill @ hacknsleep,267895362,Rocky
35917078,#T15 Twin private room in NobHill @ hacknsleep,267895362,Rocky
35917405,"1226 - Private Basement Unit, near Ocean & GG Park",269663896,Winnie
35938695,Sunny Dolores Heights! Work- and Family-Ready.,270319103,Mary
35944209,Bed & Breakfast - Charming Room - Cozy & Modern,103884979,Rams
35944593,"Huge private room, Home office&backyard(Victorian)",127625873,Nakisa
35972743,Charming Sun Room with A View,239020025,Lynn
36002747,"Hotel Vertigo, Deluxe Queen",269577587,Hotel Vertigo
36002932,"Hotel Vertigo, Deluxe Double Double",269577587,Hotel Vertigo
36007807,"Penthouse Living with Balcony, WFH Shared Apt",27154461,Shirley
36024356,"Blueground | Rincon Hill, a/c & gym, nr Bay Bridge",107434423,
36029332,Live Like a Local in Sunny Bernal Heights,23573644,Lisa
36036473,#F15 Full private room in NobHill @ hacknsleep,267895362,Rocky
36067613,Central Mission District Jr. one bed (entire apt),21337159,Sherese
36078299,Updated Private Bedroom with Ensuite Bathroom.,248954799,Winnie Sau
36079270,Spacious Master Bedroom with Attached Bathroom,248954799,Winnie Sau
36083245,Light and Art filled home with views of the bay.,2360400,Richard
36087821,Centrally Located San Francisco Studio,271474803,Kimberly
36104628,Spacious and modern garden home with city views,16138718,Michael
36116529,Union Square Location - Great Hotel Style Suite,70722023,Michael
36136157,A Rare San Francisco Historic Landmark Stay!,271698124,Dan
36140875,Cozy & Comfortable - BART - Great WiFi,103884979,Rams
36145583,Comfy Apartment in SF,271864698,Araceli
36148137,"The Americania Hotel, Superior Double Double",269581043,The Americania Hotel
36148199,"The Americania Hotel, Superior King",269581043,The Americania Hotel
36153778,#F15 Full private room in NobHill @ hacknsleep,267895362,Rocky
36179298,1bd Garden Apt Gem in the Inner Sunset - remodeled,4203404,Linda
36184844,28th ave room 2,45553959,Doug
36201746,"Staypineapple San Francisco, Starlet Queen",270119323,An Elegant Hotel
36237325,Sunny Victorian Studio in Pacific Heights,4150590,Susan
36280429,Luxury meets you at the door with a Warm Welcome,20917748,Sharine
36301897,Luxury 1BR + den in downtown. Walk everywhere.,8662511,Bhawana
36313431,Sunny clean studio,53358593,Tatyana
36315852,A Little City Without the Nitty Gritty-Stay Safe!,237620221,Cranson
36342436,"Blueground | Rincon Hill, gym, nr Silicon Valley",107434423,
36376757,Family Friendly Home w/dedicated workspace,2665763,Arthur
36388791,"Chic Penthouse w/ City Views, Balcony, & WFH",27154461,Shirley
36420256,Deluxe Queen Street Level,160591574,Monte
36420593,Street Level Tiny Room,160591574,Monte
36421114,Upstairs Corner Junior Suite,160591574,Monte
36447750,Heart of Hayes Valley Flat,20153147,Dan
36476134,#F43: Private room in Lower Haight @hacknsleep,267895362,Rocky
36514213,Victorian Flat in the Mission,81333068,Laura
36519291,Retreat to Modern Suite in The Castro with Garden,37199244,I-Fan Chung
36524556,Large one bedroom one bath apt. (near Baker Beach),52862,Joe
36532979,2034 - 3BD 2BA Cozy Unit near Ocean & GG Park,274664234,Ken
36555022,Very Good Union Square Location-Hotel Style Studio,70722023,Michael
36556453,Hotel Style 1-Bedroom Suite - Walk to Union Square,70722023,Michael
36560687,Club Wyndham Canterbury One-Bedroom Suite,266083019,Extra Holidays®
36565301,Nice Condo near SF Water Front,8699695,Ning
36565321,Inn at the Opera Ballet Suite,266083019,Extra Holidays®
36565331,Inn at the Opera Concerto Suite,266083019,Extra Holidays®
36565347,Inn at the Opera Opera Suite,266083019,Extra Holidays®
36565368,Inn at the Opera Symphony Suite,266083019,Extra Holidays®
36566826,The Donatello - Accessible King Roll In,266083019,Extra Holidays®
36566860,The Donatello - Studio,266083019,Extra Holidays®
36566892,The Suites at Fisherman's Wharf One-Bedroom Suite,266083019,Extra Holidays®
36589481,WorldMark San Francisco One-Bedroom Suite,266083019,Extra Holidays®
36601074,One of a Kind San Francisco Queen Anne Victorian!,275116582,Parker
36603528,Stylish Mission Victorian near Dolores Park!,2364636,Alice
36637433,Luxury Sheets on a Heavenly Bed? Yes please!,259291046,Jacqui
36683638,4 Bedroom Home by the Beach (WH),37952450,Maite & Roger
36721448,We Welcome You: 1Br in a Shared Mission Flat,51239549,Cory
36768594,2 bedroom 2 bathrooms. Spacious and Clean,3363650,Beverly
36778591,"Blueground | S. Park, cafe, nr Caltrain",107434423,
36804819,Cozy Sunset Ocean Studio,875931,Nick
36844711,"Union Square - Great Location, Hotel Style Suite",70722023,Michael
36854594,Suites at Fisherman's Wharf,52178915,Jim
36904149,Noe Valley Two Guest Rooms With Private Bath,881000,Sharon
36910851,#T15 Twin Size private room Nob Hill  @hacknsleep,267895362,Rocky
36944347,Suites at Fisherman's Wharf,52178915,Jim
36944925,"5-BR, Victorian, Modern Comforts, Mission Dolores",11820504,John
37048608,San Francisco Union Square Donatello,245447609,Kim
37060483,"Central: sunny room, balcony, safe neighborhood",260673420,Vien Na
37093943,Secluded North Beach Loft (434a),107141420,Thomas
37122067,Hollywood Glam Meets Bayfront Comfort in SF,148427269,Robb
37155033,"Studio Suite in SF with Hot tub, Sauna & Roof Deck",20704144,William
37180404,Walk to Golden Gate Park from Private Bed & Bath!,76458186,Kathleen
37183606,2Bed/1Bath SF Home Convenient between SFO+DOWNTOWN,279829523,Jian
37236213,"Lovely Noe Valley Condo w/ Light, View & Parking!",10485472,Drew And Tamar
37283928,In Heart of Union Square - 1 Bedroom Hotel Suite,70722023,Michael
37295413,Marriott Pulse SF for JP Morgan Conf. (2 Queens)-A,13058067,Kim
37296448,Marriott Pulse SF: JPMorgan/Dreamforce Conf- 1King,13058067,Kim
37330492,Cozy Victorian*1 Bedroom*Semi-Private Bathroom,133848555,Maria
37357200,Mission Dolores Sanctuary,139233,Jennifer
37358745,65A entire Apt Ucsf-golden gate park 2bd/1 ba,62034618,Ting Ting
37370763,Ultra-modern 2 Bedroom 2 Bath,86968715,Urooj
37399403,"Spacious, Bright, & Remodeled 3BR Mission Flat",265485766,Sheng
37427876,Webster House Guest Stay,2122871,David
37463333,SF flat in modern building - fabulous location!,258195689,Will
37482927,Furnished Garden 1BR Victorian Near Alamo Square,1356654,Manasa
37501230,Fantastic Room in Inner Mission! Great Location!,180924732,Susan
37524100,Just off Union Square -1 Bedroom Hotel Style Suite,70722023,Michael
37524638,Key Union Square Location - Hotel Style 1 Bedroom,70722023,Michael
37526662,Pleasant+ Hotel Style Studio Suite in Union Square,70722023,Michael
37527430,Great Union Square Location Hotel Style Unit,70722023,Michael
37528409,Inner Richmond Retreat | Walk to Golden Gate Park,61695597,Justen
37529706,Lovely 1 Bedroom Hotel Suite-Heart of Union Square,70722023,Michael
37530012,Marvelous 1 Bedroom Hotel Suite -Union Square,70722023,Michael
37530303,Nice Location in Union Square - Studio Hotel Unit,70722023,Michael
37530583,Outstanding Union Square Spot-Hotel Style Studio,70722023,Michael
37531516,Marvelous Union Square Location -Studio Hotel Unit,70722023,Michael
37538105,Cozy Remodeled Suite in Oceanview With Parking,66762479,Eric
37571304,Delightful 1 Bed Hotel Style Suite-Union Square!,70722023,Michael
37604044,Sunset Suite Retreat,11804833,Matt
37663203,Fisherman's Wharf 1BR Hotel with Rooftop Sun Deck,47514427,Jeffrey & Susan & Bryce
37674309,"Full Room with 1 Bed, Hotel Fusion",283797982,Hotel Fusion
37684875,Modern 3-BR Oasis in the Sunset with Parking!,284807277,Victoria
37686005,Fisherman's Wharf 2BR Hotel w/ *Rooftop Sun Deck*,47514427,Jeffrey & Susan & Bryce
37686008,Fisherman's Wharf 1BR Hotel w/ *Rooftop Sun Deck*,47514427,Jeffrey & Susan & Bryce
37686015,Fisherman's Wharf 1BR Hotel w/  Rooftop Sun Deck,47514427,Jeffrey & Susan & Bryce
37686023,Fisherman's Wharf 2BR Hotel with Rooftop Sun Deck,47514427,Jeffrey & Susan & Bryce
37686716,"Marina District, 2-Car Parking, Top Neighborhood",11820504,John
37719665,Stunning 1 bd Spa Retreat w Ocean View and Hot Tub,12685102,Albina
37719997,Key+ Union Square Location-Great Hotel Style Suite,70722023,Michael
37747959,Nice+ Union Square Location - Hotel Style Suite,70722023,Michael
37750486,Private Guest Suite in Bustling Glen Park nr BART,40525697,Brian
37783256,Right Near Union Square + Great Hotel Style Suite,70722023,Michael
37785001,View Flat in Noe Valley 3 bedroom 2 bath,207541567,Jun
37785091,A very cute and pink room at Downtown SF,98964890,Cho
37859014,Cozy Bernal Heights Studio->Top Location!<-,7407016,Jane Ivory
37860137,"Quiet Garden In-law with parking, walk to Bart",17844178,Pamela
37864340,Two Bedroom SF Suite with Private Entrance,278678460,Kathryn
37893350,Good room walk to beach.,1144980,Victor
37904794,Quiet Noe Valley cottage w/ full kitchen and patio,286419861,Hal
37909467,Pacific Heights Gem,314895517,Ramsey
37914754,Tranquil space,51443736,Scott
37933277,Comfy+ Hotel Style Suite in Heart of Union Square,70722023,Michael
37933847,Great+ Location Union Square-Studio Hotel Style,70722023,Michael
37972466,#F43 Private room in SF DownTown,267895362,Rocky
37972512,#F43 Double room near SoMa,267895362,Rocky
37972553,#F43 Room for 1-2 in Newly Remodeled House,267895362,Rocky
37972578,#F43 Private room. Brand-new furniture.,267895362,Rocky
37972611,#L15. Loft (twin) private room in Nob Hill area,267895362,Rocky
37972793,"#aF43 Private room for 1-2 ppl hacknsleep,com",267895362,Rocky
37972909,#aF15 Private room for 1-2 near SF DownTown,267895362,Rocky
37973371,Most Desired Vacation Spot in San Francisco.,15674293,Mariam
38022680,Right in Union Square Location - 1 Bed Hotel Suite,70722023,Michael
38023342,Union Square Location 1 Bedroom Hotel Style Suite,70722023,Michael
38024311,Cozy 1BR Dolores Park Home w/Outdoor Space,7325515,Jo Anne
38047206,52 Vesta home,92965890,唱
38077792,Inn at the Opera',52178915,Jim
38129278,Private Suite in the HEART of Noe Valley!,288169072,Ahmed
38158914,San Francisco Studio with Minimalist Design,1368144,Leon
38167638,Pacific Heights Home Garden Near Fillmore & Union,61398010,Eileen
38204418,"Blueground | Lower Nob Hill, roofdeck, nr shops",107434423,
38263835,Living room/ bedroom balcony panoramic water view.,1144980,Victor
38289262,Zen Garden Two Bedroom Suites,2275870,Martina
38291977,Union Square Location - Studio Hotel Unit,70722023,Michael
38328840,Perfect Lux Mod 1930 Designer Home Views - 30 day+,8803470,Constance
38336396,"Blueground | S. Beach, spa, sauna",107434423,
38346769,"Galleria Park, Deluxe Full, Cozy, downtown drop-in",283380571,Galleria Park
38347449,"Galleria Park, Deluxe King, Cozy, downtown drop-in",283380571,Galleria Park
38347615,"Galleria Park, Deluxe 2 Queens",283380571,Galleria Park
38347764,"Galleria Park, Executive King",283380571,Galleria Park
38347847,"Galleria Park, Sutter Suite",283380571,Galleria Park
38348299,"Galleria Park, Gallery Suite",283380571,Galleria Park
38352784,"Potrero hill,  vintage light, sunny flat",74125906,Tay
38363453,Amazing Views from Top of the Hill,6390702,Leo & Veronika
38409480,REMODELED 4 BEDROOM WITH DECK AND VIEWS OF THE BAY,172411153,Lesley
38433279,Spacious Mission Dolores Home w/Outdoor Space,292928086,Naomi
38452578,Well Kept Quintessential North Beach,38836,Bernat
38574990,Blue Comfortable Suite Room,224418934,Haiping
38579889,Luxury Bay View 2 bedroom suite with hotel service,4214904,Julie Kong And Patrick
38586329,"Bedroom with Private Bathroom, Near SF Armory",294446822,Emanuele
38604619,Fabulous Classic Victorian Home in Pacific Heights,294751832,Ryan
38609924,Spacious 1BR/1BA Guest Suite with Kitchen +Parking,3363650,Beverly
38616419,SF Pac Heights Room/Fillmore/Polk/CPMC,9307785,Kathryn
38646695,Spacious 2BR/2BA Edwardian Flat in the heart of SF,23702976,Brian
38672882,Canterbury Resort - 1 Bedroom Deluxe,26482762,ResortShare1
38674128,Classic Edwardian SF Home best location,244118616,George
38675099,#aD43 Double Sunny Room in near SoMa / Center,267895362,Rocky
38675356,#aF15 Private room for 1-2 near Union Sq/Downtown,267895362,Rocky
38676315,#D15 Sunny room for 1-2 near Union Sq/Downtown,267895362,Rocky
38676491,#aD15 Sunny room for 1-2 near Downtown (NobHill),267895362,Rocky
38703237,"Contemporary, Modern Garden Suite - Sunset Views",988375,Jennifer
38728968,#D43 Double Sunny Room near SoMa / SF Center,267895362,Rocky
38753052,Right in Union Square - Hotel Style Studio Suite,70722023,Michael
38775805,Beautiful Castro Home with Deck and Garden,225241437,Rob
38782076,Modern 2 bedroom/1 bath  near GG Park,295498342,Sally
38821683,"Sunny, elegant, beautiful apartment with park view",15847806,Gaurav
38845850,Luxury SoMa Home & Secret Garden; mins Moscone/SFO,30014099,Adell
38856134,Bernal Heights Modern,8996496,Larry
38884411,Large Private Room in Modern Mission Apartment,71883419,Ruijia
38919136,"Blueground | Rincon Hill, gym, hot tub, near tech",107434423,
38930864,Private Light-filled Suite in Artist Loft,1308596,Sandra
38940717,"Blueground | Marina District, w/d, nr Marina Green",107434423,
38951144,"“Cool art”,A+ location”,fast wifi, 5 star reviews",467102,Johnny
38955191,"SF Home- Mins to the Beach, 20 Mins to Downtown SF",298375038,Noel And George
38956896,Perfect Union Square Location - Hotel Style Suite,70722023,Michael
38957437,SPACIOUS 2 Bedroom Presidential Suite!,26482762,ResortShare1
38957587,A LUXURY RETREAT - 1 Bedroom Presidential Suite,26482762,ResortShare1
39009446,Sophisticated Stay on Sloat,7325515,Jo Anne
39036633,2 BDR Presidential Condo Wyndham,14269516,Kelly
39053001,"#aF43 Private room for 1-2 ppl hacknsleep,com",267895362,Rocky
39053254,"#aF43 Private room for 1-2 ppl hacknsleep,com",267895362,Rocky
39053397,"#aF43 Private room for 1-2 ppl hacknsleep,com",267895362,Rocky
39053559,#aF15 Private room for 1-2 near Union Sq/Downtown,267895362,Rocky
39058448,Bright room in designer's home,2853861,Jan
39061848,Golden Gate Park - USF Designers Home,7413885,Rob
39083504,SF First Choice,20917748,Sharine
39093552,"Blueground | Lower Nob Hill, city view, courtyard",107434423,
39106572,Castro Mid-Century Home,34563933,Nathaniel
39109565,#aD43 Double Sunny Room in near SoMa / Center,267895362,Rocky
39110674,San Francisco's Cole Valley Jewel,91498511,Karen
39113720,Closest Room to UCSF Medical Center,150975,Daniel
39130529,Top floor unit with breathtaking views of the city,300083010,Mehran
39204707,The Russian Hill Boat House - Amazing Location,7325515,Jo Anne
39225843,Top Floor San Francisco Luxury Views rent July 1st,3695513,Dani
39226039,"Great Views, Great Location, Great Stay",287717511,Kim
39226144,Full Suite (3b2b) in Noe Valley House,87842252,Will
39243166,"Blueground | Rincon Hill, gym, rooftop solarium",107434423,
39243209,"Blueground | Rincon Hill, gym, rooftop, nr tech",107434423,
39246715,Walk to Moscone; Luxury SoMa 2b/1b + Secret Garden,30014099,Adell
39253534,"Lower Pac Heights, Great location! Cozy/Fast WiFi!",10208345,Lan
39265929,"Blueground | Rincon Hill, gym, sauna, nr tech",107434423,
39318438,Light-filled studio in the Mission,272084446,Emily
39322308,Outstanding Union Square Location-Hotel Style Unit,70722023,Michael
39337552,Private garden level in-law in NOPA/Lower Haight,4996407,Colin
39368926,Your Union Square Location + Studio Hotel Unit,70722023,Michael
39390570,"Palihotel San Francisco, The King",302987199,Palihotel
39390741,"Palihotel San Francisco, The Queen",302987199,Palihotel
39390788,"Palihotel San Francisco, The Two Bedroom",302987199,Palihotel
39392535,Spacious & Sunny Mission Dolores Flat,4305902,Kimberly
39420371,Private bedroom in gorgeous Cole Valley flat,263533987,Debnil
39424458,"Bright Room and Bath, easy access Downtown/Airport",2984805,Darrell
39424579,"Comfy Room and Bath, Downtown/Airport quick access",2984805,Darrell
39425089,Dreamforce Deluxe Wyndham Suite  #17 - Walk to DF!,5805679,Laurence
39462194,Charming 2 bedroom in Richmond,303118342,Jesse
39463871,Inner Sunset Studio,1892430,Jan
39464601,Hotel Spero,303137606,Hotel Spero
39465751,Ocean View Sunset House w/Hot Tub,875931,Nick
39470922,A Hotel Style Suite With Breakfast Included,115809271,Sarah
39507387,Alamo Square Victorian,339635,Colin
39512393,Relaxed 3B/2Ba Home with Private Parking,148871117,Bowen
39522818,"The Marker San Francisco, Deluxe Queen Room",303141126,The Marker San Francisco
39523262,"The Marker San Francisco, Deluxe King Room",303141126,The Marker San Francisco
39523440,"The Marker San Francisco, Deluxe Two Double Room",303141126,The Marker San Francisco
39523530,"The Marker San Francisco, Junior Suite",303141126,The Marker San Francisco
39523552,"The Marker San Francisco, Signature One Bedroom",303141126,The Marker San Francisco
39538536,Spacious * Parking * Laundry * Fast Wi-Fi,152396699,Lucy Wong
39551680,"Blueground | S. Beach, gym, pool, spa, nr Muni",107434423,
39560330,SOMA Condo With BBQ and Rooftop Deck,1257432,San Francisco Life
39578138,"Bright, Spacious 2BR Near Dolores Park + Parking",2183873,Jeff
39580721,House of Peace,23195770,Celia
39586486,Cozy Garden Apartment with a Beautiful Backyard,330231,Richard
39607026,Mission Must at the center of it all PLUS Parking,304328524,Ryan
39614946,The Blue Garret: Romantic retreat at heart of SF!!,304328524,Ryan
39653265,Masterbedroom with Your Own Bathroom Near GGPark,5977346,Melissa
39655309,Hipster paradise in Hayes w/ access to everything,50221702,Ivan
39693894,"Castro Gem, City Views",1989573,Robert
39702316,Spacious + Modern + Cozy & Close to Golden Gate Park,305148755,Bryant & Aaron
39723266,"Blueground | Rincon Hill, gym, sauna",107434423,
39727845,SoMa 9 Residences Room 1 Private Bathroom St View,305345677,Noel
39748000,New Beautiful & Modern Home in an Ideal Location!,6805281,Joon
39754090,Renovated Castro Single Family Cottage,34563933,Nathaniel
39767170,"Blueground | N. Beach, pool & fitness center",107434423,
39769393,"Blueground | Rincon Hill, gym, steam room",107434423,
39772280,"Blueground | Rincon Hill, gym, movies, nr tech",107434423,
39777730,SoMa 9 Residences Room 3 Shared Bathroom,305345677,Noel
39777786,SoMa 9 Residences Room 4 Private Bathroom,305345677,Noel
39798824,Nob hill Charming with sunny private deck,694377,Beatrice
39799335,SoMa 9 Residences Room 5 Shared Bath,305345677,Noel
39799419,SoMa 9 Residences Room 6 Shared Bath,305345677,Noel
39799475,SoMa 9 Residences Room 7 Shared Bath,305345677,Noel
39799508,SoMa 9 Residences Room 8 Shared Bath,305345677,Noel
39818312,Luxurious Furnished 1bed1bath in 2b2b condo,169622214,Amit
39818471,Chic modern and quiet Marina 1-bdrm apartment,28173874,Iona
39818889,"Wyndham Canterbury, a timeshare resort",306338456,David
39835801,1 Bedrm/Ensuite Bath + office/living room Green ST,10508562,Susan
39842492,Newly-Remodeled Contemporary 2 Bdr SF Flat Marina,330231,Richard
39886593,"Blueground | Nob Hill, sauna, gym, nr Union Sq",107434423,
39896249,Modern Oasis Brand New Guest Suite,230265204,Wan Chun
39911005,"Blueground | Rincon Hill, gym, rooftop, nr tech",107434423,
39952962,Studio steps from the ocean,219335040,Julita
39955614,Close to public transit and colleges,299414440,Margo
39956343,1 BR Suite in the Heart of San Francisco,20704144,William
39969765,Mimosa House: Cute room in a central location,99158618,Yasemin
39981331,Steps from Golden Gate Park,11804833,Matt
39991317,Marriott Pulse SF: JPMorgan/Dreamforce Conf- 1King,12007429,Zhuo
39991558,Marriott Pulse SF for JP Morgan Conf. (2 Queens)-B,12007429,Zhuo
39996459,!W Ground room W w/private bath,281939482,Yingming
39996711,!P Ground room P w/private bath,281939482,Yingming
39996718,"!B Upper Room w/private bath, 1 guest only",281939482,Yingming
39996721,"!C 2nd floor w/Shared Bath, 1 guest only",281939482,Yingming
39996724,!G Ground 2 twin beds share bath,281939482,Yingming
40006970,Airy Modern & Central SF Apartment w/ Free Parking,45487490,Emily
40015534,Modern City Suite | New & Clean 2Bdrm/1Bath in SF,30171569,Vincent
40017285,14e UCSF/gg park beautiful studio newly remodeled,131200418,Lois
40029941,"#aF43 Private room for 1-2 ppl hacknsleep,com",267895362,Rocky
40030053,"#aF43 Private room for 1-2 ppl hacknsleep,com",267895362,Rocky
40057418,"5ab UCSF/GG. park private rm,w/ shared ba,kitchen",62034618,Ting Ting
40062127,65ac UCSF/GG Park spacious private rm w/shared ba.,62034618,Ting Ting
40067689,Heart of the Castro - Bedroom and Private Bath,1314117,Andy
40076018,"Blueground | Rincon Hill, gym, bbq, w/d",107434423,
40078710,"Blueground | Rincon Hill, gym, bbq",107434423,
40086927,★ Amazing location: Russian Hill. Jr 1br apartment,140872749,Antelope
40095558,Large Modern 2 BR Victorian Apt in Lower Haight,1852089,Luke
40116682,Retro-inspired Chinatown pad with iconic SF views,8097561,Adriana
40139205,Sunny Bedroom C & Private Entrance in Heart of SF,225791151,Ryan
40139868,Mimosa House: Front cute room in central location,99158618,Yasemin
40142075,Hotel Style Studio -Included Continental Breakfast,115809271,Sarah
40156382,Luxurious Dolores Park Beauty with Private Garden!,2146719,Nikki
40165117,Beautiful Spacious apartment in Noe Valley,8577866,Dana
40174192,Monthly Room Rental in the Best Location,93042993,Alan
40191004,"#lF43 Private room for 1-2 ppl hacknsleep,com",267895362,Rocky
40191197,#lT15 Twin Size private room Nob Hill  @hacknsleep,267895362,Rocky
40191265,#lD43 Double Sunny Room in near SoMa / Center,267895362,Rocky
40191346,#lF15 Private room for 1-2 near Union Sq/Downtown,267895362,Rocky
40191423,#ID15 Sunny room for 1-2 near Union Sq/Downtown,267895362,Rocky
40192456,#lT45 Twin:  Amazing Private Room in Startup House,267895362,Rocky
40204501,"Stylish NOPA Penthouse, Remote Work Friendly",14812458,Fred
40226310,Noe Retreat+Stunning Views,3838474,Vassiliki (Celia)
40260940,Brand New High end private room for long term stay,230265204,Wan Chun
40268500,San Francisco with Amazing Views!,10685036,Holly
40270240,"GPH at Post St, Suite #412 | San Francisco",271658856,Phil
40274251,"Blueground | SoMa, gym, roofdeck, w/d, nr bart",107434423,
40277323,"Blueground | Rincon Hill, gym, rooftop, hot tub",107434423,
40290442,Spectacular Garden in the Sky,1867205,Julia
40306940,"The Serenity Suite-Clean & Light, near Presidio",218268629,Nina
40312754,🌟Cozy place with 2 Master suite 🌟,310936946,Xianlong
40348592,"Large, Sunny Space in Safe, Quiet Neighborhood",97161036,Jacob
40358803,"Blueground | Rincon Hill, gym, rooftop, nr tech",107434423,
40398227,Chic 1 br flat in Bernal Heights,31361801,Jose
40415075,Modern Apt + Balcony in Noe Valley San Francisco,8117685,Roy
40572183,Charming San Francisco 2 BR Apartment plus parking,43127380,Rick
40590422,Marriott Pulse SF: JPMorgan/Dreamforce Conf- 1King,12007429,Zhuo
40603328,"Blueground | Rincon Hill, gym, rooftop, nr tech",107434423,
40620073,Dreamy Designed Den,33856710,Samson
40621128,**New**Cozy Room w/1 Queen bed and private bath #A,310936946,Xianlong
40625854,"Blueground | S. Beach, 3 pools, nr Muni",107434423,
40674624,Gorgeous Home with Large Golden Gate Bridge Views!,32937427,Susie
40693560,Spacious Private Suite * Parks/Boating/Golf,97159379,HostWell
40723160,"Blueground | SoMa, gym, roofdeck, near bart",107434423,
40728398,Entire Modern Apt.  UCSF Mission Bay,2766,Jenny
40763935,Modern 5 Bedroom/4 Bathroom-superb location!,316658100,Ethan
40778457,Duboce Triangle Gracious Victorian Flat,143524,Maria
40780889,4BD/3BA in Noe Valley,226139736,Nicholas
40816863,Cozy in-law suite: walk to the beach!,317425196,Kelly
40821231,Bright and Stylish 1-Bdr Sunset Home,1759228,Sonja
40890971,Mission micro unit by BART Mission/24th station,151524034,Marc
40898375,1 Bedroom Suite in the Heart of Fisherman's Wharf,20704144,William
40898622,Charming 1 Bedroom In-Law Suite,73070632,Tina
40914346,Cozy spacious 2 bedroom 2 bathroom house available,29335048,Derek
40937540,"Blueground | SoMa, gym, roofdeck, near bart",107434423,
40984396,Registered Victorian 6 doors fr.  Zuckerbergs home,17018577,William
40984912,Bright chic studio,141601409,Joan
40990757,One bed and one bath (all private),57068872,Meihua
40991850,"Top Union Square Location, Hotel Style Studio",70722023,Michael
41001930,Near Union Square - 1 Bedroom Hotel Style Suite,70722023,Michael
41027260,SoMa 9 Residences Room 9 Private Bath,305345677,Noel
41084860,Gorgeous Garden Apt near Golden Gate Park,172361613,Lisa Ann
41086899,Studio Suite in the cultural Epicenter of San Fran,20704144,William
41129756,Fisherman's Wharf Convention Hotel,262211596,Kevin
41176203,Newley remodeled large Private Studio,211747814,Chris
41176646,Awesome Nob Hill Studio (easy walk to financial),12703126,Jeff
41178346,Classic Victorian 2 bedroom,303118342,Jesse
41190385,"Blueground | Rincon Hill, rooftop, hot tub",107434423,
41209658,546A Cozy Bright Private Room near Bart Bus I-280,219791143,Victor 2
41320010,Lace Haven,36992501,Rachel
41342042,"Private bedroom in SF, 2 minute walk to train stop",8294705,Eric
41344043,KNS,310495332,Lombard Plaza Motel
41344071,QQNS,310495332,Lombard Plaza Motel
41350491,Bright/Historic Mission District 1x1 w/ Charm,4430421,Adam Nicolas
41393913,Large 1 bedroom suite with sunroom in Cole Valley,48424042,Saichand
41394679,walking distant to dog park/caltrain/Uber Corp,41306812,Takula
41395731,"65B Entire apt-UCSF/Gg park sunny, quiet 2-3bd/2ba",62034618,Ting Ting
41415290,Studio Suite in the Heart of San Francisco,20704144,William
41430833,Beautiful Noe Valley 2BR Cottage,1257432,San Francisco Life
41431867,Central near SF State great neighborhood near Muni,137698280,JoAnn
41452888,Quiet North Beach apartment near all of the action,20257472,Martin
41477788,San Francisco Cozy Get Away,58052858,Shonna
41538482,#1 SF 24th ave& kirkham st Master king room,327217707,Qiaoneng
41538612,#3 SF 24th ave& kirkham st  King master bedroom,327217707,Qiaoneng
41538628,#4 SF Sunset 24th ave&kirkham st Deluxe king room,327217707,Qiaoneng
41544562,'Petite' Double Room with Ensuite Bathroom,309731366,Washington Square Inn
41544571,Standard Queen Room with Private External Bathroom,309731366,Washington Square Inn
41544572,Standard Queen Room with Ensuite Bathroom,309731366,Washington Square Inn
41544575,Superior King Room with Ensuite Bathroom,309731366,Washington Square Inn
41544912,ADA Superior Triple Room with Ensuite Bathroom,309731366,Washington Square Inn
41545776,Residential Std Double with Shared Bath & Kitchen,310732156,1906 Mission
41545787,Residential Std Queen with Shared Bath & Kitchen,310732156,1906 Mission
41545799,Residential Econ Double with Shared Bath & Kitchen,310732156,1906 Mission
41545815,Standard Queen Room with Shared Bathroom & Kitchen,310732156,1906 Mission
41560862,Great Hayes Valley Studio (#8),3977854,Michael
41569652,#2 24th ave& kirkham st Master king room,327217707,Qiaoneng
41570854,Private guest suite unit #1 /Golden Gate Park/UCSF,38755455,Steve
41571636,Donatello Hotel;,52178915,Jim
41591955,Right in Union Square -Two Double Bed Studio Suite,70722023,Michael
41630017,Panoramic skyline views w/parking in City Center,328362412,Ryan
41642201,"Cozy In-Law, Private Entrance",55424160,Gina
41690134,Wyndham Deluxe 1BR ApartHotel,5805679,Laurence
41691063,Wyndham Deluxe 1BR ApartHotel #2 - Walk to RSA!,5805679,Laurence
41696765,Inn at the Opera~,52178915,Jim
41698721,"Blueground | Lower Nob Hill, roofdeck, bbq & w/d",107434423,
41714021,Refuge at Bayhaus | W/D| Weekly Cleaning| Parking,2146719,Nikki
41772072,Private In-Law Guest Suite,7002631,Kiarash
41785573,Deluxe Queen Room with View and Ensuite Bath,309730457,Edwardian Hotel
41785575,Economy Double Room with Ensuite Bathroom,309730457,Edwardian Hotel
41785579,Economy Queen Room with Ensuite Bathroom,309730457,Edwardian Hotel
41789520,Private room with private bathroom,14765200,Michelle Mari
41819493,#aD15 Sunny room for 1-2 near Union Sq/Downtown,267895362,Rocky
41886807,Bright Condo steps from heart of the Mission!,22003595,Sosse
41887470,Iconic Victorian House in Bernal Heights,36287559,Marie-Gabrielle
41890758,Private Team Commuter Suit,42942837,Mubasher
41912080,Cozy and stylish 3-bedroom house in San Francisco,35025523,Laurence
41915866,"2008 Laguna St., San Francisco CA",331580330,Emmanuel
41931319,#aF15 Private room for 1-2 near Union Sq/Downtown,267895362,Rocky
41931392,#aF15 Private room for 1-2 near Union Sq/Downtown,267895362,Rocky
41938161,"Private bedroom in SF, 2 minutes walk to train",8294705,Eric
41940743,"Contemporary, smart, secure home with City views",197365826,Mariana
41941670,Light Filled Garden Guest Suite,11298613,Leslie
41961599,"Hotel Drisco, Classic Guestroom, One King Bed",291825159,Hotel Drisco
41961843,"Hotel Drisco, City View Suite, One King Bed",291825159,Hotel Drisco
41962430,BRAND NEW - ENTIRE FLOOR w/Ocean Beach view!,331406546,Ada Yan Ping
41974184,Standard Quad Room w/Ensuite Bathroom,310731324,Hotel Des Arts
41976381,|King Bed| SF Spacious Sunny Room/BUS to Downtown,226555948,Gino Angelo Timpog
41976580,SF Bright & Spacious Rm w/Patio/Kitchen/Laundry,226555948,Gino Angelo Timpog
41979414,Cozy En-Suite Garden-view Room w/ private entry,92844,Carol
42015681,"Sea Cliff Garden Studio + Patio, Sun!",333801211,Patrick
42016488,Luxury Twin Peaks Studio w/ Ensuite & Backyard,20434337,Sunandita
42038351,Great location in Fisherman's Wharf,64646820,Michelle
42042067,Charming & Quiet Studio centrally located in SF,333179445,Lindy
42044647,Lovely Arts & Crafts home on quiet Castro street,1269274,Jonathan
42044769,Standard Queen Room w/Ensuite Bathroom,310731324,Hotel Des Arts
42046079,Luminous Dolores Heights Guest Bedroom with Private Bathroom,34742746,Mark
42067678,Studio Suite in SF's luxurious Donatello,20704144,William
42069436,3 Jackson square. Columbus ave private 2 bedrooms.,204441,Gary
42073272,Page Street Retreat 30+ days,13112056,Fiona
42121425,1 Bedroom Suite in the Heart of San Francisco,20704144,William
42139985,Parking! Cozy Edwardian Condo in Mission/Dolores!,8997887,Pengyue
42140976,Amazing SF Garden Studio,131802738,Doris
42161427,"3(ish) Bedroom, 2 bath off Sunny Valencia Corridor",9999808,Matthew
42203080,SAN FRANCISCO Conventions Accommodations,85132,Sanford Sandy
42205156,SAN FRANCISCO Downtown Conventions,85132,Sanford Sandy
42205587,Central SAN FRANCISCO Accommodations,85132,Sanford Sandy
42206227,Downtown SAN FRANCISCO Hotel on Bush Street,85132,Sanford Sandy
42206528,SAN FRANCISCO (Central) Accommodations,85132,Sanford Sandy
42207965,Luxury 2 bedroom apartment in Pacific Heights,335196582,Jr
42209720,"Bernal Studio: Standing Desk, Driveway, W/D, Fiber",19449399,Sam
42226441,Classic Corner of San Francisco,218110608,Sanana
42278240,Remodeled Guest Suite Near Food/Shopping & Metro,335930199,Sophie
42307530,"Quiet, Top Fl 2 Bdrm Mission by 24th st BART",14168367,Marc
42336333,546C - Cozy Private Master Suite* Private Bathroom,219791143,Victor 2
42336611,546B - Charming & Cozy Private Room* Mission Dist,219791143,Victor 2
42340184,Mid Market street @ Bart station,204441,Gary
42353772,Charming Home in Lake Street Corridor,2475480,Arthur
42355619,Room in Renovated Flat w/ En-suite Bath and DECK,2238981,Lenza
42362884,2 BR Prime Cow Hollow Location (30 night min),9774625,Kristina
42366245,3BR/2BA entire suite,69261219,Yvonne Jia Yu
42403122,"Blueground | S. Beach, pool, spa, nr lightrail",107434423,
42403169,"Blueground | S. Beach, pool, spa, nr sport",107434423,
42408462,★ Amazing location: Russian Hill. 1br apartment,140872749,Antelope
42414518,Peaceful 2B/2BA Home NR Beach/SFSU/Food/EZ Parking,337618755,Xiuwen
42417490,Inn at the Opera/.,52178915,Jim
42419568,Ritz Carlton luxury residence - 2 bedroom,262211596,Kevin
42429191,#Q15 Sunny room for 1-2 near Downtown (NobHill),267895362,Rocky
42429868,#aQ15 Sunny room for 1-2 near Downtown (NobHill),267895362,Rocky
42434687,Quintessential San Francisco Apartment,12703126,Jeff
42448700,"Blueground | Mission Bay, gym, bbq, nr lightrail",107434423,
42458125,"Mission All: Flat, Backyard, BarShed, FREE Parking",304328524,Ryan
42484367,Upscale Private Ensuite Bed & Bath in Nob Hill,27368404,Edward
42484382,Nob Hill Room w/ Workspace Near Dtown & USquare!,27368404,Edward
42484387,Plush New Room in the Heart of Nob Hill Near FiDi!,27368404,Edward
42515202,"Hotel 32One, Standard Room, 2 Double Beds",333789199,Hotel 32One
42515207,"Hotel 32One, ADA Room, 2 Double Beds",333789199,Hotel 32One
42515322,"Hotel 32One, ADA Room, 1 Full Bed",333789199,Hotel 32One
42515328,"Hotel 32One, Standard Room, 1 Double Bed",333789199,Hotel 32One
42517778,Bed and Breakfast at Golden Gate Park,22252358,Mike
42520602,Top Holiday and Business Location,271162160,Steve
42536368,One Bedroom Home by Bay with two free valet spots,218110608,Sanana
42541579,Sunset in the Garden,188970468,Steve
42585784,Winsomeシ 4BR 2BA Zen Backyard with Views,20182227,Kean
42593418,Suites at Fisherman's Wharf_2B,52178915,Jim
42624438,Donatello Hotel*,52178915,Jim
42646014,Lux Designer 1 BR w/Views in Perfect Location,154514692,Channing
42662089,Very Great Union Square Location-Hotel Style Suite,70722023,Michael
42692601,Studio Suite with Rooftop Lounge in San Francisco,20704144,William
42693338,Garden View Private Suite at the Park w PARKING!,340098841,Pamela Rose
42697619,"Blueground | SoMa, gym, roofdeck, near tech",107434423,
42708820,Walk to Union Square - Hotel Style Suite 2 Doubles,70722023,Michael
42720400,Heart of Noe Valley - Modern Victorian 2 Bedroom,79711096,Patricia
42737862,nice place fill like home,28051244,Ilan
42807849,"Blueground | Mission Bay, gym, bbq, nr lightrail",107434423,
42814290,Beautiful custom  condoCANNOT BE RENTED FOR<30 DAY,14380818,Stephen
42815848,Studio Suite near San Francisco's Union Square,20704144,William
42841900,"Serene 1-BR Condo w Parking, in North Embarcadero",988375,Jennifer
42856533,SF Parkside 3B/2B&free parking,90349994,Juanjuan
42857430,Maximum Comfort at the Heart of Castro - Unique!,919672,Rory
42867788,Donatello Hotel.,52178915,Jim
42891780,Newly Renovated near Painted Ladies / Hayes Valley,2060012,Ari
42914481,Deluxe Queen Room with View & Shared Bathroom,309729224,Hayes Valley Inn
42914792,Standard Double Room with Shared Bathroom,309729224,Hayes Valley Inn
42914809,Standard Queen Room with Shared Bathroom,309729224,Hayes Valley Inn
42914824,Standard Twin Room with Shared Bathroom,309729224,Hayes Valley Inn
42917380,Master Bedroom in fully furnished Mid Century Apt,41954868,Heather
42956000,Lone Mountain/USF Efficiency,73356825,Drew
42982252,Oasis at Bayhaus | Fast Wifi | W/D | Housecleaning,2146719,Nikki
43031022,Beautiful Bright Room in the Mission,4191595,Lawrence
43054806,Mediterranean Revival Flat with Spectacular Views,13694323,Marco
43059936,DO NOT PUBLISH BEFORE MERGING 26110-KADA,302987199,Palihotel
43069186,Nice 2 Bedrooms home + parking,9080666,Sandy
43077495,Mission/Potrero Hill Private Bedroom,18415786,Charlie
43131853,Newly remodeled condo heart of SOMA San Francisco,5569348,Sako
43147452,#LD15 Sunny room for 1-2 near Union Sq/Downtown,267895362,Rocky
43149204,Cozy Spacious Furnished 1BR-APT in the Heart of SF,7179228,Jonathan
43149731,Luxury 2b/2b high rise - Rincon Hill/Fidi/SoMa,7088871,Shadi
43157568,Inn at the Opera: old world charm in the city,245447609,Kim
43157614,Union Square large hotel studio,245447609,Kim
43200504,Civic Center Vista,303118342,Jesse
43220752,"Modern, Stylish 1Bd in Mission Dolores",19205444,Dorian
43221081,1800U - Modern 3B2B Upper Unit @ FWY & Light Rail,219791143,Victor 2
43223129,Private Bedroom with Private Bathroom in SOMA,320776642,Zarina
43223213,Golden Gate views,89059429,Alexis
43271982,#Q38 Private Room.Noe Valley.Newly remodeled House,267895362,Rocky
43335731,Luxe Private Getaway in the Heart of Nob Hill!,27368404,Edward
43346862,King bed Free Park,20850212,Young
43348706,"1-2 Bed ""SUNNY CLASSIC"" nr Valencia & Dolores Park",4152942,Clare
43349696,SF Quiet 1 bedroom Suite w/Kitchen Nr BUS to FIDI,226555948,Gino Angelo Timpog
43395762,Bright Sunset Room and Bath near Beach and Park,301855381,Hai Lin
43412641,Guest Perch · Mission/Castro/Noe Valley · Hot Tub,46107941,Robert
43431631,Architect's House with Skyline Views in Noe Valley,13445416,Alex
43442357,Cozy room in remodeled home,7433098,Aljosha
43471386,79ab SFSU/Parkside masterensuite w/shared kitchene,131200418,Lois
43475468,Beautiful Mission District Home and Backyard,65136730,Ryan
43477163,Large Private Bedroom next to Market Street,346671348,Jules
43477461,Bright Nice Studio,150732464,Salman
43485535,Cozy bedroom right next to Market Street,346671348,Jules
43488825,Bubble House Upstairs Flat - 2 BR 1  BTH by Beach,8597535,Laura
43500476,SF City Chalet,35989641,Elie
43510827,SF Queen Garden Retreat (Cole Valley): Shared Home,43954646,Lance
43525924,"Newly renovated apartment,best location",3688605,Irina
43535706,Sunny Penthouse Garden View Flat (ColeValley),43918217,Mike
43544022,Private bedroom with 3 beds right next to Market!,346671348,Jules
43547939,#F38 Private Room.Noe Valley.Newly remodeled House,267895362,Rocky
43548028,Private bedroom in San Francisco,346671348,Jules
43565930,Cozy Nook in the Heart of Noe Valley,2761772,Traci
43568590,Excelsior Retreat with private bathroom,7433098,Aljosha
43568824,"Cozy Room in renovated home, close to park",7433098,Aljosha
43582741,Waterfront Penthouse Studio | Safe & Stylish,32390258,Andy
43635205,SOMA apartments 1 BR summer sublet,104635458,Eun Youb
43637265,"Historic brick loft, one block from waterfront",28977499,Daniel Wayne
43667068,Art Deco masterpiece with essence of luxury,79547260,Vy
43698429,Wyndham Canterbury SFO 3 bdrm Presidential Suite,467283,Claudine
43703455,Remodeled 1BR Garden Apt in a perfect location,5790586,Nectar
43710126,Golden Gate Park Escape | 4BR + Garage + Metro,34007109,Lidan
43712950,Edwardian Home,2450324,Kenneth
43714290,The TenderNob Gatsby Suite on Leavenworth,314029653,Karl
43717711,"A Cozy, Clean, & Tidy Room For You",71567392,Alene
43729319,New Executive Suite - N. Beach/Telegraph Hill,330745922,Connie
43738007,Sleek Richmond Charmer,1892430,Jan
43778249,Sunny and Spacious 3 BR + Office Furnished Rental,46495135,Matthew
43789407,"2 Bed ""HAYES VALLEY CENTRAL""",4152942,Clare
43818989,Noe Valley Quiet Neighborhood Gem,222085441,Marcia
43821247,Downstairs Private Garden Suite!,3794114,Audrey And Humphrey
43836180,Casa Verde: Luxe Family-Friendly Stay - Noe Valley,428414,Adrian
43839602,"Blueground | Rincon Hill, gym, rooftop, hot tub",107434423,
43840297,"La Monarca by Kasa | Studio, Walk to Union Square",88566861,Kasa
43840352,La Monarca by Kasa | Enjoy Bay Window Views,88566861,Kasa
43840354,La Monarca by Kasa | Studio Queen in Nob Hill,88566861,Kasa
43840355,"La Monarca by Kasa | Studio King, Weekly Stays",88566861,Kasa
43849384,Sunny Penthouse 1BR/1BA in Cole Valley & GG Park,43918217,Mike
43879677,Large  Stdio with View  on top of the top floor,694377,Beatrice
43894729,The Homestead,775963,Eileen
43910662,Cozy Garden Apartment with a Private Entrance,330231,Richard
43916082,Beautiful 2b2b floor,284454905,Weizhen
43926564,1 BR Suite + Private Rooftop + Gym l Dogpatch,248285981,The Landing
43928758,"Nice  2 bedroom, 2 ba apartment wtih a large deck",17013917,Taya
43946559,Cozy little studio in Upper Haight,14739900,Sarah
43947688,"Big, quiet, top flr apt, hot tub, views, king beds",9194713,Lance
44061995,Haight Ashbury Plant Sanctuary,38648,Sheila
44100289,Family Home with Garden & Parking - Heart of SF,2478750,Linden
44106348,Art Deco Studio in the Heart of San Francisco,4522397,Halim
44118516,Entire 4-bedroom home in heart of San Francisco,370518,Brent
44120283,Luxurious Ghirardelli Square Aparthotel/Condo,354452046,Joseph
44139093,Beautiful 2 bed/2 bath - 1 block from Marina Blvd!,137027970,Leila
44210941,"3 Bed ""HAYES VALLEY CENTRAL""",4152942,Clare
44262841,Modern Bernal Heights studio-Private outdoor patio,155667185,Keri
44278394,Beautiful San Francisco Room,203065170,Serhan
44304989,Midcentury San Francisco Refuge,4366018,William
44323000,Tall Loft Condo by  trendy Valencia corridor,988375,Jennifer
44323323,Charming 2 BR guest suite with private parking,77807259,Guanying
44341422,New & Historic SF home w/ flexible WFH 4 BR/3 BA,47784114,Dylan
44354428,Charming & chic 2bd Condo w parking QUIET LOCATION,8537620,Matt
44377815,"Spacious, Renovated, and Sunny Condo WITH PARKING",55491137,Mayank
44388465,"Beautiful, Light Filled Condo in 10/10 Location",5817608,Jesse
44493175,Small studio one block from  Golden Gate park,157059672,Vasily
44523362,Beautiful Studio Apartment With Stunning City View,12264996,Luong
44530899,Charming & Modern Space with High-end Amenities 🙌🏻,360187354,Ziv
44553770,Stunning Views 1 Block from Mission Dolores Park,59345532,Elizabeth Regan
44562619,Family Freindly w/Parking & View & BBQ & Workspace,49685469,Svetlana
44599913,Enrico Caruso Room at Chateau Tivoli,67054880,Kelly
44599926,Isadora Duncan Room at Chateau Tivoli,67054880,Kelly
44599930,Joaquin Miller Room at Chateau Tivoli-Shared Bath,67054880,Kelly
44599936,Jack London Room at the Chateau Tivoli-Shared Bath,67054880,Kelly
44599997,Lola Montez Basement at Chateau Tivoli,67054880,Kelly
44600003,Lillie Langtry Basement at Chateau Tivoli,67054880,Kelly
44600016,Luisa Tetrazzini Room at Chateau Tivoli,67054880,Kelly
44609975,Private Amazing Garden Retreat in SF Mission,72788131,Dan
44618237,Private Bathroom Huge Sunny SF Bedroom,203065170,Serhan
44631455,"League Of Its Own, Smart Home, 360 Roof Top Views",988375,Jennifer
44640330,"Dog friendly, huge patios, fully furnished condo",4513538,Linda
44657842,Pied à terre in the heart of the City,47056261,Colleen
44667442,"Modern, spacious guest suite near Glen Park BART",555501,Liwei
44683264,Historic Mission Studio w/ Character & Charm,4430421,Adam Nicolas
44683698,"Sunny, Tranquil SF Condo - Close to Everything!",1442004,Lisa
44907640,Bernal Heights Garden Apartment with Bay Views,28976623,John Elliott
44966218,Stunning Home in North Beach,363004359,Anastasia Marie
44997657,Modern Flat with Kitchenette in North Beach,16250434,Benjamin
45000250,Russian Hill Studio with Patio and Outdoor Kitchen,16250434,Benjamin
45001059,Top Floor Studio in Historic Building,4430421,Adam Nicolas
45092739,Oceanview 5bd High-end Home Beach/GGP with parking,78910325,Li
45104646,Top Floor Downtown 2x1,4430421,Adam Nicolas
45105995,"Cozy, Serene Potrero Hill Cottage",156917089,Barbara
45106798,Beautiful SF Room with Bay Window Downtown Views,203065170,Serhan
45143062,Quiet private 1 bedroom home + onsite parking,9080666,Sandy
45179395,1 BR Suite + Rooftop + Gym l Dogpatch,248285981,The Landing
45190995,Sunny furnished 1BR in Russian Hill,9576522,Siya
45202539,Stylish and cozy suite with private entrance,70423889,Giulio
45223836,Come for the o-o-o-ohs. Stay for the  a-a-a-ahs.,287717511,Kim
45224017,Spacious Room in the heart of North Beach,19584367,Elisa
45236883,Family Friendly Oasis in Glen Park,2028540,Miranda
45241648,Beautiful one bedroom apartment in Pacific Heights,65489418,Mitzy
45284420,Noe Valley 3 bedroom with parking &Backyard& Deck,330231,Richard
45324042,"Blueground | Telegraph Hill, gym, sauna, nr muni",107434423,
45345653,Guest Annex · Parking · Dolores Park · Castro/Noe,46107941,Robert
45355127,Bright Centrally Apt located near everything,109550778,Gregory Fong
45369529,"Amazing view , Financial district, full kitchen",100428075,Sam
45369733,"San Francisco Studio w/ Hot Tub, Sauna & Roof Deck",87164837,Drew
45377409,Immaculately clean and well designed.,365825241,Arben
45380601,Unbelievable San Francisco location and views,123436073,Alex
45385423,Inner Sunset Retreat with private entrance,13008705,Michelle
45421974,Modern New Condo in City Center,36999583,Hao
45423640,Cozy SF Coastal Abode,56125065,Margaret
45466080,Entire Large One Bedroom Apt In the Heart of SF,52112382,Aaron
45467451,Downtown SF | Stunning 5b2b,305752865,Keren
45469961,San Francisco at Marina Neighborhood with Parking,56874549,Fatima
45492650,Top Floor 2 bd + small office 1 bathrm  Yard & Pkg,3131531,Monica
45492947,"Luxury condo, beautifully modeled, parking, W/D",110543095,Juliana
45498256,Modern and posh condo,11937752,Shruti
45505675,"Quiet, Large 2 BD Flat.  #1 Location. Prime Marina",188218045,Jane
45520374,"Private, bright and cute guesthouse with loft",291050,Ka
45540293,Top floor Sunny view with 2 bedrooms,694377,Beatrice
45542268,3 blocks to Golden Gate Park from Lovely 3BR Home,285079318,Winnie
45595687,Downtown - Cozy  & Comfortable - Near BART,103884979,Rams
45614328,1914 Arts & Crafts w/ Backyard & Ocean View,7167082,Ahmed
45624070,Gorgeous period Victorian room in Noe Valley,21196676,Craig
45635976,Charming Victorian in Ashbury Heights,625762,Ryan Marshall
45637368,San Francisco Romantic Carriagehouse,7354696,William Edward
45641505,"Beautiful, remodeled Beach condo next to GG park",18173199,Alex
45654835,Private suite & bath w/ nearby convenience,183828403,Jonathan
45657042,"Peaceful Private Room B, 3 Min Walk To Ocean Beach",369884091,Xiao Ying
45658379,"Peaceful Private Room A, 3 Min Walk To Ocean Beach",369884091,Xiao Ying
45675987,Hayes Valley- Sunny Modern Designer Condo,345991025,Danielle
45713504,Sea Theme Private Suite near ocean beach,189949162,Joey
45745045,Drum Set Room at the Green Hut,370838667,Guillermo
45745602,Ukulele Room at The Green Hut,370838667,Guillermo
45745676,Bass Room at The Green Hut,370838667,Guillermo
45745768,Old Guitar Room at The Green Hut,370838667,Guillermo
45766831,Downtown SF - Spacious Private Room in 5B2B,305752865,Keren
45798438,"Ocean Views Private Master Bed. Reno BA, Deck, Pkg",371281355,Pedro
45799555,Huge San Francisco Studio Room with Private Bath,203065170,Serhan
45805136,Modern Private Bedroom & Bath - Separate entrance,1535113,Joshin
45806097,Stunning Mission Loft w/ view and private roof,358097,Andrew
45813759,Luxurious garden oasis in the heart of SF,20766247,James Edward
45814991,Cozy Garden Apartment in Sunny Mission District,3240477,Richard
45830359,"Bayside Refuge: Mid Century w/ Views, Free Parking",61459936,Victoria
45831278,Stay in 2 level luxury condo with bridge views,28065033,Jessica
45832877,Private Studio Apartment in the Mission!,4731705,Shilpa
45843816,Charming Mission Apartment,21795537,Liat
45867165,"Room in charming, unique Noe Valley flat",371852263,Graham
45884692,Private Apartment in Downtown San Francisco,66802755,K
45889585,"S.F. Studio. Awesome Location, Awesome Views !",5928633,Derek
45913296,Luxury Bi-Level Penthouse with Large Private Patio,51152729,Nili
45926438,Sunny Edwardian Retreat by Dolores Park,26974296,Marcello
45941698,Stay in One of the Coveted Neighborhoods in SF!,372448842,Ame
45957153,Private Apartment in Mission/Bernal Heights 2 Room,233982334,Maria
45969661,Serene Pacific Studio South,1892430,Jan
45975078,Beautiful Modern Home near USF,9836166,Kacie
45993599,Victorian 1 bedroom Apartment,303118342,Jesse
45996800,"City Views, open remodeled kit & bath, bright room",371281355,Pedro
46021069,Light-filled apartment in the heart of SF,9018490,Mara
46037704,Quiet Clean Studio in Lovely Central Location,11166165,Andrew
46037939,Sunny 3-Bd Victorian Flat in the Mission District,373161933,Thomas
46057087,"Sunny Mission Dolores 2Bedroom apt, Remodeled",50493756,Doug
46091378,Charming SF Gem: 2Br/2 Office on a Serene Street,4667343,David
46107966,San Francisco Paradise with Sweeping Views,1646997,Christopher
46118226,Elegant city center sanctuary,608445,Hassan
46119764,Boutique Timeshare Hotel on Nob Hill Dec. 10-14,177224235,Nona
46119882,Top floor bright clean apartment,17013917,Taya
46146220,New Mid Century Modern Designer Home w/Play House,264963463,Hsiao Ching
46221320,Designer Apartment in the heart of North Beach,369560434,Rouslan
46233114,"Blueground | S. Beach, pool, gym, nr bay",107434423,
46233171,"Blueground | S. Beach, pool, gym, shops & dining",107434423,
46233204,"Blueground | S. Beach, pool, gym, shops & dining",107434423,
46266088,Spacious Suite & Private Bath,183828403,Jonathan
46266736,Renovated Room & En-suite Bath,183828403,Jonathan
46298609,Film-Featured Hilltop 4BR Villa | City View+Nature,25116424,Yu
46412007,Large Bedroom in Sunny Mission Unit,7197110,Cedric
46412534,Large Bedroom with View in Sunny Mission Unit,7197110,Cedric
46417292,"Well-appointed, comfortable room in heart of SF",375566645,Mark
46418088,"Sunny, comfortable room in heart of SF",375566645,Mark
46434914,"Beautiful, tranquil home in heart of the Castro",2253513,Scott
46468461,Charming San Francisco Apartment with Views,119686948,Vaishali Kirit
46497687,Outer Richmond Bungalow,6557046,Max
46505554,2BR Garden Cottage Nestled in the Heart of SF!,4873926,Katherine & Philip
46509101,Room w/Separate Entrance Tiled Bathroom SF,1433031,Patti
46512891,"Peaceful Private Room C, 3 Min Walk To Ocean Beach",369884091,Xiao Ying
46553625,Large 2 BR in the beautiful Quesada Garden,82999389,Serena
46601899,Luxury One Bedroom with Resort Amenities in SoMa,22541573,Furnished Quarters
46617563,Live in Comfort and Style in this SoMa 1 Bedroom,22541573,Furnished Quarters
46623032,Large Room in center of SF in Renovated Building,2238981,Lenza
46640594,SF Lux Private Designer Penthouse on Mt Davidson,27236449,Tim
46640666,Bright 1 Bedroom Pied-a-terre in Bernal Heights,4869538,Deb
46644129,"Marina Bliss: Designer Suite, Waterfront, Private",13242738,Victor
46676129,"2 bedroom, 2 bath, city dream! AMAZING VIEWS",23918094,Nadine
46694062,Private room and bath in a New West SOMA Apartment,313232693,Taylor
46732281,SF 2-Bedroom Apt at Cow Hollow with Parking,56874549,Fatima
46780128,"Private Modern Retreat - Patio, Fire Pit, Hot Tub+",54810554,Elizabeth
46877156,"Cottage private room SF, 5mins walk to BART",79715071,Yusuke
46920923,Relax in SF,21003274,Adrian
46927679,Charming Victorian Apartment in the heart of SF,1154836,Ginger
46928150,Sublet in Mission for 6 months,378388723,Adan
46986918,House like apartment with private entrance,694377,Beatrice
47003277,"Beautiful Condo, Stunning Views",623244,Ryan
47049897,"Inner Sunset.  In city but away from ""The City""",7241833,James
47052884,Charming and Perfectly Located Nob Hill Condo,1671976,Stefan
47101484,Renovated 4BR/2.5BA Views Quiet (huge 2200 sq ft),12556651,Jaysa
47124930,Sunny 3 Bed 2 Bath Victorian with Office & Parking,64028,Aaron
47157599,SF Beautiful Sunny Room with Bay Windows,203065170,Serhan
47216046,Chic Mission house w/ terrace (the Letterpress),217728,Issac
47242917,Elegant Designer Victorian with Parking,10081093,Cameron
47392367,4 Bedroom Modern Flat w/ City Views & Huge Deck,2238981,Lenza
47394310,Spacious Sunny Studio,150732464,Salman
47403596,A real gem in the Heart of San Francisco,382671568,Edlira
47476769,Walk to GG Park/beach/restaurants+free parking,17230383,Marie
47520326,Ritz Carlton C&R @ SF - 2 Bdrm R,68234842,Miguel
47550223,Beautiful SF Room with Private Little Patio,203065170,Serhan
47578229,Monthly*OCEANFRoNT VIEW!_By Golden Gate Pk_Balcony,252936239,Amy
47583339,Renovated near Painted Ladies / Alamo Square,2060012,Ari
47586305,NYC meets SF - 1B/1B in Exceptional Location,179291294,Ati
47595966,UCSF Garden Studio Apartment,303118342,Jesse
47705504,Urban Oasis 1 bed 1bath - 1 block to Dolores Park,384297401,Sophia & Tyler
47708045,"Sunny Top Floor 2BR, Quiet and 1 block from BART",151524034,Marc
47742973,"3 Bed ""HIP EDWARDIAN""  Cute House, Neighborly St",4152942,Clare
47748204,Large studio in a classic building,694377,Beatrice
47863424,"Amazing location, Financial district, Full kitchen",100428075,Sam
47871031,Your Home away from Home in SF,385878161,Sally
47873934,Chic 3 Bdrm Victorian in trendy Area Close to Park,202536938,Kaleen
47877041,"Blueground | Waterfront S, beach, pool & spa",107434423,
47877053,"Blueground | Waterfront S, beach, pool & spa",107434423,
47877069,"Blueground | Waterfront S, beach, pool & tennis",107434423,
47889278,"Amazing location, Financial district, Full kitchen",100428075,Sam
47907141,Totally Renovated Victorian House in Center SF!,32687481,Susan
47918191,"Blueground | Nob Hill, sauna, gym, city view",107434423,
47918217,"Blueground | Nob Hill, sauna, gym, city view",107434423,
47918229,"Blueground | Marina District, w/d, nr parks",107434423,
47924635,Dolores Park Garden Suite,39759525,Maria
47928069,Bright and Centrally Located One Bedroom Apartment,45487490,Emily
47938763,Richmond District Top floor Pied a Terre,385869508,Nancy
47980567,Modern 2 Bdrm Victorian Walk to Golden Gate Park,202536938,Kaleen
47982211,1 Bedroom Suite in the Heart of Fisherman's Wharf,20704144,William
47982363,Stylish Studio Suite in San Francisco,20704144,William
47991917,Newly Renovated near Alamo Square / Hayes Valley,2060012,Ari
48012976,"In a world famous House, Central San Francisco",7873769,Marty
48013359,Renovated 1BR Home Steps to Bernal Heights Park!,387032745,Maura
48017416,Artists home in historical Bernal Heights,25550326,Annaliese
48019016,A-Private Room and Bath at Marina/Cow Hollow,157999191,Berlin
48033302,Bright & Cozy Sunset Room,325755259,Melisa
48043930,2 Bedroom Suite with Bay Views from Rooftop Deck!,20704144,William
48047294,SF Home near Ocean Beach & Golden Gate Park,151148,Lan
48047926,Ritzy Studio Suite 1 block from SF's Union Square,159391934,Kalven
48061960,"Nob hill studio, views, kitchen, libraryTrader Joe",9315569,Maria
48076259,Urban living by the Bay - Entire condo 2Bed/2Bath,14059100,Ani
48082869,WFH Fast WiFi / Fenced Backyard / Laundry,96117,Annette
48101533,"Blueground | Waterfront S, beach, pool & spa",107434423,
48110320,Bay and ocean views in Monterey Heights,387962998,David
48124606,Sunny city view apartment 2 bedrooms,694377,Beatrice
48135674,Art Deco in Mission,1809413,Kunal
48184964,Completely Renovated 2BR 2BA on Dolores St corner,388728582,Thai
48197124,"Master in Modern Flat w/ Ensuite Bath, City Views",253059,Marie
48201577,Private 2 Bed Oceanviews Beach Home w/Roof Deck,371281355,Pedro
48202229,Studio with exclusive deck in a world-famous bldg,7873769,Marty
48202551,B Private 4 bedrooms apartment financial district.,204441,Gary
48230046,763 - Private Comfy 2B1B Ground Unit in Richmond,385452652,James
48233813,Sunny Full Floor 3 Bedroom Mission Dolores Flat,5064498,Sean
48256170,"Hayes Valley, Modern 1BR + Comfort + Convenience",35173152,Alberto
48267727,B-Private Room and Bath at Marina/Cow Hollow,157999191,Berlin
48269918,MTV Real World Penthouse San Francisco,7873769,Marty
48274411,E-Private Room (share bath) at Marina/Cow Hollow,157999191,Berlin
48274426,D-Private Room (share bath) at Marina/Cow Hollow,157999191,Berlin
48274436,C-Private Room (share bath) at Marina/Cow Hollow,157999191,Berlin
48299614,Cozy 2Beds/2Baths in Central SF w. Parking Onsite,389814586,JieYan
48326392,"Blueground | SoMa, w/d, rooftop, nr muni",107434423,
48326770,Brand New Modern Studio with Private Patio,129904961,Galina
48341928,Potrero Hill 2BR w/ Sweeping Views.,248967671,Jennifer Camille
48382323,"Wyndham Canterbury, San Francisco, CA Sleeps 4",199349788,Dan
48401828,Brand New Hayes Valley Luxury Condo!,5203636,Alexander Michael
48457858,"Blueground | SoMa, office, w/d, patio, near hq",107434423,
48458908,Suite with separate entrance in prime Russian Hill,7873769,Marty
48463238,Bright & Modern Home w/ Views! Mins to Twin Peaks,464724722,Patrick
48473036,Cozy Sunset suite,390988801,Olga
48483623,Sunny Bernal heights home with skyline views,391269787,Adrian
48493716,Ritz-Carlton Club - 1BR Residence By Union Square,123689681,Troy
48512663,1Bed: Perfect for WFH & being in mission & bernal,379541476,Siddharth
48524582,Rest and Recharge in a Stunning Designer's Home.,28936230,Vijay
48530225,Quiet and Spacious Single Family Sunset Home,207077,Hasan
48567054,Luxurious 1BD/1BA in Shared Condo In SF!,391844602,Moustapha
48584558,Heart of SF! 2BR Victorian Style House,391966955,John
48593282,Ritz-Carlton Club - 2BR Residence By Union Square,123689681,Troy
48593944,Ritz-Carlton Club - 3BR Residence By Union Square,123689681,Troy
48624676,Beautifully curated loft in SOMA,9790104,Anita
48626824,Beautiful 2 bedroom flat in Sunny Potrero Hill!,24949211,Ed
48631814,Modern Safe 1Bed and 1Bath Apt w/ Private Entrance,69892706,Norma
48641804,Central SOMA/Civic Center SF Downtown With Views!,42906831,Wesley
48664836,Modern Surf Shack steps from Ocean Beach,2363198,Alexandra
48715995,Inner Richmond 1 bd/1bath near Golden Gate Park,7089131,Daniel Elias
48736078,Vintage Chalet surrounded by nature + hot tub,61793006,Kristen
48753894,Corner Tower - Premium Walkable for UCSF and GGP,165901112,Dennis
48863646,Bright and spacious studio with modern amenities,8835511,Greg
48890376,3 Bed/3 Bath home on cul-de-sac in Laurel Heights,86183328,Jeff
48905338,Studio Suite in the Heart of San Francisco!,159391934,Kalven
48907152,Donatello Hotel:_,52178915,Jim
48916461,Cozy Masterbedroom with Priv Bath near UCSF,5977346,Melissa
48942812,Family friendly flat in San Francisco,21814733,Emmy
48944113,2 Bedroom Suite in the Heart of Fisherman's Wharf!,20704144,William
48955947,Iconic & Well-Appointed Pac Ht Victorian+Location!,91488071,Daniel Y S
48975571,Charming Studio Hotel w/ Hot Tub!,159391934,Kalven
48975753,Top Floor Flat. New Remodel with Art & Views.,739859,Jeff
48981272,1GB-Private Room (share bath) at Marina/Cow Hollow,157999191,Berlin
49011402,"*OCEANFRoNT AMAZiNG+ViEW *Balcony_W/D, Granite",1339470,Alison
49015924,"Newly Renovated, Spacious Unit in the Heart of SF",330231,Richard
49016583,Historic 1924 Getaway in the Heart of Russian Hill,11026772,Kathy
49038059,5-Star Designer Studio SOMA #Balcony #RoofTopDeck,226555948,Gino Angelo Timpog
49041741,Cozy Sunset Gem | Walk to Golden Gate Park & Metro,34007109,Lidan
49043980,Charming Sherwood Forest Private Apt. Free Parking,71975,Oscar
49058232,Breathtaking Bay View!,395647147,Ruobing
49060748,Club Donatello in heart of Union Square,245447609,Kim
49061200,"Brand New, Modern 1 Bedroom in Pacific Heights",129904961,Galina
49062947,Junior Studio Room with Front Deck,203065170,Serhan
49081860,Nobhill PRIVATE ROOM #3 w/ private en-suite bath,394604022,Veronica
49081984,Nobhill PRIVATE ROOM #6 w/ en-suite bath,394604022,Veronica
49089497,Nobhill PRIVATE ROOM #5 w/ en-suite bath,394604022,Veronica
49090400,(#3) 3BR 1Ba Renovated Flat in the heart of SoMA,6340691,Michael Joseph
49093030,Charming Cozy Home in nature SF views and parks.,229685084,Zhi Yuan
49101007,Spacious studio+garden+parking at peaceful SF area,26656152,Jaehak
49111995,High-End studio - Natural light - Noe Valley,2410057,Ben
49115658,"Entire Beautiful modern home, hot tub, great view.",14170355,Cory
49130015,3000-Big 4B3B Ground Unit near HW1 SFSU Stonestown,396251035,Lifang
49131050,MARINA Waterfront Master Suite,262054570,Kenny
49158646,Modern SoMa Living – Walkable & Central!,10800264,Lingzi Liu
49161676,"Sweet Suite w/ EV charger & Parking, 5 min to SFSU",13340074,May
49180146,Bright Urban Retreat w/Private Hot Tub/Entrance,71975,Oscar
49200817,Alta Plaza Park Suite,303118342,Jesse
49212898,"Private Bedrm Near Sup.Market,Transp.,Restau. 9A1",9219277,Henry
49217813,Queen Garden Room Near UCSF and Golden Gate Park,43918217,Mike
49248632,Charming one bedroom Noe Valley.,258005,Rose
49248688,"LUXURY Home – HOT TUB, BIG VIEWS, BIG GYM, KIDS <3",358877,David
49249440,Nobhill PRIVATE ROOM #4 w/ private en-suite bath,394604022,Veronica
49255910,Convenient place Private bathroom SupMarket 9C1,9219277,Henry
49257231,Sunny Large Penthouse Views 2 bed above Noe Valley,709325,Mark
49261813,Luxury Cutting-Edge 3 Bedroom Oceanview Apartment,397433147,Brendan
49261963,Beautiful  Spacious Flat across from ZSFGH,397434812,Jeanette
49268830,"Elegant, Spacious Flat in Mission Victorian",5307061,Angela
49270960,Spacious 4br/3ba Victorian in ultra-prime location,113483038,Wade
49275786,"Modern, New Studio with Private Patio",129904961,Galina
49275820,2br Victorian House with Breathtaking views,58232149,Carlos
49278321,2 BR home on secluded cul-de-sac in Laurel heights,86183328,Jeff
49286754,Large Beautiful Furnished Room in Pacific Heights,27658327,Mei
49294011,The Skybox - Buena Vista,1855382,Will
49296464,Alta Plaza Park Studio,303118342,Jesse
49318980,Private Room in Historic Haight Ashbury Victorian,129961318,John L
49327047,Loft at Marina/Cow Hollow,157999191,Berlin
49370364,Perfect for someone loving the park + ocean vibe.,325755259,Melisa
49370884,1 bedroom with views of the Golden Gate Bridge!,40529892,Vruti
49409072,Penthouse by the Park,22735680,Leslie
49418236,"Prime Mid Century Flat, Laundry, Parking.",137980,Jack
49435568,"Bernal Hill / Mission ! 3 Bedrooms, Awesome View !",5928633,Derek
49444697,754A - Peaceful Convenient 2B1B in Excelsior,398787940,Fa Hui
49450915,"Bright Hayes Valley Condo - 2 bedroom, 2 bath",23612531,Maggie
49467562,"Hayes Valley- Safe, Central Classic Victorian Flat",6456352,Heidi
49500530,The best golden gate view apartment,30180310,Kamila
49518431,"Brand New, Modern Studio in Pacific Heights",129904961,Galina
49523008,Modern boutique condo w/ AC near food/bars/art,35173152,Alberto
49546855,Stunning Updated Victorian Near Haight Ashbury,653275,Annie
49548489,Private and spacious Master suite  in Twin Peaks,2664948,Scott
49549097,The Cove: City Loft Living,578197,Michael
49552114,1333-2 - Nice 2B2B Apt near GG Park/Bridge & Geary,219791143,Victor 2
49563383,Blake & Sara's Sunset Home,23982718,Blakely Fraser
49571120,"Modern, but cozy flat with backyard you will love!",4372184,Monica
49592921,"Spacious Remodeled Bernal Home (garden, sauna…)",216743744,Nina
49593662,Modern Uppr Market/Castro hi amenity studio condo!,10162964,Shelley
49595336,"1628 - Luxury 3B3B at SF near Bart, Beach & Golf",389843649,Khoang
49597213,"Marina Garden Apt, Private Garage, 31 Day Minimum",290158702,Fiona
49597911,2D-Private Room (share bath) at Marina/Cow Hollow,157999191,Berlin
49615500,"Direct entrance, private bathroom-no shared spaces",65978352,Caleb
49631521,Lovely 5-bedroom serviced apartment with airbed,228914442,Julian (Host)
49634091,Tranquil Queen Bedroom in the Courtyard,399069771,Heidi
49634141,"Courtyard Queen, Kitchen, Dog+",399069771,Heidi
49634202,"Courtyard Stay – Kitchen, 2 Beds, Dogs Welcome!",399069771,Heidi
49634228,Tranquil Courtyard 2 Double Beds,399069771,Heidi
49634255,Beautiful contemporary studio,21635985,Cecile
49634300,"Queen Bed By Street, Kitchen, Dog+ Parking incl.",399069771,Heidi
49634330,"Queen & 2 Twins,  suits 3-4 & parking incl.",399069771,Heidi
49634358,Tranquil Courtyard Room with 2 Double Beds,399069771,Heidi
49634378,Adjoining Queen Rooms with Shared Ensuite,399069771,Heidi
49634404,King Suite + Kitchen & Reserved Parking – Dog OK,399069771,Heidi
49634438,"Queen Street Suite, Dog+,  Reserved Parking",399069771,Heidi
49635792,Bay Bridge View Entire Studio with Private Parking,30210149,Pruthvi
49636107,A beautiful cozy house in SF-4 rooms 2 bath,400352309,Hou Dong
49640324,5 Star Hayes Valley Victorian Walk to Paint Ladies,344223871,Jeffrey
49708275,"Private Suite  living, kitchenette, bath VIEWS)",1753794,Ashish
49714479,"Studio + pvt bath, kitchenette (no cleaning fee)",1753794,Ashish
49715655,3 Bedroom apartment in the Marina District,75202634,Ana
49718825,Explore City and Nature From a Cozy Guest Suite,400992467,Adam
49740320,Unbeatable Mission district location for this 3bed,401165959,Keyur
49752905,North Beach Bungalow,7006615,Christy
49773913,TREAT SUITE,46740514,Freddi
49776258,DESIGNER FLAT! Patio+Firepit+Steam rm (30-day min),559810,Liisa
49780180,Modern & luxurious 2bed Mission District Stunner!,401165959,Keyur
49797916,"Stunning views, spacious rooms, central location",15068891,Sharon
49832411,"La Casita - a quiet, Crocker Amazon area studio!",39651978,Linda
49834625,New Condo with Amazing WFH Setup and Private Patio,1671976,Stefan
49835338,"80 -3B2B House, Deck near FWY & Transit",401899585,Bin
49838960,Twin Peaks Oasis,4430565,Jane
49856430,Safe Downtown Private Room in Amazing Location,402067836,Lilian
49859540,"#aF47 Private room for 1-2 ppl hacknsleep,com",267895362,Rocky
49862664,"#aT47 Twin private room for 1person hacknsleep,com",267895362,Rocky
49864106,#Studio38 Private Studio in a Noe Valley House.,267895362,Rocky
49888745,Perfect location SF Marina 1Bed apartment!,9054140,Chris
49890263,Bright Modern Home and Workspace with Parking,167046,Nani
49927223,Modern Escape in Candlestick Heights,6001465,Danae
49933964,SF Private entry 1bed1bath onsite parking /laundry,390856735,Li Jun
49960883,Ocean Beach cottage,3545014,Sara
49962794,Amazing studio recently upgraded & super fast wifi,43203217,Fede
49987273,Remodeled SF Vibe 1 Bedroom w/ Private Yard(W&D),116169686,Ohad
50010586,Large Light Filled Quiet Artist built 2BR Apt,3589289,Laurel Roth
50025652,MTV Real World House Penthouse Flat+Roof Top,7873769,Marty
50034807,2B-Private bedroom and bath at Marina/Cow Hollow,157999191,Berlin
50037067,Sutro Oasis 2BR Guest suite,24643747,Helena
50057318,Cute and Bright Sunny Bedroom for Woman Only,137211962,Jing
50064502,Beautiful Unit steps away from Beach and Marina,15674293,Mariam
50067171,Fully Furnished Clean Studio in SOMA,101579609,Tuyet
50100184,Modern 1 Bedroom Condo Near Moscone and Salesforce,14104528,Joseph
50115550,Design Loft on Guy Place + Secure Garage Parking,69699441,Spiro
50136259,Single Family Home with Nice Deck and Views,8873382,Douglas
50138177,Modern/Luxe Private Suite In Classic Victorian,699889,Neha
50159258,Charming Suite - self check-in & parking near SFO,404429929,Hui
50188513,Beautiful Modern-Studio - N. Beach/Telegraph Hill,330745922,Connie
50191012,Lovely Modern Renovated - N. Beach/Telegraph Hill,330745922,Connie
50191488,"3BR/2.5BA SF Gem, Minutes to Golden Gate Bridge!",405088582,Viktoria
50196447,Modern 1bed condo in the SF Mission district,189845056,Mili
50207641,24 C -Beautiful lakeshore entire APT. 2bd/2ba,62034618,Ting Ting
50212186,Artist's Private Mission Garden Cottage,2018231,Hiromi
50216842,"Castro: Garden retreat, home office, parking, yard",1443329,Bradley
50232357,Bright &cute 2 bedroom home in SF -family friendly,291050,Ka
50242959,"Fresh, Contemporary Central Sunset 2-Bed Home",988375,Jennifer
50246512,Studio Suite w/ private entrance and parking,2607120,Gregory
50249557,Charming Russian Hill  studio with fantastic views,27378744,Raj
50265268,bright and roomy studio apartment,405833235,Simone
50271268,"Clean, quiet and central",3926041,Jason
50285215,Convenient place Private bathrm Transp &Market 9B3,9219277,Henry
50290160,Large Walkable Centric Work-Friendly 2-Bedroom,122922522,Diego
50292861,Lovely sunset studio apt Cozy w/ patio,46613919,David
50306339,Russian Hill/Ghirardelli Square San Francisco,74021003,Jaqi
50323617,Alta Plaza Suite,91333416,Jan
50331188,2 Bedrooms private bath short walk to GG Park SF,404949384,Yee Hung
50335212,"Public Trsp *, Private, Clean In Lively Part/ SF",4304238,Melik
50338646,Residential hotel near Union Square SF room#12,115849,Hiromi
50350639,Private oasis in SF downtown,2892809,Juliusz
50365548,"3-BR Unit near GG Park with Garden, Gym & Parking",43050384,Hua
50376815,One bedroom house in SF,57068872,Meihua
50379946,Luxury Soma Condo with Bay Bridge Views!,92974335,Neilesh
50380218,CASABLANCA -Grand Edwardian View home,406974141,Swapna
50384342,City View Queen Room-Hotel Spero,303137606,Hotel Spero
50384491,City View King Room- Hotel Spero,303137606,Hotel Spero
50384522,Two Double Room- Hotel Spero,303137606,Hotel Spero
50384553,City View Two Double Room- Hotel Spero,303137606,Hotel Spero
50384582,Urban Suite- Hotel Spero,303137606,Hotel Spero
50384606,Serenity Suite- Hotel Spero,303137606,Hotel Spero
50384637,One Bedroom Suite- Hotel Spero,303137606,Hotel Spero
50384670,Mobility/Hearing Accessible Serenity Suite,303137606,Hotel Spero
50429144,43C SFSU/lake Merced spacious master-ensuite,131200418,Lois
50444103,Garden Studio Retreat or Remote Office,1393654,Gary
50460894,Happy peaceful one bedroom apartment with view,130007762,Suresh
50471530,Panoramic view in Retro Modern Tri-Level home,49384981,Dawn
50488310,Dreamforce Deluxe Wyndham Suite #14 - Walk to DF!,5805679,Laurence
50489340,Orange Village Hostel - Full Size Bed w/Bathroom,76841544,Steve
50489368,(B) Furnished Efficiency Studio near Union Square,190158687,Christine
50498486,Exquisitely updated 3bed SF condo in the Mission,401165959,Keyur
50509087,Stunning luxury condo with best views in SF!,2093773,Brandon
50527012,"Modrn Penthouse,  A.C.,   Hi Wlk Score,Downtwn",24776510,John
50540365,Studio loft in SOMA,503596,Amanda
50547275,#ID1326 Sunny room for 1-2 near Union Sq/Downtown,267895362,Rocky
50547535,The Hidden Gem At Nob Hill in the Heart of SF,29591034,Brian
50547559,#aF1326 Private room for 1-2 near UnionSq/Downtown,267895362,Rocky
50547744,#lT1326 Twin Size private room @hacknsleep,267895362,Rocky
50549243,Hayes Valley 1bd Victorian House - Ideal Location,737738,Ting Ting
50581810,Sunset Garden Private Suite with Free Parking,43453992,Yuching
50618497,Private Guests suite w/Ocean View B,264577957,Athanasios
50623131,Orange Village Hostel - Twin Beds w/Bathroom,76841544,Steve
50623567,Orange Village Hostel - Triple Bed w/Bathroom,76841544,Steve
50623787,Orange Village Hostel - Queen Bed w/Bathroom,76841544,Steve
50661344,Modern Urban Oasis in the Heart of the City,394914577,Gail
50663591,"Spacious, central 2BR/2BA -views, garden & parking",2484584,Atambir
50679278,Large Art Filled Suite next to the Painted Ladies!,704771,Giulia
50681643,Cozy and stylish studio in downtown San Francisco,1218853,Yuzhou
50700085,Garden cottage on golden gate park,3871459,Giuliano
50725440,Modern Bernal house with views!,144926,Jonathan
50730080,Kings Landing!,409952387,Benjamin
50733860,Adorable 1 bedroom guesthouse with patio,259056393,Henry
50734589,Filbert Cottage,30437251,Steve
50749922,"Space, light, epic views and easy parking",15376205,Simon
50766515,Chic 2-Bedroom Retreat in SF Mission District,401165959,Keyur
50770499,Fast WiFi- Pet Friendly 1-BD w/ Patio in Mission,347434681,Oriel
50774565,Bright & modern 2 BEDS NEAR SF Zoo | Easy Parking,410336981,Loc
50799581,Adorable studio. Free parking,405598639,Aleksandra
50826010,Hayes Valley Flat in the Heart of San Francisco,410863411,Louis
50827199,Gorgeous Modern Bedroom w/ Private Spa Bathroom,10538570,Anna
50832759,Cozy PRIVATE Getaway in the heart of Noe Valley,1422894,Lauren
50834115,Harry potter theme suite near ocean beach,189949162,Joey
50880610,Modern 1-Bd Apt in Trendy Hayes Valley + Amenities,25079039,Mohammed
50896231,"Great location Castro/Mission Dolores 3 br, 2 ba",20900027,Nuannoi
50901173,Lovely Garden Flat in Victorian Building,75975367,Colin
50920396,#3 UCSF Cole valley Victorian classic 1bd-1ba Apt.,131200418,Lois
50936636,Cheerful and Cozy 2+ Bed Apartment with Patio,144910053,Anna
50940300,"Large luxe space, epic views and easy parking",15376205,Simon
50998419,"Bernal Bungalow  2 Bd/2 Ba 30day, King/Queen Beds",78625540,Leonard Raymond
51002009,2 Bedroom 1 bath  apartment,73664622,Matt
51027403,Gorgeous space with panoramic city view,8091342,William
51044188,Smiles await! SanFrancisco Pet-Friendly Apt w Yard,412979963,Maki
51047517,"Cozy 2 bedrooms, 1 bath in San Francisco city",20900027,Nuannoi
51048784,"2 bedrooms -Clean, quiet and centrally located",3926041,Jason
51050512,Private Suite By Golden Gate Park and UCSF,10556833,Xunyi
51065674,Lovely 2 Bedroom Apt in SF- Mins from Golden Gate!,413175220,Susan
51072776,Modern Luxury Retreat with Spectacular Views,10508610,Daria
51099172,1BR Cozy Condo at San Francisco,410094341,Park Royal Powell Place At Nob Hill
51103339,Powell Place at Nob Hill Original 1BR Condo,410094341,Park Royal Powell Place At Nob Hill
51103827,San Francisco Delight at Powell Place,410094341,Park Royal Powell Place At Nob Hill
51104031,The Ultimate San Fran Vacation at Powell Place,410094341,Park Royal Powell Place At Nob Hill
51104185,Art & Culture at Your Doorstep: Powell Place,410094341,Park Royal Powell Place At Nob Hill
51104324,Powell Place Fabulous Studio at Nob Hill,410094341,Park Royal Powell Place At Nob Hill
51106622,Urban Oasis in the Mission,11515755,Darren
51149828,Studio Queen in Haight-Ashbury Boutique Hotel,413946516,The Metro Hotel
51171028,Standard Queen in Haight-Ashbury Boutique Hotel,413946516,The Metro Hotel
51171654,Standard Double in Haight-Ashbury Boutique Hotel,413946516,The Metro Hotel
51172223,Premium Two Queen in Haight-Ashbury Hotel,413946516,The Metro Hotel
51172285,Marina Tranquility,78305879,Angelica
51172351,Haight Ashbury Room in Boutique Hotel,413946516,The Metro Hotel
51172461,Deluxe Double + Queen in Haight-Ashbury Hotel,413946516,The Metro Hotel
51172867,Standard Two Twin in Haight-Ashbury Boutique Hotel,413946516,The Metro Hotel
51173285,Two Double in Haight-Ashbury Boutique Hotel,413946516,The Metro Hotel
51179922,"Noe Valley/Dolores Heights Oasis, 30 Day Min.",535845,Joanne
51197292,Bohemian Sanctuary in Mission,353420186,Mona
51199210,Large Walkable Centric Work-Friendly 2-Bedroom,122922522,Diego
51216972,Sunny Noe Valley/Bernal Heights Garden Studio,93475120,Sven-Thorsten
51248089,Sunlit Guest Room Steps From Golden Gate Park,89685111,Natasja
51248658,Elegant Noe Valley/Glen Park private suite,414925801,Steve & Mimi
51250970,Peaceful Mid-Century Modern Gem,8030315,Sebastian
51265257,1 Room in a 2 BR in quiet SF neighborhood,16762410,Benoîte
51280287,Lovely 2 Bedroom Apt in the Heart of San Francisco,415252234,Paul
51285025,: ) Cheerful Topfloor 3Bedrooms2Full Bathrooms : ),415296880,Jerry
51285544,Bright Mission/Bernal FULL apartment,266184542,Karla
51285891,Cheerful 1 bedroom in residential house Twin Peaks,340699161,Brian
51290168,Cozy 1-bedroom in classic SF Victorian home.,6057010,Victoria
51293489,Happy house on a hill,13116,Greg
51309897,"Well-lit, lovely private room with ensuite bath",184700906,Apoorva
51324102,Golden Hour Views from a Charming SF Hideaway,34289429,John & Camellia
51330973,Cozy Charming PacHts Light-Filled Apt. Cntrl Loc!,91488071,Daniel Y S
51331893,Pacific Heights Studio! Peaceful & Light-filled Delight. Walkscore 97!,415729144,Laney
51341006,Gorgeous modern bedroom with private bathroom,10538570,Anna
51341129,Hayes Valley Bright Flat,20153147,Dan
51341671,Gorgeous Modern Bright Bedroom w/ fast WIFI,10538570,Anna
51403713,Modern Junior Single Studio,253575857,Dorel SF
51433637,Modern King Studio with Bay Windows + City View,253575857,Dorel SF
51450305,Amazing location + views in this updated 4 bedroom,416701497,Kamal
51453486,Elegant Edwardian North beach apt with parking,416732309,Peter
51454716,"Sunny 2-Bdrm w Parking, Fast Wifi & Roof Deck!",3290239,David
51473651,Palm Trees private room near Ocean Beach Zoo GGPK,189949162,Joey
51474151,Spacious House & Garden for 8+ (Free Parking),12434194,Alison
51478151,SF Embarcadero Waterfront South Beach,416951845,Carina
51497434,citizenM San Francisco Union Square,417121494,CitizenM San Francisco
51499110,Huge modern room in Central SF!,403702270,Joyce
51505215,"New 1 Bd/1Ba Pacific Heights, Amazing location!",346212466,Marika
51521830,"Modern retreat near SF's AI hub w/ views, gym, W/D",29821475,Emily
51524837,Modern Double Studio with Sun Deck View,253575857,Dorel SF
51575228,HOPE HOUSE: artist home,3874,Ben
51639052,SF | SAFE Location| Spacious Comfy Rm | EZ Parking,25120232,Sharon
51639202,SF | SAFE Location| Quiet & Modern Rm | EZ Parking,226555948,Gino Angelo Timpog
51669425,Central and modern Union Square SF condo - 1BR,96697376,Winnie
51692858,Castro Mid-Century Private Bedroom & Bathroom,34563933,Nathaniel
51698965,Spacious Private King Room w/ Direct Garden Access,43918217,Mike
51725511,Luxury 1 bedroom unit,90828719,Ramy
51737149,Cozy Private Queen Room in Cole Valley,43918217,Mike
51745961,SF Twin Room w/ Desk in Edwardian Flat,43918217,Mike
51754361,Work/Live/Play! 2BD/2BA Victorian Condo,187400738,Melissa
51756252,Modern Single Studio,253575857,Dorel SF
51765797,Best Location 2BR Apartment ★Central★Quiet★Safe,203065170,Serhan
51771657,Downtown SF Micro Private Room @ ITH Hostels,329072,James & Friends
51783934,Best hip central lower Haight-Walk Score 100-Deck,3895812,Fakhry
51786319,Spacious and modern 2 bedroom in Pacific Heights,103875421,Tiffany
51786971,Boutique large studio in NoPa San Francisco,416919348,Malcolm
51787922,Charming studio in the heart of SF,419532249,Igal
51805390,*Sunny 2bd/2ba House *Walk to Presidio & GG Park*,23062308,Shih-Fong
51807010,Beautiful Sunny SF Room with Bay Windows,203065170,Serhan
51817080,Convenient place Private bathroom Sup Market 9B2,9219277,Henry
51844022,SoMa Studio w/ Office by Anyplace - 7468,415840703,Anyplace
51851529,Charming 1 Bedroom Condo with VIEWS,229507508,Lisa
51864093,Cozy and quiet studio in Ashbury,38836,Bernat
51864167,Private studio close to Union Square,1822832,Anna
51903225,"2 blocks from the lake # 3 , master bedroom",420182099,Sam
51906112,2 bocks away from the lake # 6,420182099,Sam
51907045,2 blocks away from the lake # 2,420182099,Sam
51910917,"2 BEDROOM apt, whole place",74125906,Tay
51923773,Piedmont Street Garden Cottage,147265814,Courtney
51927761,"SF Modern Luxury, remodeled 1br, 1ba w/ 1parking",7781167,Ted
51929867,Cozy Garden suite 2 Bedrooms 4 Beds 1 Bath Parking,418448354,Larry
51929944,R3A - Private Room with Private Bath at Richmond,157999191,Berlin
51930358,R3B-Private Room (share bath) at Richmond District,157999191,Berlin
51930674,R3C-Private Room (share bath) at Richmond District,157999191,Berlin
51940665,Gorgeous 2 bed 2 bath cottage (year lease),751675,Jess
51986908,334-1 Nice 2B2B Apt near GG Bridge/Park & Presidio,420991308,Li Yi
52008865,Spacious 4BR/2BA Flat in Central SOMA,304721494,HostWell
52030447,"Lovely 1-BR condo with patio, private and quiet",421300197,Anthony
52030809,Bright bedroom in Victorian home,421302835,Lorraine
52073226,Light filled home in the Heart of Bernal w/ loft,23437989,Robin
52076589,Chic Private Room in Hayes Valley 2B2B condo,108175391,Xuhao
52085366,Modern Room A with/private bath in San Francisco,230265204,Wan Chun
52095303,754B - Peaceful Convenient 2B1B in Excelsior,398787940,Fa Hui
52125635,Modern Double Studio with Bay Window,253575857,Dorel SF
52126879,"Modern Sutro Suite -Near Golden Gate Park, Beach",56928547,Yvi
52144102,Work Friendly 1 Bedroom with Rooftop Deck,1257432,San Francisco Life
52144461,Beautiful Sunny Room with Front Deck in SF,203065170,Serhan
52144541,Sun-soaked Hayes V penthouse: 1000 sq.ft w hot tub,316362,Laura
52155216,Leopard Hideaway,312334,Amalia
52166080,Centrally located 2 bedrooms in 3 bedroom flat,422303591,Rhea
52171550,Family Friendly Apt. Next to Golden Gate Park!,422344759,Izabella
52175564,Cheerful 3 Bedroom Condo *mostly private in DT SF,293025002,Bi
52220400,"P/Private room near CCSF, SF State, easy parking.",86083871,Kina
52241875,Remodeled 2-bedroom in Russian Hill,11045899,Patrick
52269214,Bright Room + Private Bath walk to Giants Stadium,99542736,Arron
52269848,Cozy WFH Condo in heart of SF,9581178,Alyssa
52273857,"Blueground | N. Beach, gym & pool, nr groceries",107434423,
52302237,Grand Victorian 2bedroom 1bath haight Ashbury,110078968,Ahmed
52303229,UNION SQUARE - NEW HOTEL SOFT OPENING SPECIAL,423319141,Jordan
52321792,19 Rue Henny,33085508,Michael
52338790,Private cozy 1-bedroom SF getaway with office,361567831,Kylie
52341301,Renovated cozy room with private bath&entrance,50417524,Ken
52341302,Renovated spacious bright room w/ private bathroom,50417524,Ken
52420670,UNION SQUARE - NEW HOTEL SOFT OPENING SPECIAL,423319141,Jordan
52421273,LOCATION! Open Floorplan Updated 1 Bedroom Unit,387801231,Coleman
52424346,2bdr/1ba apart access to backyard victorian home,30075056,Joelle
52425346,Spacious Victorian room in SF,420182099,Sam
52425756,Victorian room with a nice yard,420182099,Sam
52426464,Lovely Victorian room with a yard,420182099,Sam
52434440,42B SFSU/Lakeshore spacious priv. rm w/shared ba.,131200418,Lois
52434895,44ASFSU/Lakeahore beautiful spacious masterensuite,131200418,Lois
52533880,Quiet Sanctuary By The Beach,28371410,Kristine
52547703,2 bed 2 bath w/ Sleeper sofa w/ Private Roof Deck,425219401,Clifton
52548710,UNION SQUARE - NEW HOTEL SOFT OPENING SPECIAL,423319141,Jordan
52569239,Furnished Studio Condo with private patio,17936510,Monty
52574214,1-bedroom SF Condo (30-day min). GG Bridge View,88404885,Waseem
52602240,Modern Victorian in Cow Hollow,55581059,Ursula
52649335,79aParkside Spacious master-ensuite newly renovate,131200418,Lois
52662734,"Blueground | Lower Nob Hill, gym & roof, nr bars",107434423,
52662781,"Blueground | Lower Nob Hill, gym & roof, nr bars",107434423,
52662804,"Blueground | Lower Nob Hill, gym & roof, nr bars",107434423,
52667150,Cozy bedroom in Victorian home,421302835,Lorraine
52667277,Pleasant bedroom in Victorian home,421302835,Lorraine
52676932,"Comfy and spacious sunset home, freshly renovated",46613919,David
52758762,R4A-Private Room with private bath & Yard,157999191,Berlin
52758981,R4B-Private Room with Private Bathroom,157999191,Berlin
52759127,R4C-Private Room with Private Yard,157999191,Berlin
52773447,Orange Dog Garden Studio,91333416,Jan
52776439,Ocean Beach Retreat,12604457,Maura
52794880,Grateful Dead Themed Room with Shared Restroom,102523118,Music City
52808966,Private Luxury Apartment In Nob Hill,16089618,Kelly
52859106,The Addison by Kasa | Traditional Queen Studio,88566861,Kasa
52859379,The Addison by Kasa | Premium Queen Loft,88566861,Kasa
52860611,Private suite close to UCSF & Golden Gate Park,12401053,Dinesh
52861914,Cheerful 5-bedroom home in downtown San Francisco,427991063,Tripa
52883651,The Addison by Kasa | Executive Queen Loft,88566861,Kasa
52901955,Full Bed Weekly,418905992,Urban
52917088,Large Private Room In Mission Terrace Home,423037777,William
52924955,Modern Cozy Couples Getaway | Walkable &Convenient,125287135,Ze Sheng
52925646,Home in central location,428470015,Lake
52933960,Spacious 3BR Home SF Moscone/Downtown/Chase,10779823,Claudiu
52935630,Twin Bed Daily,418905992,Urban
52937622,Beautiful Spacious 2-Fl Condo Great Loc 1850sq',179579054,Sheri
52952941,Penthouse apt suite w/ views and fireplace,46613919,David
52952950,Sunny ground level apt with access to huge yard,46613919,David
52974854,Private Studio in SF Excelsior w/ Laundry access,10770504,Rebecca
52985560,SoMa Studio w/ Office by Anyplace - 10493,415840703,Anyplace
52996565,Inn at the Opera**,52178915,Jim
53008085,Modern Mission Dolores Studio with 100 Walk Score,54144845,Kerry
53025748,Inn at the Opera:,52178915,Jim
53034831,Peaceful garden space in nice neighborhood in SF,367370196,Michelle
53044428,Golden Gate Park Classic,162419166,Carol
53047143,Beautiful SF Room with Bay Windows Downtown Views,203065170,Serhan
53065936,Comfortable Bedroom in shared Condo.,1282594,Rachel
53066536,Lovely private room in the heart of North Beach.,429575203,Jesse
53112260,Brand new 3 bedroom home with manicured backyard,4103249,Andrew
53114844,"Wyndham Canterbury 1BR, downtown San Francisco",306338456,David
53114925,Charming Condo in San Francisco!,186337254,Travis
53117893,21 Rue Henny,33085508,Michael
53156395,Welcome to Spacious City Room *The Donatello* ST#1,340080088,Bibianna
53166508,Spacious newly renovated centrally located flat,134911709,Kate
53173870,Safe+clean+Parking+All Handmade+Japanese Zen Dream,5565510,Silvana
53192747,Inn at the Opera*,52178915,Jim
53214327,Clean and Comfy Furnished SF Room,203065170,Serhan
53236790,Cheerful 3Br2Ba and a living room Sunny patio,431004062,Ruiqiang
53238238,Elegant 2 bedroom/ 2 Bath SF flat- great location!,34466300,JoAnne
53241705,Classical San Francisco Apartment in Pac Heights!!,1825803,Giancarlo
53255450,Diamond Garden Suite,91333416,Jan
53258020,Panoramic View Room in 1890 Noe Valley Victorian,21196676,Craig
53260411,Warm & Cozy w/ SF Style,2001297,Urs Leonhardt
53276646,Lush Room w/ Private Bath in Downtown Central SF,293025002,Bi
53277674,Charming Room + Private Bath in Central Soma DT SF,293025002,Bi
53283176,Jr. 1bd in Ideal San Francisco Location,431373650,Joseph
53295282,Guest Room in Nob Hill San Francisco Condo,23311600,Amanda
53299611,"Charming SF Room with Queen Bed,Desk,Closet",203065170,Serhan
53339798,Charming top floor 2 bedroom flat in Cow Hollow,714894405,Eduardo
53355303,SoMa Studio w/ Office by Anyplace - 9961,415840703,Anyplace
53356150,SoMa Studio w/ Office by Anyplace - 9960,415840703,Anyplace
53363512,Historic/Hip Top Floor 1x1,4430421,Adam Nicolas
53366945,"Brand New, Top-Floor Modern Condo, Walk to Polk St",149508948,Austin
53394250,Nob Hill Hideaway 4,13471395,Joshua
53405558,"Victorian Stay, City View, Golden Gate Rm.",344223871,Jeffrey
53416582,Presidio Garden Suite,91333416,Jan
53450580,New 1Bd/1Ba Haight-Ashbury W&D Wi-Fi 57A,110078968,Ahmed
53461380,Petite Private Bedroom-Loft Bed-Best Location,128917916,David
53484134,UCSF Inner Sunset Garden,303118342,Jesse
53495313,Inner Sunset Garden,91333416,Jan
53496125,Flamingo Suite in Outer Richmond,20535068,Anna
53509489,Large Walkable Centric Work-Friendly 1-Be w/office,122922522,Diego
53517568,Lovely and Well-Located 2BD Apt.,14950298,Maria
53521574,Inn at the Opera.>,52178915,Jim
53530799,UCSF Woodland studio,303118342,Jesse
53540148,"Adorable 2bd Garden Apt,  Walk to Golden Gate Park",56658434,Cheryl
53576136,Inn at the Opera:,52178915,Jim
53576424,Inn at the Opera':,52178915,Jim
53576452,"Modern, bright & spacious 5 bdrm oasis in SF",4407928,Katherine Lien Hoa
53591605,SoMa Studio w/ Office by Anyplace - 10765,415840703,Anyplace
53608038,"Beautiful, newly remodeled flat with garden",23974491,Brian
53610005,Perfectly located 3 bedroom for long term SF stay,416019462,Kamal
53610090,SoMa 1 BR w/ Office by Anyplace - 10764,415840703,Anyplace
53610593,SoMa 1 BR w/ Office by Anyplace - 10763,415840703,Anyplace
53624229,"Sweet, pet friendly garden apartment with fire pit",17972130,Laura
53627212,20A - 3B2B Luxury Convenient Safe Neighborhood,434269687,Zhicheng
53634136,Inn at the Opera:,52178915,Jim
53644011,1806 - Private 1B2B Unit GG Park UCSF Stonestown,434407790,Zhi Rong
53660857,"Light-filled, Spacious 3-Bedroom Family Home",12186133,Lisa
53662536,Modern Victorian Condo (3BD/2BA),695345,Kristina
53663762,Spacious 4BR/3BA home in SF,413183855,Xuan
53674996,Sunlit Sanctuary: Spacious Retreat in Noe Valley,61214250,Klevis
53685139,Stylish 2 bdr / 2ba SF apartment in Hayes Valley!,17933642,Onur
53700609,Exceptional 4BR Villa | Monthly Stay | Work & Live,232271640,Ke
53726541,"Scenic Marina Escape, 2-Car Park, Top Neighborhood",11820504,John
53745962,"Blueground | Rincon Hill, gym & pool, nr tech hub",107434423,
53745973,"Blueground | Rincon Hill, gym & pool, nr tech hub",107434423,
53745975,"Blueground | Rincon Hill, gym & pool, nr tech hub",107434423,
53746023,"Blueground | Rincon Hill, gym & pool, nr tech hub",107434423,
53746030,"Blueground | Rincon Hill, gym & pool, nr tech hub",107434423,
53746038,"Blueground | Rincon Hill, gym & pool, nr tech hub",107434423,
53746044,"Blueground | Rincon Hill, gym & pool, nr tech hub",107434423,
53746048,"Blueground | Lower Nob Hill, gym, lounge, w/d",107434423,
53747035,"Blueground | Rincon Hill, gym & lounge, nr shops",107434423,
53755061,Sunset Luxurious 2BD/2BA Home Nr Food/Easy Parking,337618755,Xiuwen
53756392,Amazing 2 BR Mission Terrace Home w/ Free Parking,261258619,Rory
53763980,"Blueground | Rincon Hill, gym & pool, nr tech hub",107434423,
53774751,LIVE IT UP In The Castro! W/D  Walk Score 98 - BR,304721494,HostWell
53774753,LIVE IT UP In The Castro! W/D  Walk Score 98 - PR,304721494,HostWell
53774754,LIVE IT UP In The Castro! W/D  Walk Score 98 - GR,304721494,HostWell
53801623,Lovely Victorian 3-bedroom condo in the Mission,41095287,Kurt
53811428,Stylish Private 1BR Home in Potrero,102579493,Sasha
53814164,Studio Condo w parking 2 blocks from Embarcadero,435903772,Brian
53835580,Studio with Balcony & Stunning Bay Bridge View,25416774,Maryam
53839367,Modern Condo/Apartment in Telegraph Hill (Unit #2),401361,Avlok
53841418,Modern condo/apartment in San Francisco (Unit 3),401361,Avlok
53842003,Modern Condo/Apartment in Telegraph Hill (Unit #7),401361,Avlok
53849558,Stunning 1-Bedroom Loft in Clock Tower Building,3793516,Audrey
53850659,"Chic, modern comfort living - 2 bedroom w/ parking",436205910,Kristin
53857897,"Blueground | Rincon Hill, gym & pool, nr tech hub",107434423,
53864977,Penthouse Loft with Private Rooftop Patio,3676413,Sara
53874238,"Blueground | Rincon Hill, gym & pool, nr tech hub",107434423,
53877786,Peaceful Oasis in Cow Hollow  (Hidden Gem),220456613,Paul
53894662,Elegant Victorian Bedroom on a Tree Alley - SOMA,1923745,Xenia
53904925,"Modern, Bright Suite with Noe Valley Terrace Views",91489048,Susan
53921228,Luxurious Victorian Bedroom on a Tree Alley - SOMA,1923745,Xenia
53921709,Plush Victorian Bedroom on a Tree Alley - SOMA,1923745,Xenia
53922874,Gorgeous Artist's  4br Victorian w/Patio in SOMA,1923745,Xenia
53926070,Charming 1bd in Prime North Beach Location,4791851,Deborah Brand
54003298,Spacious 2 Br Apt in Classic SF Neighborhood,396520313,Paul
54004223,NEW Luxury King 1bdrm in Heart of NOPA w/ Garden,1629187,Jia
54014288,"Blueground | Rincon Hill, gym & lounge, nr shops",107434423,
54014361,"Blueground | Rincon Hill, gym & lounge, nr shops",107434423,
54020696,Ultra Swanky Designer Home,3213265,Michael
54064940,"Blueground | Mission Bay, gym & pool, nr Caltrain",107434423,
54127186,UCSF Inner Sunset Studio,303118342,Jesse
54129274,"Large, quiet, designer Marina 1-bedroom",3727055,Ashley
54142922,"The Hotel Castro | Accessible Room, Two Twins SF",88566861,Kasa
54142926,The Hotel Castro | Stay Stylish in San Francisco,88566861,Kasa
54142946,The Hotel Castro | Intimate Suite King Bed,88566861,Kasa
54142958,The Hotel Castro | Retro-Inspired Mini Suite,88566861,Kasa
54143584,"Luxury Room/Private Bath, near Giants Stadium DTSF",99542736,Arron
54145511,Outer Sunset Home,8750344,Tess
54147727,Mission/Noe Valley - Sunny Edwardian Studio,1116135,Sasha
54160404,DTSF Entire Unit 3 bedroom+3baths near Oracle Park,99542736,Arron
54160456,ComfyRoom+Private Bath DTSF walk to Giants Stadium,99542736,Arron
54166285,Presidio Garden Studio,303118342,Jesse
54187345,Inn at the Opera<>,52178915,Jim
54195764,Lovely cozy studio in Inner Richmond,23719876,Mingjing
54196877,Cosy 3 bedroom in-law apt. Excellent location.,81597039,Marie
54199501,Lovely Private room in heart of North Beach 2.,429575203,Jesse
54208170,Convenient Transp. Rest.Private bath Near SFSU 9C2,9219277,Henry
54209115,Marina District 1 Bd 1.5 Ba Luxury Garden Gem,48874527,Margaret
54223760,Near Golden Gate Park Convenient place Cozy Rm 5B2,9219277,Henry
54225583,Eclectic Lux Suite In Central SF- Walk Everywhere,15805878,Vineet
54227726,Family friendly House in quiet neighborhood,5277728,Tone
54231080,Modern 2BR in DTSF+private baths near Oracle Park,99542736,Arron
54239185,"Blueground | Rincon Hill, gym & lounge, nr shops",107434423,
54245229,Alta Plaza Park Studio South,303118342,Jesse
54245906,SF Cozy SF Retreat – Near Bus to FiDi & Downtown,226555948,Gino Angelo Timpog
54263591,Haight Ashbury Minimalist Apt Close to the Park,440030176,Mirjam
54266126,2 Queen 2 Full Bath Kitchenette Living Rm Parking,15895335,Douglas
54283542,Private spacious modern apartment w/ sep. entrance,1509538,David Ljung
54291766,Hip & Sunny Top Floor Victorian Studio,4430421,Adam Nicolas
54292856,Historic cottage on Greenwich steps with Bay Views,129794473,Logan
54293371,Funky One Bedroom Apartment in San Francisco,40421108,Laurel
54308591,Inn at the Opera<>,52178915,Jim
54315869,"Gorgeous Chef's Kitchen, Garden & Office",22694845,Kristin
54318134,"Studio apartment with patio in SoMA, San Francisco",265801171,Arash
54320727,Mediterranean Charm Nr Beach/Shopping/EZ Parking,337618755,Xiuwen
54341429,2A-Private bedroom and bath at Marina/Cow Hollow,157999191,Berlin
54342697,Inn at the Opera/,52178915,Jim
54381390,Cozy 1-bedroom condo with roof deck,2274937,Dan
506679368977040100,Sunny top floor apt in nicest area of city,46422571,Sy
507320938250121660,King Garden Room Near UCSF and Golden Gate Park,43918217,Mike
510198804436069440,Fabulous condo with sweeping bay views and deck,4150590,Susan
517552718697721600,Relaxing Gateway to The Bay - 3B/Parking W/D,98029660,Yuanqi
523226839994775e3,Safe Area Long-Term | Workspace | Private Parking,9423452,Quan
536433863072625860,Relaxing Private Room w Private Bathroom in DT SF,293025002,Bi
541239372101774600,Relaxing & cheerful room in beautiful home.,81597039,Marie
542007536641692160,"Spacious garden studio, Cole Valley",111065818,Elizabeth
542227488951726400,3 beds+big couch. 1 huge living room+1 big bedroom,70369610,Jia Hang
542626038073168450,"Blueground | Mission Bay, gym & pool, nr Caltrain",107434423,
543466002303976500,"Nest in Potrero Hill, Central, Comfort",441201578,Sophia
544227519546878800,2bd/1ba Apartment,26431202,Liza
544336971774242e3,GoldenGatePark Nearby convenient loca. Nice Rm 5B3,9219277,Henry
545187443457085100,Mission Victorian 4BR,1935023,Charlotte
545572230808450050,Newly Remodeled Apartment - Bridge Views!,344518542,Trevor
545615207578550200,Perfect 1 Bedroom Suite in the Heart of SF!,20704144,William
545736634737646460,Chic SF SOMA - 7th/Folsom (Monthly Only),3666375,Victoria
547730685245364200,Metallica Themed Room w/ Shared Restroom,102523118,Music City
547796494931097900,Light filled flat with a secret garden,15065271,Philip
547871068542014660,Family friendly home in the heart of Bernal!,11164486,Juan Carlos
547892308237104260,"Charming Queen Suite, By Golden Gate Park",176896176,Peter
548738114858264500,SF | SAFE Location| Quiet & Comfy Rm | EZ Parking,226555948,Gino Angelo Timpog
550124355173291300,New 1bed/1bath | Close to Beach & G.G. Bridge,410336981,Loc
550264519684293400,"Bright, spacious 5 BD/3BA City Oasis w/ Sunny Yard",3443238,James
550630369590966660,Master Bedroom + Private Bath in Mission District,752347,Dana
551147766853916300,"Room in Potrero Hill, Modern, Comfy, and Central",441201578,Sophia
552249232066762050,Great Highway Oceanfront studio,147927332,Lesley
552258065453023300,Spacious top 1bd/1ba w/ pvt deck (no cleaning fee),1753794,Ashish
553001340150062850,Fantastic views in stylish 1 bedroom oasis,65356143,Deborah
553928744538540100,Spectacular Pacific Heights Private Studio,387801231,Coleman
553935159685319e3,Lower Pac Heights; Best location! Corner room!,10208345,Lan
5.5395635104330157e+17,Tranquil Modern Studio in Pacific Heights,387801231,Coleman
555247833723979800,Mission Dolores 3 bedroom gem - walkers paradise,111213418,Steven
556544651659057300,Lush 1-bedroom suite with free garage parking,4656752,Elnaz
556688767671380160,"Sunny, spacious private room in heart of SF (3C)",375566645,Mark
5.5675551566744563e+17,"Sunny, large private room in heart of SF (3A)",375566645,Mark
556768966700101760,"Comfortable, private room in heart of SF (3B)",375566645,Mark
557113841942944100,"Blueground | Rincon Hill, pool & theater, nr shops",107434423,
557136135855739100,"Blueground | Mission Bay, gym, nr Caltrain & muni",107434423,
557299074205696100,Lovely 2 br next to golde gate park,3509116,Monty
557530172127414140,Historical clocktower loft with parking lot,10800264,Lingzi Liu
5.5814428821778483e+17,"Cozy, furnished bedroom in beautiful, quiet home.",81597039,Marie
558158445706605700,Spacious top floor 1 BR/1BA city view apartment,444243810,Daniel
558977078185202e3,"Sunny, cozy private room in the heart of SF (3D)",375566645,Mark
559481425114656100,Modern + Spacious 1BR/1BA Merced Manor Apartment,2733009,Emily
559735385697431400,Perfect Union Square Location - 2 Double Beds,70722023,Michael
560165755972387650,La Monarca by Kasa | Hearing Accessible Unit,88566861,Kasa
561220461879051650,"Inn at the Opera:,",52178915,Jim
561489475078914200,Stay in the heart of SF! Free parking. KN,444900066,Greg
561804013869743100,Classic SF 2 bed in Sunny Mission,12734635,Nima
562347710428956860,Modern Luxe Retreat in Pacific Heights,445084372,Ryan
5.6257537453845843e+17,Comfortable private queen room in heart of SF (2B),375566645,Mark
562705837797019200,"Blueground | Mission Bay, gym, nr Caltrain & muni",107434423,
563080886538242240,"Twin Peaks, Luxury Apt, laundry, Parking, BBQ Deck",262875,Paul
563777699127542660,House of Zen with Infrared Sauna,6747410,Connie
565149935423078500,Charming North Beach SF Studio w/ Rooftop Deck,122880067,Nicolette
565240062732478200,Economy Queen Room w/Shared Bathroom,310731324,Hotel Des Arts
565272991337321500,Orange Village Hostel- 3  Bed Room w/shared bath,76841544,Steve
565290974463041700,Junior Suite with Ensuite Bathroom,309731366,Washington Square Inn
565291871812880060,Standard King Room with Ensuite Bathroom,309731366,Washington Square Inn
565866741003666240,Gorgeous Apt High Atop Nob Hill,304721494,HostWell
566641223679016300,Charming Victorian Mission Home,93690401,Ying
567473810469627460,1 Bed In a  Male Dorm  w/Private Bath,76841544,Steve
567494117532615550,"1bd/1bath condo, views, gym, rooftop",5437474,Gulnur
567994051452696960,Quiet room in creative space near Golden Gate Park,446325458,Ven
568082190787252160,Serene Garden 1 Bedroom Unit  In the Heart of SF!,387789822,Johnson
568279849075618300,Sunny & spacious queen room in heart of SF (1A),375566645,Mark
568323121726876740,Golden Gate Park Private Master Suite 5 blk to GGP,446418201,Yan Ping
568345802178089340,Golden Gate Park 2 BD/1 BA 5 Block to GGP,446418201,Yan Ping
568727526069050500,"Blueground | Rincon Hill, gym, roof terrace",107434423,
569122602418182460,entire unit with two rooms two beds,2822159,Dongna
569303831683254340,"Blueground | Rincon Hill, gym, roof terrace",107434423,
5.6941744737881523e+17,Stay in the heart of SF! Free parking. QQ,444900066,Greg
569871289064776260,Luxe Start Up Loft •Bay Views• Prime Dogpatch,26325096,Grace
570214702872158800,Lovely one bedroom with a patio,34485884,Huijuan
570231666164617150,Sunny Top Floor Historic/Hip Mission District 1x1!,4430421,Adam Nicolas
570256847766262140,The Greenhouse Apt - Newly Renovated in SOMA,3739856,Annie
570355159707824100,2326 Game Rm Pool Table near Transit SFSU Mall SFO,94282453,Chi Kei
571018140421633600,The One on Marina Blvd,446962588,Austin
571085329824921340,Period Charms and Garden Oasis in San Francisco,17506355,Won Chan
571855536080232100,"Spacious, sunny private room in heart of SF (2C)",375566645,Mark
571881289485565700,Comfortable private queen room in heart of SF (1B),375566645,Mark
571899739217982e3,"Sunny, private room in the heart of SF (2D)",375566645,Mark
572671977060845800,San Francisco Retreat with Views,209113456,Cedric
573147546117401100,"Modern, large, spacious home in Potrero.",19521091,Andrew
574174130080437300,SF Downtown Bright Spacious Convenient located,4098517,Wai Kuen
574500112509083900,Quiet Garden Getaway in Lively Neighborhood,684000,David
574511833351537300,"Blueground | Telegraph Hill, gym & spa, nr Muni",107434423,
575971647646419500,1 bedroom apartment in the heart of San Francisco,20525600,Eva
576058168975574700,Large Edwardian Flat in The Mission,30865412,Molly
576753800639413400,Two bedroom one bath home with beautiful yard.,41060354,Alison
577810610514169200,Entire Private Suite 1 Block from Golden Gate Park,14655296,Zhou
578077132956712700,"Blueground | Rincon Hill, gym, roof terrace",107434423,
578453940897815800,"Small lovely bedroom, will share with family.",672862,Sharon
579290147030699800,Castro 1 BR (2 beds/1BA) w FREE Parking - Sleeps 4,1039294,Riddhi
580089768690576800,Inn @ the Opera~,52178915,Jim
580095162306335600,Donatello Hotel:,52178915,Jim
581274670889993100,Inn at the Opera* One Bedroom,52178915,Jim
581346868218759200,Luxurious Home-City Skyline View-30 Day Rental,11818658,Chui Wa Ripple
581843328527305100,Bright and Spacious bedroom near Golden Gate Park,136131559,David Chuang
582006877906451800,"Donatello Hotel,",52178915,Jim
582150562964473500,Donatello Hotel<>,52178915,Jim
582156009182185500,Donatello Hotel.,52178915,Jim
582527057339892900,Bayview Delight With Hotel Like Amenities,96117,Annette
582542348458250600,"127-1 Close to Bart, Bus, food, great location",449552557,XiGuo
582725810868388900,"Perfect Loc; Lower Pac Heights, Bay Windows!",10208345,Lan
582735564796093e3,Unique CHARM and Unexpected CONVENIENCE,305115771,Keith
583510908866176800,Lovely 2 Bedroom+2 Bath Stay in DT SF/South Beach,293025002,Bi
584819655457241500,Sunny 3-bedroom in beautiful Visitacion Valley.,46564577,David
585053255252436100,Amazing Mission Home Steps Away from Dolores Park,6597986,Lui
585515804052784800,Lovely 1 bedroom condo in SF waterfront community,257830804,Jennifer
586809621997971100,Cute Studio by the Beach/GGP,78910325,Li
586835106282026100,"Spacious, Private suite near Chase Center",77128825,Shantanu
587056756001408800,Spacious 2BR 2BA Marina Flat,173606548,Rodney Alexander
587201670776365600,"Executive, remodeled studio in PacHeights",32907639,Ryan
587414303870022900,Spacious home near beach & parks,16505788,Will
587833010154469100,Chic North Beach Jr. 1 Bedroom,46376563,Elizabeth
588214835533362200,A Hidden Gem at Nob Hill in the Heart of SF,29591034,Brian
588279197740583800,"Luxurious, enormous garden flat in NoPa",450765852,Ariel
588332682254046200,The Addison by Kasa | Premier Queen Studio,88566861,Kasa
588529684509509100,Bright Spacious Noe/Mission 2 bed/2bath + Garage,38856363,Jaime
589020902524503400,Ocean Beach getaway (private room and bath),450929962,Jessica
590075689872116100,"Super Cute two story Cottage, Sweet views!",450664098,Ap
590990415895628400,Beautifully Renovated 4BR/2BA home in Russian Hill,450802168,Isabella
590998599304697900,Gorgeous 4BDR/2BA home in Russian Hill!,450802168,Isabella
591466893514451200,"Spacious, private queen room in heart of SF",875221,Jessica
592761644529052800,Great/Remodeled Guerrero Studio in the Hip Mission,4430421,Adam Nicolas
592806403426207700,SF Vibes 3 bedroom great views Victorian house!,58232149,Carlos
592950954865791900,2-level house close to the Castro – amazing views!,338645393,Josh
592996042163286e3,Sunny Bernal Heights single family home w/ parking,3911516,Dakota
593492446273671e3,The Private Unit with Beautiful Ocean Sunset View,451840034,YaPing
593519375312174e3,Central and Quiet Victorian Apt in Haight-Ashbury,450173604,David
594253182317175400,Modern Penthouse in Lower Nob Hill,415686000,Conrad
594392645895570400,Beautiful apartment walk to UCSF &Golden Gate park,384479496,Randy Wingman
594748725812628500,Marina District 1BR Apartment  - Modern Renovation,197518156,Daniel
594833612711329500,Magical Spacious Mission Victorian home,49188513,Sarah
594838646647881500,Stunning San Francisco Home ~ 5 Mi to Dtwn!,126644773,Evolve
594884693438755700,"Urban Oasis! Modern Mission-Bernal 2BR, 30+ Nights",4656446,Air Concierge
595614939103177900,San Francisco - Lovely 3 Bedroom Home with Garage,435802424,Xing Cai
596647768929826700,"Private Mission/Noe 2BR with patio, fast wifi",8012539,Peter
596925242101070500,Quiet Luxury Loft in Downtown San Francisco,452514150,Jesse
597003217442545400,The Henry - A luxury residence in Noe Valley,1031942,Rachel
597035257520585300,Economy Friendly Furnished Sunny Room1 - UCSF/USF,21994,Aaron
597214254931667e3,Bright Modern SoMA Studio Apartment - 1GB Internet,271916350,Josh
597835925307239700,Near Union Square - Hotel Style Unit in Great Spot,70722023,Michael
598112337364714900,Sunset by the beach- Private bedroom,450929962,Jessica
598585763555851300,Lovely private room in the heart of North Beach.,429575203,Jesse
599226951931628200,Lovely Hotel Style Unit Perfect Union Square Spot,70722023,Michael
599282510275955800,Marvelous Union Square Location - Hotel Style Unit,70722023,Michael
599294001738584700,*Great Union Square Location Hotel Style Unit*,70722023,Michael
599301722059160800,"Castro Cottage, quiet & tucked away off street",10511700,Danny
599303617759182500,Quick Walk to Union Square -Great Hotel Style Unit,70722023,Michael
599521892791564200,Historic Victorian Home in Heart of SF,15268062,Andrea Kathleen
600137259808003700,"127-3 Close to Bart, Bus, restaurants",449552557,XiGuo
600141797225938700,Private cozy studio C (window towards the wall),264577957,Athanasios
600427403866660600,"Blueground | Mission Bay, gym, nr Caltrain & muni",107434423,
600591926029634600,"127-2 Close to Bart, Bus, food",449552557,XiGuo
600594946635588600,"127-4 Close to Bart, Bus, restaurants",449552557,XiGuo
600743308886437200,"Historic  Victorian mansion, parking &,dble queen",453368653,Brenda
600748188778865500,1BR atop Pacific Heights on a wonderful block!,3415878,Omar
600784161213735700,Gorgeous Luxe 2B 2Ba PacificHts VIEWcondo Monthly,23255336,Karen
600854547422607700,Stunning Castro Condo with Breathtaking Views,5317770,Clifton
601608794814096100,"Sunny 2 BR flat up hill from Valencia w/ LR, DR",453537291,Robert
601694190019747e3,Cozy Economy FriendlyView Furnished Room UCSF/USF,21994,Aaron
602128451319116400,Cozy Guest Suite Mission District,19353722,Yana
602301309265554e3,Lovely 1 bedroom in trendy Mission Dolores area,50493756,Doug
603452864595314e3,3-Bd 2-Ba 1-Office Tourist Delight in Russian Hill,2367767,Ken
603609071359362200,Economy Sunny Furnished Room2-Ucsf/USF,21994,Aaron
603783592600748500,1 Bedroom Suite in the Heart of San Francisco,20704144,William
604268827029590900,BVBV1115-Penthouse at Buena Vista Park-2bd/2ba,148427269,Robb
604268938627203700,Elegant 2 bed/2bath condo with pool,148427269,Robb
604269094449636e3,"Peaceful, Serene 2Bed/2Bath in Corona Heights",148427269,Robb
604446887254324700,Stunning Luxury Loft by Caltrain. Free Parking,3901864,David
604579450392557e3,Bright & Modern Flat a Block from Ocean Beach,40562258,Christine
606462114101600600,Lovely 2 bedroom unit with dedicated outdoor space,454574805,Steven
606554312682751500,Trendy 2BR Hayes Valley Condo w/Patio & Rooftop,1186059,Tara
606712107820843600,Bright & Modern Ocean Beach Arthouse Outpost,3158063,Marie
607417618030957400,Modern studio apartment- with pool and spa,17133861,Raymond
607426265609284900,Mid-Century Modern 2BR 2BA Penthouse on Fillmore,31759266,Britton
607466660685569800,2 BD/2 BA - Ground Level SF -Parkside-Easy Parking,18843400,Johnny
607506975974174200,Lovely 1-Bedroom Condo in San Francisco (Elevator),5339335,Agnes
607955208228847700,Deluxe 2-bedroom with Oasis Backyard-30 day Rental,11818658,Chui Wa Ripple
608179813357114900,"2 bd condo walking to Moscone, Oracle, Chase",9856606,Anthony
6.0832844577277606e+17,Stylish 1 Bedroom Suite in San Francisco,20704144,William
608861075669670400,Garden studio oasis w/ kitchenette & private entry,75744479,Louise
609473536651596400,Posh 1 Bed + Den in Desirable Portside Building,148427269,Robb
609504840086648400,Modern Comfort at Telegraph Hill – Gateway to SF,148427269,Robb
610446947094958e3,Newly Built Modern Luxurious Garden Suite,43822343,Sandy
610813306685866e3,Spacious & Unique SOMA Three Bedroom Apartment,104559424,Courtney
611080712887567200,Best Location Gorgeous Victorian ~Clean~Safe~Quiet,455404058,Serhan
611114209229658800,Clean*Safe*Quiet Private Bath SF Suite,455404058,Serhan
611142630292657700,New Modern Spacious 4bdr by Golden Gate Park,455575506,Shu
611712351082128e3,Lovely 1-bedroom Condo in San Francisco,17578598,Christian
611877965743828500,Newly Remodeled Two Suite Garden Unit,330745922,Connie
612613675454699900,R2B-Private Room (share bath) at Richmond District,157999191,Berlin
612614125749763300,R2A-Private Room (share bath) at Richmond District,157999191,Berlin
612838241887630800,B. Modern Highrise Designer 1 BD/1BA Apt,347737196,Amy
612858304613790600,Lovely 1-Bedroom condo with BBQ grill,1257432,San Francisco Life
612969342981975e3,Discover the Famous Sunset SF starship house,289769766,Kimmy
613037431723336600,Potrero Hill Spacious Guest Suite,4338310,Brandi
613199460350211700,"Full-floor Penthouse | Ocean View, Parking(2br1ba)",19861970,Jianhua
613216308111126800,Welcome To *Inn At The Opera* ST#1,340080088,Bibianna
613259587470740400,Amazing spacious & central Mission Dolores,3324021,Ben
613557047440586400,Welcome To *The Suites at Fisherman's Wharf* 1B#1,340080088,Bibianna
613573252380942200,Lovely studio in San Francisco,20900027,Nuannoi
613738687146543100,Modern private 2Bd/I BA guest suite with patio,3443238,James
614043108709054e3,Inn at the Opera:,52178915,Jim
614390253925171700,Airy Room and Bath near Beach and Golden Gate Park,209402966,Dong Juliye Ye
614668383099671600,Sunny Penthouse Room in Large Condo,73070632,Tina
614712209601998e3,Stunning Victorian home in the heart of Haight,12116341,Suzanne
614766482817791400,Ocean Beach Retreat - Entire In-law unit,450929962,Jessica
615160545268764800,"Spacious, modern 3-bd 3-ba condo w/ pano roof deck",55951934,Amanda
615447382310622300,Bright Furnished Private Room in Shared SF Home,456564615,Ruixi
615559735697986700,1 Bedroom Suite in the Heart of San Francisco,20704144,William
616256864598561300,San Francisco 3 Bedrooms in central location,456729254,Lake
616539927947675400,Haight Ashbury Edwardian Long Term Welcome,151399600,Pamela
617237941978966100,Gorgeous Modern Bedroom in Central SF,403702270,Joyce
617486252339953300,543c - convenient cozy private bedroom for 1 person,456991164,Sylvia
617587562561526900,Clean and quiet San Francisco Room,203065170,Serhan
618044012093300600,Stylish 2br house in Excelsior district,44134050,Olivier
618293864038604e3,30 day*OCEANFR0NT*VIEW!*BALC0NY_W/D/balcony,1339470,Alison
618953540718165200,Lovely 3 bedroom Victorian with free parking,25417790,Stacey
619165190590304e3,Welcome To *Inn At The Opera* 1B#1,340080088,Bibianna
619232413032693200,Welcome To *The Suites at Fisherman's Wharf* 2B#1,340080088,Bibianna
619605575248018e3,Elegant & Chic Home with Magic Garden in Bernal,8640573,Patricia
620239529211968300,Modern Tri-Level 2+1 BR | Live/Work Loft in SoMa,226367074,Jerome
621013281538166100,Cozy 3-bedroom Getaway in Beautiful Bernal Heights,457791556,Louis
621071033093123800,2487 - Cozy 2B1B Upper Unit close to Ocean & Zoo,457803630,Eva
621365334579005600,"Studio Suite in SF with Hot tub, Sauna & Roof Deck",20704144,William
621382296387496300,"Studio Suite in SF with Hot tub, Sauna & Roof Deck",20704144,William
621694376334515300,North Beach Italian District Close to Downtown SF,457927551,Jodi
62188004540093e4,Sunny Mission/Castro studio - September,1679545,Ishai
622504452088086900,A Nordic-inspired oasis in Noe Valley,232759,Michael
623879832296293e3,Whole Family Guest Floor in Cayuga Terrace,67269747,Caiye
624238249806327600,Bedroom/Office Loft for UCSF Professionals,2872169,Maximilian
624636058489328600,Midtown Terrace Garden Suite,96162314,Nic
625284606571712300,Gorgeous Noe Valley Home with Private Yard,30931849,Jim
626706080931023600,"Modern sunny 2bd/2ba home with view, large deck",3400565,Coleen
627336292170702e3,Welcome To *The Suites at Fisherman's Wharf* 2B#2,340080088,Bibianna
628210371770946e3,Beautiful Spacious 4BR House in Silver Terrace,459402263,Kenny
628475675507957200,"Big Sunny King Suite w/ Workspace, Living, Kitchen",10779823,Claudiu
630663961910343600,Modernized Victorian Era Home in the heart of SF,17578598,Christian
630912684169936600,Golden Gate Park Contemporary Playground  Home,59607035,Charles
631161439909918500,1 Bed/1 Bath Condo in Mission San Francisco,187400738,Melissa
632710380510327400,"Wonderful Queen Suite, By Golden Gate Park",176896176,Peter
633381229623998e3,Luxury Designer Pad in the Heart of SF,41863496,Kruthika
633486556142729600,"543 - Comfy 2B1B close to Parks, Beaches, Trails, Residential center",460614035,Jon
633566725728505100,"Modern 2 Bed - Near Beach, Lands End, GG Park",54287259,Ricky
634061205946501400,Primary bedroom with private bath in Upper Haight,303118342,Jesse
634244633053882900,Modern 2- Bedroom Apt in Heart of SF! Free Parking,460804571,Haku
634438217968657900,Spacious Victorian in Noe Valley,234020,Kansinee
635304024315850200,private bedroom in the the financial district!,88593294,Mohamed
635865897984255600,The Donatello Hotel one block from Union Square,77606360,Christine
637051829678544600,Lovely Large 1 Bedroom Steps Away From Ocean.,17044234,Jacqueline
637577787729829400,"Chic, Cozy & Spacious with Private Deck & Parking",436205910,Kristin
637696165698684400,Beautiful & bright apartment in heart of SF,1492535,Timothy
637793771561210500,Outer Richmond Oasis,3904657,Kevin
637949273088837500,Rare & Modern 2 BR/2 BA Master Guest Suites,5353667,Michelle
63823722457257e4,Oceanside 3-bedroom flat next to GG Park and Beach,2311883,Rohit
638322552851777700,Private Bedroom Suite with Garden Oasis!,1626997,Winnie
6.3908024119378406e+17,Beautiful apartment with sunny deck on Dolores St!,3431805,Angela
639346625346850300,Cozy EconomyFriendlyView Furnished Room2 UCSF/USF,21994,Aaron
640007733812684700,"Cosy 1 bedroom apartment in Potrero Hill, SF",16742806,Mitchell
640551686099361800,"Sleek, modern luxury in the Mission",6241556,Emily
640551726334948400,Luxurious studio in the heart of the Mission,6241556,Emily
640555054862649900,"Beautiful, clean, spacious apartment with yard",6241556,Emily
640696495676441700,Golden Gate Park Home-  3 Bedrooms,446418201,Yan Ping
640839317372077300,Top floor flat with incredible private roof deck,7342938,Alexandra
6.4219042994061594e+17,Dolores Heights 2BR Modern&Views,9994201,Franco
642663875059758800,"Cozy, central studio in sunny Potrero Hill",144839886,Oksana
643399323243903200,Silver Terrace Gem Stunning Spacious 2BR Residence,459402263,Kenny
643686811969785300,"Gorgeous, bright 1 BR apartment in Pac Heights",12006440,Dominik
644102981604610400,Exquisite North Beach 2 bedrooms condo with patio,177718321,Jasmine
644166268519481900,2 Bedroom Suite,310495332,Lombard Plaza Motel
644801578513713500,334-4 Bright & Cozy 2B1.5Bnear GG Bridge/Park,420991308,Li Yi
644931252124862600,"San Francisco’s BEST, Cow Hollow",90954524,Rebecca
645130050229360500,Cozy 3/2 private unit with charming yard relax,104066106,Meifang
646224749845291e3,La Monarca by Kasa | Studio Near Union Square,88566861,Kasa
647114906892665e3,"Private, Comfy, Bright, 2-bedroom Bernal Sanctuary",117615,Christina
647145855481654e3,SF Bright KING Rm w/Private Bathrm & Working Desk,226555948,Gino Angelo Timpog
648545594256455e3,Safe & Cozy Private Room – Queen Bed & Work Desk,226555948,Gino Angelo Timpog
648547914210629900,❤️Peaceful 1BR🏡 Upstairs w/🛋️ PRIVATE Patio❤️,226555948,Gino Angelo Timpog
648549709021440900,LuxoStays | ! Quiet Rm #Private Bathrm & VIEW,226555948,Gino Angelo Timpog
648576015044455600,Donatello Resort Studio,457152913,Todd
648594771621833600,4-Bedroom Victorian Home in NOPA/Lower Haight,4996407,Colin
648626157572690400,Live-and-Work Like San Franciscans in PacHeights,1678230,Hiu Yu
648919264356716400,Loft-style 1-bedroom condo in great neighborhood,25328311,Christopher
649487124408879600,Canterbury Resort 1 Bedroom,457152913,Todd
649876562955450900,Sunny Mission 2 BedRm Mid-Century Modern near BART,13402644,Taras
650636824505488600,1 Bedroom Victorian Flat in Pacific Heights,445697747,Tim
650647586084544100,Great 1 Bedroom Victorian Flat in Pacific Heights,445697747,Tim
650715822075172500,Stylish Apartment in the Heart of Noe Valley,44855256,Brooke
651357811574612500,Sunny Mission House,16177437,Ekin
651642252753202300,Modern 3 bedrooms 2 baths private flat on 2nd FL,159753287,Shaun
651675023426904600,Spacious 2 bedrooms 2 baths private flat,159753287,Shaun
651727725817620200,Private bedroom with private  bath on ground floor,159753287,Shaun
652386290792106500,"Quiet, spacious, private suite with patio.",8037305,Malcolm
652417418614152400,"New 180° VIEW Oasis on the hill, parking, elevator",7198603,Gina
652613573590059e3,"Luxe Modern Home | Peaceful, Central",233993662,Lawrence
653038076124532500,2 bed 1.5 bath house,465093499,Stephen
653674036336801e3,"Modern / Historic Elegance, Salesforce Center Area",7308452,Barrett
653688070333420700,Bright studio apartment near downtown,87142062,Alireza
654098976337353700,"FULL Floor, 2 Bdrm, 1 ofc, 1.5 Bth, great location",6091604,Neeraj
654316498064431e3,"Rental, Downtown/ Vineyard/Baybridge view, BBQ",465398543,Dai
654571750506516500,Sunny Studio in Historic Art Deco Tower,34833702,James
655162292495026700,"Amazing Balcony views, Self check in, Easy parking",465608934,Tatiana
655179668230025e3,Bernal Heights 1 bedroom and office condo w/view,76945424,Jeff
655354045768266800,"R2- Cozy stay near Balboa Bart, Free parking",404262356,Shanru
656621251248296700,1-Bedroom Hotel Suite - 2 beds,326084746,Suiteness
656621578521214700,Suite plus Connecting Room with Three Beds and One Sofabed at Fairmont San Francisco by Suiteness,326084746,Suiteness
656621831140409500,Suite plus Connecting Room with Two Beds and One Sofabed at Fairmont San Francisco by Suiteness,326084746,Suiteness
656784926356865900,2 Private Rooms in Downstairs Duplex,78538832,Aniket
657528585282015600,Donatello Hotel;,52178915,Jim
657832194720726100,Super Convenient 1BR City Pad with Garage Parking,316202062,Lawrence Kwong-Wung
657971701735892400,Peaceful Single Room in Quiet Neighborhood,172270819,Joshua Nathan
65823117508121e4,Family 3 bedroom home with hot tub & playroom,244182580,Julia
658336713353361400,"Ideal area by shops/cafes-TV’s/wash&dry, fast WIFI",117987879,Johnny
658628623211979600,Luxurious Private Bedroom in 1900 Victorian,21614409,Jamie
65933360733181e4,Magical Retreat in the clouds of SF,155160397,Brendan
659434594145061e3,Private Room in Stylish Mission Condo,6664188,Lindy
660141655883762600,*Beautiful 2 BDR Mission Dolores retreat*,9578079,Bonny
660175440743604900,1-Bedroom Hotel Suite - 1 bed,326084746,Suiteness
660335128998039200,Modern & Convenient 3BR/2BA Edwardian w/ Parking,316202062,Lawrence Kwong-Wung
660551088933489900,Donatello Hotel_,52178915,Jim
661975042079174500,"View, light, in vibrant upscale pacific heights",11495191,Karin
662233509779573800,Historic Cottage with a view,11430710,Daniel
662392806641687200,"Donatello Hotel, ;",52178915,Jim
662411697486571900,Cozy studio in San Francisco,175886315,Sun Kok
662588744977422600,Luxury Condo by Salesforce – City Views & Balcony!,10800264,Lingzi Liu
663047756982570600,Upscale work-friendly apt walkable to Market St,467398901,Gehrig
663891952095650300,Sunny/Cozy/Clean 1BR in NOPA,69821,Andrew
664548024100513e3,En-suite Room Near Downtown,6683937,Amit
665078225179975600,Lovely 1 bedroom/Ground Floor/ in SF/Quiet & Safe,457392547,Zhihui
665386827882752900,Charming bungalow in trendy part of SF,92511709,Adriana
666061102263421300,"Dreamy SF Beach House! Bright, lux 3 Bd, GG Park",744535,Erin
666092763626604800,Managers Unit in Residential Hotel,43533135,Stan
667535389112588200,Condo w private patio steps away from Pier 27,4605418,Türker
668093992157787400,Lovely condo near Golden Gate Park,18278276,Anjali
668347386125270900,Large & Bright 2 bd  Ideal Noe Location+Garage!,38856363,Jaime
668756228030922500,Stylish Nob Hill Victorian with period details,373016,Rimma
669025316045840400,Cozy King-bed Garden Getaway by Balboa Park BART,1447589,Sidharth
669159242223543200,3BD/2BA Garden View with Free Parking & Laundry,410000614,Dexiong Sean
669570546010013400,Charming cozy private room - Moscone Convention,103884979,Rams
669776926501094700,1 bedroom deluxe in upscale SF hotel,245447609,Kim
670333209643254400,Luxury 1b1b Studio in Union Square with GYM,24465020,Nil
670893036169393700,Ocean View Bed and Breakfast at Golden Gate Park,22252358,Mike
671740961355430700,Luxury bedroom w/ private bath in the Mission,2984962,Bharat
671787174368199200,Top Floor 2-Bdrm + Views + 10 Min to Downtown SF,1600680,Dean
673130022159260500,"""Awesome Place"" ""Amazing Place"" - 100% 5* Reviews",137526,Raymond
673245628020643e3,"Master room next to CCSF, SF state, easy parking.",86083871,Kina
673727948158378500,1-Bedroom Suite with One Bed at Fairmont San Francisco by Suiteness,326084746,Suiteness
673728380926228200,1-Bedroom Hotel Suite - 2 beds,326084746,Suiteness
673729100645102800,1-Bedroom Suite plus Connecting Room with Two Beds and One Sofabed at Fairmont San Francisco by Suiteness,326084746,Suiteness
673729285597688200,1-Bedroom Suite with One Bed and One Sofabed at Fairmont San Francisco by Suiteness,326084746,Suiteness
673729604820693600,1-Bedroom Suite plus Connecting Room with Two Beds and One Sofabed at Fairmont San Francisco by Suiteness,326084746,Suiteness
673729975728517100,1-Bedroom Suite with One Bed and One Sofabed at Fairmont San Francisco by Suiteness,326084746,Suiteness
673730621235324500,1-Bedroom Suite with One Bed at Fairmont San Francisco by Suiteness,326084746,Suiteness
673737975001278200,1-Bedroom Suite plus Connecting Room with Three Beds and One Sofabed at Fairmont San Francisco by Suiteness,326084746,Suiteness
673738174371685500,2-Bedroom Suite with Three Beds at Fairmont San Francisco by Suiteness,326084746,Suiteness
673841061541590800,1-Bedroom Suite with One Bed and One Sofabed at Fairmont San Francisco by Suiteness,326084746,Suiteness
673970511185981200,Beautifully Restored Historic Flat on Russian Hill,2694916,Uli
674075341873583e3,"Private room next to CCSF,SF State, easy parking/B",86083871,Kina
674157409393500400,"Modern Home, Ocean Views & Yard, Walk to GG Park",8617456,Christina
674563379711550300,Lovely 3 bedroom condo with outdoor patio,23437989,Robin
674632552349199200,San Fran Marina - Single pod at 2424 Lombard St,26860,Elvina
674704341439362700,Modern 1 Bedroom Top Floor Design District,650493,Tracy
674790216053935100,"Mid Century 1bd/1ba | Free Parking, Private Yard",61459936,Victoria
674903072842957600,New suite in Victorian home,214206241,Zeev
675405583558857900,FABULOUS 1 BEDROOM UNIT IN PRIME COW HOLLOW,387789822,Johnson
675514126683818200,Cozy 1 Bedroom Suite w/ Private Bathroom,107082058,Ricky
675643288250233200,Convenient 3BD/3BA located by Golden Gate Park,316202062,Lawrence Kwong-Wung
676412253849773300,Luxury Apartment in San Francisco near Embarcadero,247216,Jimmy
676748390120733600,20% OFF Weekly Stay | 2BR Suite| Free Parking,206907108,Haoyuan
676944269428473900,2C-Private Room (share bath) at Marina/Cow Hollow,157999191,Berlin
677032451764851700,Designer’s 1900 Victorian Apartment,21614409,Jamie
677810352628161500,Boutique hotel in San Francisco w/ Ocean View,247216,Jimmy
678102133928742800,Upscale Urban Sanctuary - AIA Award-Winning,4037641,Rene
678256439674845e3,luxury mini suite in SF hotel near Union Square,245447609,Kim
678273142578124e3,1 bedroom presidential suite,245447609,Kim
678276195910631e3,Bright and Lovely Condo with Pool near Downtown,471324143,Sidharth
679639817314361300,mini suite in luxury SF hotel Union Square,245447609,Kim
679964653266678100,"State-of-the-Art, Newly Renovated Cow Hollow Apt",114592523,Patrick
680053132449636600,Designer Victorian Apartment w/Garage,1301428,Tomas
681252074960149e3,Deluxe mini suite in hotel near Union Square,245447609,Kim
681252657413248800,King Bed Studio w/ full kitchen in Lower Haight,65643340,Elliott
681789047706140300,Wonderful SF 2 BR steps from Golden Gate Park,8776750,Conor
681790267050668700,Pacific Heights Condo at the Rockwell,1257432,San Francisco Life
682048072778172500,Inn at the Opera; One Bedroom,52178915,Jim
682335645285016800,Beautiful & Charming 1-bedroom guest cottage,472328815,Reema
684006693400945700,Historic Beautiful 1-Bedroom in Financial District,472742929,Sydney
684234806697030800,Lovely bedroom and private bath in updated condo,12541098,Cody
684627170640282900,Welcome To *Inn At The Opera* ST#2,340080088,Bibianna
685138697669364500,1800L - Spacious Basement Unit @ FWY & Light Rail,102405067,Ping
685509021070560300,(20) A Private Bedroom with Bathroom,473145990,Daniel
686482400839588e3,Cozy 2 -bedroom house with beautiful bay view,473390516,En Neng
686555959758107900,Donatello Hotel:.,52178915,Jim
687108183726224500,(19) Modern Room with Half Bath,473145990,Daniel
687629887335436800,"Stay Above It All – Views, Style & Serenity",148427269,Robb
687653012529052300,Donatello Hotel :)),52178915,Jim
687836808290227800,Golden Gate Lux 5BR in Vibrant San Francisco,14862275,Jonathan
688328569588645200,Lovely San Francisco Apartment with a city View,17313954,Xu
688351383557214800,Relocating? Remodeling? Long Term Stays Only,151399600,Pamela
688474787268125600,Welcoming Room - Bed and Breakfast in Downtown,103884979,Rams
689007494710302800,Welcome To *The Donatello* ST#2,340080088,Bibianna
689758543870329300,Beautiful room in well located house in Nob Hill,82340614,Miguel
689845985298641700,Mint Hill Two Bedroom,91333416,Jan
689861019978822100,“The Donatello” San Francisco!,66506549,Ryan
690193375801701200,Friendly Stay in the Mission #3,8836914,Fei
690548544716897800,Mint Hill Suite,91333416,Jan
690737233773649900,(18) A Deluxe Queen Bed Room with Private Bath,473145990,Daniel
69074769569138e4,(9) Private Bedroom in Downtown SF,473145990,Daniel
690903232210279800,Welcome To *The Donatello* ST#3,340080088,Bibianna
691440783956044900,(15) Spacious Room Near Downtown SF,473145990,Daniel
691498082577379e3,Cozy 2 BR - Close to Muni and Bart,1368144,Leon
691939817549912800,(7) Private room near downtown SF,473145990,Daniel
692284519031668500,Private Room at Central Richmond District,120749240,Olivia
692860049109783e3,Wydham Fisherman's Wharf SF!,66506549,Ryan
693573839098921500,Luxury 3-Bedroom Condo in PRIME Hayes Valley,464288610,Christopher
694585336959561700,2BR Mission Cottage - Walk to Tartine!,8099417,Paul
694821766887845500,Welcome To *The Donatello* ST#4,340080088,Bibianna
694941566213990300,Spacious SF Haven: Cozy Bedrooms & Modern Kitchen,268466,Gabriella And Zach
696466637679834400,A Union Square Hotel-Style Gem at Club Donatello,70722023,Michael
696476269224778400,*Beautiful Union Square Hotel Style Unit*,70722023,Michael
696898552866971800,Stunning *The Donatello* ST#1,340080088,Bibianna
697226509493400700,"Sun-drenched, renovated apt in beautiful NOPA!",31109296,Karla
697784972854862100,"Donatello Hotel.,",52178915,Jim
697897491608822100,Modern Pac Heights condo with parking & city views,475960416,Lisa
697914490249567e3,Monthly Private Room near downtown3-Shared Bath,6683937,Amit
698696792836408300,Comfortable 2-bedroom condo in Mission,116993949,Anirudh
698711120316020600,Newly Renovated w/Full Kitchen & King Tempur-pedic,6040444,Eric
699874676728842400,"2 BR/3 BD/full BT, whole suite, parking, near SFO",463305304,Sean Kuo
699989623347824e3,"5BR Penthouse, Roof Deck, Near Golden Gate Park",11820504,John
700647098001993e3,Quiet Garden Apartment,54125330,Aj
700856230472635800,Beautiful mini suite near Union Square,245447609,Kim
701499728274360400,The Addison by Kasa | Standard Queen Studio,88566861,Kasa
702114541330773400,Luxury San Francisco Apartment Hotel Ocean View,474761537,Wenseng
702776607679680500,Dreamy mini suite Union Square,245447609,Kim
703899822641793200,Charming 3-Bedroom House with Patio in Bernal,16266881,Darien
704554203672051600,Stunning Mission Modern Flat,477314210,Kevin
704692876073295700,Sunny bedroom with a king size bed #5,420182099,Sam
704711349727708800,Cozy bedroom by lake Merced # 1,420182099,Sam
704995305925496300,Lovely One Bedroom in Pacific Heights,102607615,Ashley
7.0518186206828006e+17,"By a shopping center, comfy bedroom # 4",420182099,Sam
705217476865520300,Studio Suite in the Heart of San Francisco,20704144,William
705407266100116e3,Dreamforce Deluxe Wyndham Suite #15 - Walk to DF!,5805679,Laurence
705668969700624600,Nob Hill 1 BR w/ Office by Anyplace - 11442,415840703,Anyplace
705700376199080800,Dolores Heights Garden Unit,25664854,Jody
705896643799714400,Dreamforce Deluxe Wyndham Suite #16 - Walk to DF!,5805679,Laurence
705916445155973900,Gorgeous Victorian Flat,416278140,Terry
705963699397928800,Newly Remodeled 2B/2B Guest Suite Home ~ 1000sf,27333348,Zhijun
706048491051235500,Modern Studio in SF with Luxury Backyard,15428110,David
706107387297136e3,Inn at the Opera_ Oversize 1 Bdrm,52178915,Jim
706407538847706100,Mini Suite in lovely hotel near Union Square,245447609,Kim
706622701100970100,Private room North Beach/Chinatown.,456822412,Cesar
707325626316519600,Homey Camellia House close to GG park/beach/eatery,232845656,Jessica
707914774923549600,Lovely 2BR Condo in the Heart of Downtown SF!,477980041,Sam
7.0799804449528794e+17,Quiet loft in SF {50% off 30 nights or more},46977552,Amol
708017878464974700,The Pottery Studio Apt - Newly Renovated in SOMA,3739856,Annie
708026205893274200,#2 UCSF Cole valley1bd/1ba Victorian apt,131200418,Lois
708039819501727200,Private 3BR-1.5Ba Big Sunny Quiet Mission Home,153797883,Phyllis
7.0811727288259994e+17,Deluxe 3 bdrm 2 bath 3 beds in City Center,236978,Tami
708236565294757100,"3 bd & 2.5 bath condo w/garage; 1180 Eddy St, SF",3956811,Kenyon / Irma
708721776503129900,Studio Suite with Rooftop Lounge in San Francisco,476474223,Samantha
709542263666502e3,Nob Hill 1 BR w/ Office by Anyplace - 11443,415840703,Anyplace
709549050075061600,Nob Hill Junior 1 BR w/ Office by Anyplace - 11444,415840703,Anyplace
709569747917544600,Rincon Hill 1 BR w/ Office by Anyplace - 11447,415840703,Anyplace
709652496313875e3,Private bedroom with lovely backyard,6218069,Judson
709701232954159900,Charming Unit in the Heart of SF,159391934,Kalven
709711088335970200,Central SF Studio Perfect for Exploring the City,159391934,Kalven
709928948253988600,Gorgeous 3-bedroom condo with ocean views,2311883,Rohit
710143860400390100,Club Wydham Canterbury SF#4!,66506549,Ryan
710811235470387300,Outer Sunset Gem,118057447,Luis
710858113747559400,Artist's garden retreat and spa,3904219,Jamey
710911854527244300,Club Wyndham Canterbury SF! #5,66506549,Ryan
711002261570731300,Mint Hill One Bedroom,91333416,Jan
711102060701156500,R2C-Private Room (share bath) at Richmond District,157999191,Berlin
711712014660053600,Entire private floor of home for your stay,129935088,Mangel
711759599407368600,"High Tech, Newly Renovated Cow Hollow Home",478746826,Kelly
714067472098279e3,Cheerful-#1 Private bedroom Portola San Francisco,228792190,Wei
714464748173612400,Loving 1BD Unit in Fell Street in NOPA,450765852,Ariel
714545470730674600,The Ritz-Carlton At San Francisco - 1 Bedroom,475761172,Dante
714545633915986200,The Ritz-Carlton At San Francisco - 3 Bedroom,475761172,Dante
714746478619624400,Lovely one bedroom unit in San Francisco,408144119,Tatiana
714748145452511700,Guest Suite in SF Parkside,61679353,Manna
715385823615503200,North Beach Stay,149757206,Emily
715908754751031400,Rincon Hill 1 BR w/ Office by Anyplace - 11446,415840703,Anyplace
717316305433053e3,Private Room in CoLiving Building South of Market,351395739,Tony
717327051106067200,Mission 1 BR w/ Office by Anyplace - 11454,415840703,Anyplace
717333725261096400,Mission 1 BR w/ Office by Anyplace - 11453,415840703,Anyplace
717450035627091200,Mission Bay 1 BR w/ Office by Anyplace - 11449,415840703,Anyplace
717451030913996700,Mission Bay 1 BR w/ Office by Anyplace - 11450,415840703,Anyplace
717452744481478900,Stunningly remodeled 1BR with a huge deck,450765852,Ariel
717735186303813900,Marriott At San Francisco - Studio,475698686,Forrest
718391151703288200,Private guest suite in San Francisco!,19074501,Phan Thao
718798897889873900,Cozy Pac Hts studio 2 min walk to Lafayette Park,480037815,Eric
719590329707788900,Newly Built Modern Luxurious Guest Suite,43822343,Sandy
719702429896734700,"Private Entrance, Free Parking, 10 Min to Downtown",1600680,Dean
719860536301603800,Lovely cute & sunny Cottage in the sunset district,46613919,David
720103657951296900,Overflow 1,375566645,Mark
720228891265814e3,Beautiful 4-bedroom Apartment in NoPa,450765852,Ariel
720364547493972400,"Lovely View&Patio, Unique in 2 floors",860294,Babak
720955756415098900,Lovely Studio Suite in the Donatello!,476474223,Samantha
721321511502812900,"Modern place, Fun neighborhood in The Mission",71115854,Mitch
721677806632836700,"Central, cozy one-bedroom condo in San Francisco",67948851,Chloe
721919886736419700,Cozy Studio near UCSF/SFSU/Golden Gate Park,22940085,Nancy
722717123480021200,The Blue Vic: Pac Heights/Japantown Private Suite,480835,Michele
722977901384095700,super bright/family 2 bedrooms + 1 office/mission,78224887,Eve
723008983138149100,Adorable 1-Bedroom Cottage w/Private Deck & BBQ,1637654,Eleanor
723309737847080700,Amazing views in a stylish Noe Valley condo - 2,2846262,Sergio
724550037597453300,"Private studio, near Golden Gate Park",29188701,James
724648012502886100,Rincon Hill 1 BR w/ Office by Anyplace - 11457,415840703,Anyplace
724897778179485600,Quiet 1 bdr Suite in the Mission near Castro,481196578,Kristie
725479609346985200,546D - Large Master Bedroom w/ Private Bath Fits 4,219791143,Victor 2
725512018961080400,Amazing views from loft style condo Russian Hill,2605749,James
725635642244163700,Charming apartment in the heart of Haight-Ashbury,16554008,Fiorella
726017158954082600,Bedroom with ensuite bathroom,78585741,Steve
726180202586704600,Gorgeous 2-Bedroom Atop Russian Hill,148427269,Robb
726193058756426100,Studio Suite with Rooftop Lounge in San Francisco,476474223,Samantha
727116582813263500,Private 2 bedrooms* 1.5 Baths * Parking * Patio,481612840,David
728860275853986600,San Francisco  Resort Studio Hotel,451666217,Elite Escapes
728999543695219300,Queen room 2,480788402,Weizhen
729501788339993100,New Modern 3bd/2ba Private Flat Parkside Sunset SF,95300889,Judy
729790583130102500,2BR Executive High Ceiling King Suite w/ Bay Views,115109717,Heng
729859705814302600,"2965 - Warm & Cozy 2B2B 10 mins to Zoo, Beach, GGB",15109598,Fanny
730297833661629300,Newly Modern near Dolores Park and Valencia St,2060012,Ari
731178957964341500,You Found it! Enjoy at 4 Modern-Styled units!,174792040,RoomPicks By Victoria
731179962615337300,Great Relaxing Family Stay | 4 Awesome Rooms,174792040,RoomPicks By Victoria
731180451359223800,"3 Relaxing Wharf Retreat, Steps to Pier 39",174792040,RoomPicks By Victoria
731180535609990500,Three Vibrant Rooms Close to Fisherman's Wharf,174792040,RoomPicks By Victoria
731180644977636500,Three Chic Rooms Steps Close to Union Square,174792040,RoomPicks By Victoria
731181131705498900,"San Francisco Bay Escapade – Near Museums, 2 Rooms",174792040,RoomPicks By Victoria
731181553772778100,Immerse in Coastal Comfort Just Steps from Bay,174792040,RoomPicks By Victoria
731181643706023e3,Relaxing Couple Stay | Pets are Allowed,174792040,RoomPicks By Victoria
731181729697332500,Chic Room by Fisherman's Wharf - Steps Away,174792040,RoomPicks By Victoria
731181852266080400,Just What You're Looking For! Enjoy Spacious unit,174792040,RoomPicks By Victoria
731182538203967100,Quaint Room w/ S’mores Kit - Near Union Square,174792040,RoomPicks By Victoria
731182594868845600,Serene Stay Near Fisherman Wharf | Pets Allowed,174792040,RoomPicks By Victoria
731182694477262500,Fisherman’s Wharf Retreat – Stylish and Convenient,174792040,RoomPicks By Victoria
731183042968802400,Two Serene Family Ready Rooms | Wharf Proximity,174792040,RoomPicks By Victoria
731302149474198900,Sunny Micro by BART 24th/Mission,151524034,Marc
731767720206088300,Welcome To *Inn At The Opera* 1B#2,340080088,Bibianna
731927480530871800,Classic & Updated Nob Hill,10255173,Kristen
732206307703852500,Chic and cozy private room in Union Square,482579048,Aida
732271433893542100,Studio Suite with Rooftop Lounge in San Francisco,476474223,Samantha
733229174029400400,Castro Luxury 2-bedroom with Hot Tub,89590056,Jacob
73329956577207e4,2 bedroom Condo in the heart of San Francisco,90028108,Nep
7.3359767946959194e+17,10A-Private Room (share bath) at Marina/Cow Hollow,157999191,Berlin
734917845735382400,Lovely 2-bedroom 1 bath in the middle of The City.,82218888,Marcello
735612760003237500,"Luxury condo with great views, amenities, location",2984962,Bharat
735694099712910700,Hotel room in Fisherman's Wharf for JPM 2023 (1),483230129,Edward
736397045443196800,"32W - Humble & Cozy 2B1B near Zoo, GGP, Park, BART",483333040,Laurie
736813405462149400,Stunning *Inn At The Opera* 1B#1,340080088,Bibianna
737277679357691600,Private Sunset Suite Near Ocean & Golden Gate Park,50417524,Ken
737690085185459100,"Stunning, Luxurious Garden Flat in Potrero Hill",450765852,Ariel
738038497614170400,"Cottage in Nob Hill, centrally-located!",483654068,Lilia
738368550430045800,Contemporary private bedroom with dedicated bath,48484514,Ye
738460611547440300,"Donatello, Union Square, Location!4*, Studio",6429436,Janette
738683375919777700,"No Frills, Just Location – Heart of the Mission",10569,Lisa
739093190259164300,Lovely Garden View Room in 2 bedroom home.,483840645,Hester
739409598342564400,Large Walkable Centric Work-Friendly 2-Bedroom,122922522,Diego
739977628962785800,"Beautiful Studio in Pacific Heights, San Francisco",66218996,K
740488706021017600,Lovely 1 bedroom flat with views of SF Bay!,34466300,JoAnne
740812086267651300,Home in San Francisco  modern 3 bedrooms 1.5 baths,269160605,Yan Fang
740854796329815600,Studio Suite with Rooftop Lounge in San Francisco,476474223,Samantha
740921354771669e3,Luxe High Ceiling King Suite w/ Bay Views,115109717,Heng
741375352205456900,Castro gem! Top floor condo with amazing views,1781821,Christopher Ryland
742074562686629200,Quiet respite in Corona Heights,51762216,Gabriel
742277654241557200,Breathtaking Views in Central SF w/parking,4173587,Ilya
7.4264682205333606e+17,Gorgeous 7-bedroom unit in Potrero Hill,450765852,Ariel
742949999846905100,"Donatello, Union Square, Location!4* Studio",6429436,Janette
742972688101060400,"Donatello, Union Square, Location!4*, Studio",6429436,Janette
743686609547181200,Chateau Magnifique! Haight/Ashbury 4br Flat,484689641,Benjamin
744223259483565e3,Pacific Heights Penthouse Apt with Panoramic Views,387801231,Coleman
745000673423008e3,"Donatello, Union Square, Location!4*, Studio",6429436,Janette
74568236363914e4,Modern 3-Bedroom apartment near Financial District,450765852,Ariel
745782895232014100,"Stylish, Quiet, Modern Carriage House Apartment",244335863,Bobby
745996645894974200,Winter special $350/night Stunning NOPA 4BR/2BA,450802168,Isabella
746349926982556700,Sunset Room In San Francisco,325755259,Melisa
746366931435909800,"GoldenGatePrk-2 miles, Nr Ocean, Zoo, SFSU &SGrove",485209810,Caitlin
746374357388390400,Lovely 2 Bedroom in the Heart of San Francisco!,391844602,Moustapha
746447896366370600,Private Parqueside Patio Suite,41971059,Monique
747156322132541300,Four Family Ready Rooms | Pets Are Allowed,174792040,RoomPicks By Victoria
747305922972021100,10B-Private Room (share bath) at Marina/Cow Hollow,157999191,Berlin
747771967478904300,2BR Cottage-Private Entrance-Free Parking-BART,819378,Keith
747829373631322400,Sunny 2BR/1BA Home Walkable to BART & restaurants,485211304,Sumita
748773532976477300,"Donatello, Union Square, Location!4*, Studio",6429436,Janette
749130817686331e3,Sunset Beauty- suite near Ocean Beach and GG Park,1936903,Cynthia
749400625755500700,SF Charm: Sunnyside Bungalow,14293699,Sam
749541391140208500,"Donatello, Union Square, Location!4*, Studio",6429436,Janette
749596835283595e3,"The Donatello, San Francisco, 4*",6429436,Janette
750201906184002200,San Francisco  Resort Studio Hotel,451666217,Elite Escapes
750201919439770800,San Francisco  Resort Studio Hotel,451666217,Elite Escapes
750742784503515400,San Francisco Townhome ~ 2 Mi to Downtown!,126644773,Evolve
750884815873151100,Tranquil Guest Suite next to Golden Gate Park,482090114,Strauss
750928256745638400,"Donatello, Union Square, Location!4*, Studio",6429436,Janette
751443476024511100,Jackson Square / Barbary Coast Living,23783347,David
751452769136985700,Luxurious Condo in Jackson Square,23783347,David
751511653280347e3,"Victorian Home, Lg Rooms, Qn Bd, 2 Bks Bus & Muni",344223871,Jeffrey
752111917761465100,Beautiful room with jaw-dropping views of SF!,18658510,Sammy
752794360610451100,Great Place to Stay While Visiting San Francisco,287717511,Kim
754524179498519600,251 - Elegant 2B1B Ground Unit near Zoo Beach GGB,457306585,Anne
755532712227678600,2621 - newly remodel convenient 2b1b,462054616,Tina
755532872211049700,2621#1 - new remodel 1b1b convenient Clement apt,462054616,Tina
755760403846222800,Private Room and Bath w/ Parking near G. Gate,486902132,Dong
755781070503654500,Donatello Resort Studio,457152913,Todd
755858876344760800,Noe Valley entire guest suite overlooking downtown,130343524,Jia
755946142700673900,Inn at the Opera Hotel Room,457152913,Todd
756033628725964200,JPM Healthcare Conference 2025 | 01/12-01/16,5805679,Laurence
756485655587319300,"Live like a local between Cole, Haight, and Castro",100280,Frank + Teresa + Vivienne
757211790915878400,Sunny 3 Bedroom Townhouse with Reserved Parking,9465522,Ian
757235299742880100,Sunny Home & Gem Garden by G.G. Park-Pet Friendly!,150318647,Darya
757318067970948600,Private Suite with Parking near Golden Gate Park,17239555,Jonah
757333863964963300,"Convenient, Quiet Private Room w/ shared bath",486902132,Dong
757975405189913700,NOPA 7BR/3BA Gorgeous Bi-Level Penthouse,450802168,Isabella
758037807413885700,Exquisite Renovated 11BR/5BA/2 private decks NoPa!,450802168,Isabella
758693222071642500,"Richmond 2bd near the Beach, GG Park, Land's End",7427718,Stevie
759555390455413200,Glamping - Spa Retreat - Hot tub - Cookout,54810554,Elizabeth
759560077470949e3,Urban Spacious Hideaway - 5-Min to Transit,20364955,Jun
759575796232389600,"Comfortable, Quiet Private Room w/ shared bath",486902132,Dong
759696702405689700,Cheerful-#2 Private Bedroom Portola San Francisco,228792190,Wei
759748276442190200,Award Winning Iconic SF Home with views of Bay!,487630574,Crishia
760895560480183300,Stylish renovated studio in San Francisco!,5294442,Jaja
762247831877221e3,2BR Potrero condo with patio walkable to 18th St,477335720,Trevor
762425439444066700,"Cheerful-2 bedrooms 1 bath, Portola, San Francisco",228792190,Wei
763059371672534100,10-BR 4-BA Spacious Home in Trendy Duboce District,4624470,Sri
764566663536454900,Monthly Luxury Condo In City Center,236978,Tami
764577991206768400,Peaceful 3BR home by Golden Gate Park,488512283,Andrew
765349048924346400,Quiet Private Home with Expansive Views,8607817,Jon
765519459046574700,Friendly Stay in the Mission #2,8836914,Fei
765602022730771500,Friendly Stay in the Mission #1,8836914,Fei
765607313105454100,Urban Peace Stay · 5 Mins to Public Trans,20364955,Jun
765616113852519600,Spacious Sunny Safe 2br@Noe Valley w/ yard,27130648,Yangyang
765636386159482600,The Comfy Escape · 5-min to public transit,20364955,Jun
765701902118528600,Large corner room in Hayes Apt,96092167,Michael
765756490298748400,Upscale Park View Room in San Francisco,224976669,Rebecca
768488116172007600,Peaceful Cloud House with Heavenly Views,397394693,Marisa
768981101752342500,3033 - Fully set up comfort studio,489244713,Yutai
769468698194326300,Stylish SF Family Friendly 1 Bdrm In-law Apartment,4589998,Kelli
769703535447939600,Bright home in Castro/Mission,29123496,Barak
769709911596939500,Elegant & Cozy w/City views. Private room: Green,36752,Teresa
769894881482542100,Inn at the Opera San Francisco 1BR unit Sleeps 4,77606360,Christine
769925696894141300,Cozy 2BR Retreat with Parking & Laundry,316202062,Lawrence Kwong-Wung
770448127732632800,Modern Noe Valley home with private deck,450216420,Smita
771244981032665600,Forested 3BR Craftsman in Heart of San Francisco,253980233,Rachel
772004805028556700,Spacious 2BR Suite SF Downtown/Moscone/Ballpark,10779823,Claudiu
772507224849893200,"New, bright & airy 2BR/1.5BA oasis by USF/GGP/NOPA",3773599,Lawrence
773289547346767e3,R1- Cozy stay near Balboa Bart,404262356,Shanru
773498117232132200,Ocean-View Storybook near GGP - Entire House,469491052,Xiuming
773890298566855800,"Beautiful Downtown & Bay Bridge, Vineyard Views!",488012812,Dai
774194450745186200,Family-Friendly Sunset Home with Ocean View,1608570,Amina
774304380267401600,JPM Healthcare Conference 2025 | 01/12-01/16,5805679,Laurence
774306328065481700,Art deco oasis in downtown SF,26762692,Rakhi
774623004551822100,JPM Healthcare Conference 2025 | 01/12-01/16,5805679,Laurence
774625085734074600,JPM Healthcare Conference 2025 | 01/12-01/16,5805679,Laurence
774626404715965200,JPM Healthcare Conference 2025 | 01/12-01/16,5805679,Laurence
774627774850751500,JPM Healthcare Conference 2025 | 01/12-01/16,5805679,Laurence
774629074398995e3,JPM Healthcare Conference 2025 | 01/12-01/16,5805679,Laurence
774630554233338e3,JPM Healthcare Conference 2025 | 01/12-01/16,5805679,Laurence
774631879631246800,JPM Healthcare Conference 2025 | 01/12-01/16,5805679,Laurence
774633336375822600,JPM Healthcare Conference 2025 | 01/12-01/16,5805679,Laurence
774762365392262800,"Urban oasis!  Deck, city views, entire place",13078749,Yulie
774901709098066400,Private Guest suite in San Francisco,490269665,Jin Lian
775059223239963300,"Gorgeous corner unit, Art Deco bldg, gym, 1mo min",158402771,Thad
775331789681328e3,1000 Fulton Events Package,490341901,Bruno
775557950936909400,San Francisco Suite w/ Amenities,87164837,Drew
777464454828895100,Cozy Queen bed with a rooftop,35168393,Pedro
777489081567345500,2bd/2ba 3-Floor Mission Condo,21121100,Devon
777526488498930400,Pano View Executive Top Level Unit in Cow Hollow,387789822,Johnson
777550622581531900,Cozy Room with Private Bath & Patio in Pac Heights,339096574,Alekhya
777559929628009500,New studio on Market St - [30+ day booking],514915864,Hanze
778248319823783200,Junior 1 Bedroom in SoMA CoLiving Community - RARE,351395739,Tony
778934135676796e3,Stylish bedroom in Union Square,224976669,Rebecca
778939654117848600,Sun-Lit Inner Sunset Hideaway,59106304,Amy
779864432573379800,Modern Luxury 3BR near Golden Gate Park & Presidio,30788803,Scot And Lianne
780043472278234500,Renovated private SF/Excelsior suite,3157511,Sergiy
780495845839038300,Wyndham at the Opera San Fran,66506549,Ryan
780507157786474e3,Mid-Market Luxury Stay,119444620,Bailey
780534709019045200,Quaint 2BR/1BA Apt - 7 min walk to Ocean Beach,491210273,Brian
782013529979925500,Top Floor Mission District Pied A Tierre - 1BR/1BA,5498141,Val
784010681801561e3,Urban Retreat: 1BR Suite at Wyndham Canterbury,442029804,Live Suite
784010838925018e3,Urban Retreat: 1BR Suite at Wyndham Canterbury,442029804,Live Suite
784011023140898300,Urban Retreat: 1BR Suite at Wyndham Canterbury,442029804,Live Suite
784011112719256300,Urban Retreat: 1BR Suite at Wyndham Canterbury,442029804,Live Suite
784011201072030700,Urban Retreat: 1BR Suite at Wyndham Canterbury,442029804,Live Suite
784011309092883100,Urban Retreat: 1BR Suite at Wyndham Canterbury,442029804,Live Suite
784011658554027900,Urban Retreat: 1BR Suite at Wyndham Canterbury,442029804,Live Suite
784011660513901800,Urban Retreat: 1BR Suite at Wyndham Canterbury,442029804,Live Suite
784011678365022500,Urban Retreat: 1BR Suite at Wyndham Canterbury,442029804,Live Suite
784011857465495e3,Urban Retreat: 1BR Suite at Wyndham Canterbury,442029804,Live Suite
784011956143716500,Urban Retreat: 1BR Suite at Wyndham Canterbury,482174715,Suite Life
784012154374817500,Urban Retreat: 1BR Suite at Wyndham Canterbury,442029804,Live Suite
784012288487296300,Urban Retreat: 1BR Suite at Wyndham Canterbury,442029804,Live Suite
784012528713632500,Urban Retreat: 1BR Suite at Wyndham Canterbury,442029804,Live Suite
784012691165045500,Urban Retreat: 1BR Suite at Wyndham Canterbury,480237365,LiveSuites
784012957346133e3,Wyndham Canterbury Resort | 2BR/1BA Queen Suite,442029804,Live Suite
784013043995871200,Wyndham Canterbury Resort | 2BR/1BA Queen Suite,442029804,Live Suite
784013135690210200,Wyndham Canterbury Resort | 2BR/1BA Queen Suite,442029804,Live Suite
784013231809724900,Wyndham Canterbury Resort | 2BR/1BA Queen Suite,442029804,Live Suite
784013303063288600,Wyndham Canterbury Resort | 2BR/1BA Queen Suite,442029804,Live Suite
784013763795792800,Wyndham Canterbury Resort | 2BR/1BA Queen Suite,442029804,Live Suite
784014328043731500,Wyndham Canterbury Resort | 2BR/1BA Queen Suite,442029804,Live Suite
784014376553169500,Wyndham Canterbury Resort | 2BR/1BA Queen Suite,442029804,Live Suite
784014559939365800,Wyndham Canterbury Resort | 2BR/1BA Queen Suite,442029804,Live Suite
784014560463395700,Wyndham Canterbury Resort | 2BR/1BA Queen Suite,442029804,Live Suite
784014714400006300,Wyndham Canterbury Resort | 2BR/1BA Queen Suite,482174715,Suite Life
784014823060729500,Wyndham Canterbury Resort | 2BR/1BA Queen Suite,482174715,Suite Life
784014927358566900,Wyndham Canterbury Resort | 2BR/1BA Queen Suite,482174715,Suite Life
784015011283969700,Wyndham Canterbury Resort | 2BR/1BA Queen Suite,482174715,Suite Life
784015132319650200,Wyndham Canterbury Resort | 2BR/1BA Queen Suite,482174715,Suite Life
784015375259179800,Urban Retreat: 3BR Pres Suite @ Wyndham Canterbury,442029804,Live Suite
784015469668327600,Urban Retreat: 3BR Pres Suite @ Wyndham Canterbury,442029804,Live Suite
784017679700996700,Urban Retreat: 3BR Pres Suite @ Wyndham Canterbury,442029804,Live Suite
784017793692835600,Urban Retreat: 3BR Pres Suite @ Wyndham Canterbury,442029804,Live Suite
784017982888619400,Urban Retreat: 3BR Pres Suite @ Wyndham Canterbury,442029804,Live Suite
7.8401801484903206e+17,Urban Retreat: 3BR Pres Suite @ Wyndham Canterbury,442029804,Live Suite
784018157777299200,Urban Retreat: 3BR Pres Suite @ Wyndham Canterbury,442029804,Live Suite
7.8401828561983194e+17,Urban Retreat: 3BR Pres Suite @ Wyndham Canterbury,442029804,Live Suite
784018502774200600,Urban Retreat: 3BR Pres Suite @ Wyndham Canterbury,442029804,Live Suite
784018570107259600,Urban Retreat: 3BR Pres Suite @ Wyndham Canterbury,442029804,Live Suite
784018691753404300,Urban Retreat: 3BR Pres Suite @ Wyndham Canterbury,482174715,Suite Life
784018769863252200,Urban Retreat: 3BR Pres Suite @ Wyndham Canterbury,482174715,Suite Life
784018861799142900,Urban Retreat: 3BR Pres Suite @ Wyndham Canterbury,482174715,Suite Life
784019101069160200,Urban Retreat: 3BR Pres Suite @ Wyndham Canterbury,482174715,Suite Life
784019110221184500,Urban Retreat: 3BR Pres Suite @ Wyndham Canterbury,482174715,Suite Life
784286772110354e3,"Charming, Spacious Noe 1-br",1147583,Julia
784868473446852100,Historic Private Penthouse W/ Laundry Service,20532420,Lauren
785664589760326900,Noe Castro Sunny Modernism 2 BR,491996376,Patricia
785698957007308500,Park Presidio,91333416,Jan
785723383650464e3,"Next to Transit, Grocery, Dining",492076245,Michael
7.8576617898053606e+17,"Large, quiet room in heart of SF",875221,Jessica
786203048372383e3,2BR Apt in Mission walkable to Bart & Muni,492156112,Benjamin
786261918034714500,Contemporary Garden Carriage House,244335863,Bobby
786420960296544100,Newly Remodel Guest Suite-Separate Entrance,492199540,Steven
786735857366228900,Uptown chic home in the Italian district,369560434,Rouslan
786781913839264500,Delicate elegancy in central San Francisco,195860965,Milena
787017429018374700,Play in SF @ Precita Village Modern Tech Victorian,492170624,Jerry
787073011889821400,"Hidden Gem! Clean, Safe Comfortable Tech Victorian",492170624,Jerry
787904824134444300,Sunny private room in the heart of SF,875221,Jessica
787929017640980100,"Sunny, comfortable room in the heart of SF",875221,Jessica
787943743397727900,"Large, quiet room with king bed in the heart of SF",875221,Jessica
788059752222904600,Central Mission 2BR 2BA Flat with Patio,134577004,David
788267031766634500,Sunny SF Townhouse with Views,492491630,Jess
788704044559528700,Private Studio by Golden Gate Park,13048059,Minh
790552391998031600,Queen Bed with Roofdeck,35168393,Pedro
790648184828448e3,Safe Pac Heights Central,35168393,Pedro
791067241031169700,Queen Bed Room & City-View Roofdeckf,35168393,Pedro
791302059565307e3,"Garden studio - Presidio, Baker Beach",22489463,Zachary
791447166974580400,Furnished Room in Sunset w/ ocean & garden View,5977346,Melissa
792284781340811e3,Hip Urban Sanctuary,120369,Laura
792370590895673600,1906 Modern home by Ocean & Zoo + Driveway Parking,490403436,Emily
793486204992483700,1 Bed 1 Bath Condo - North Beach,445697747,Tim
793601892696155300,Spacious Guest Suite with Amazing View /Deck,493536888,Yihan
794300488770515700,Hayes Valley Getaway,493650081,Ashley
794320624094294100,Guest suite with private balcony unit#3/SFSU/ UCSF,38755455,Steve
795751534929589900,Two bedrooms with private BR by GGP & Ocean Beach,172278627,Xinyu
795809792649629e3,Cozy 2 Bedroom Home by Golden Gate Park,493978573,Marian
7.9588607926732006e+17,Welcome To *Inn At The Opera* 1B#3,340080088,Bibianna
796387159841829500,eat+pray+love+(work) in SF,297474041,Diana
797072683451892600,1-Bedroom Hotel Suite - 1 bed,326084746,Suiteness
797073220074287600,1-Bedroom Hotel Suite - 2 beds,326084746,Suiteness
797073269092293e3,1-Bedroom Hotel Suite + Connecting Room - 3 beds,326084746,Suiteness
797073492658381300,1-Bedroom Hotel Suite - 2 beds,326084746,Suiteness
797073798169417200,2-Bedroom Hotel Suite - 3 beds,326084746,Suiteness
797074017479516500,1-Bedroom Hotel Suite - 1 bed,326084746,Suiteness
797074273540698600,1-Bedroom Hotel Suite - 2 beds,326084746,Suiteness
797074335875849700,1-Bedroom Hotel Suite + Connecting Room - 3 beds,326084746,Suiteness
797074667869484500,1-Bedroom Hotel Suite - 2 beds,326084746,Suiteness
797074722646417900,1-Bedroom Hotel Suite + Connecting Room - 4 beds,326084746,Suiteness
797075496260114700,Hotel Suite + Connecting Room - 3 beds,326084746,Suiteness
797075734642699300,Hotel Suite + Connecting Room - 4 beds,326084746,Suiteness
798911462538312200,Spacious & Charming 2BR/1BA Unit,240202942,Sam
799476785516482600,Presidio Garden Suite,1892430,Jan
802049245688583400,Private Oasis w/ Laundry & Yard View,23535510,Jingyi
802947359254844800,32nd Ave Casa,120614686,Deanna
803164030733675400,Sunny queen room in heart of SF (1C),375566645,Mark
803658082637087100,One Bedroom Front Unit,495900269,Powell Place
803683314275052800,"5-Bedroom Flat, Central, Close to Castro & Mission",4624470,Sri
803858959410190200,"Spacious Corner Gem by LandsEnd trails,GGPark area",34963239,Landy
804529508472863700,3 bed 3 bath luxe house w/ free parking,405598639,Aleksandra
805030435056833400,"Entire 5BR Flat in Duboce Triangle, Natural Light!",4624470,Sri
805148644494835300,Beautiful Victorian House in Noe Valley,7488282,Sona
805915574261484200,"Cozy, Sunset Upper Floor Home",1608570,Amina
806545719729854e3,Mint Hill Two Bedroom,91333416,Jan
807507980829881300,Private SoMa 2BR 3BA with Garage | Extended Stay,169087871,Hongxia
808499703889641700,Canterbury 1BR Dlx Condo San Francisco,21265745,Brad And Sarah
808517283110770200,Canterbury 1BR DLX Condo San Francisco,21265745,Brad And Sarah
808545838511216100,Canterbury 1BR Presidential Condo San Francisco,21265745,Brad And Sarah
808619835086136400,Chic King Suite at Wyndham Donatello in SF,442029804,Live Suite
808619951772444800,Chic King Suite at Wyndham Donatello in SF,442029804,Live Suite
808620054279537400,Chic King Suite at Wyndham Donatello in SF,442029804,Live Suite
808620158909300200,Chic King Suite at Wyndham Donatello in SF,442029804,Live Suite
808620353735079e3,Chic King Suite at Wyndham Donatello in SF,442029804,Live Suite
808620432023641e3,Chic King Suite at Wyndham Donatello in SF,442029804,Live Suite
808620522245867800,Chic King Suite at Wyndham Donatello in SF,442029804,Live Suite
808620715893568500,Chic King Suite at Wyndham Donatello in SF,442029804,Live Suite
808620727013740400,Chic King Suite at Wyndham Donatello in SF,442029804,Live Suite
808620845656890900,Chic King Suite at Wyndham Donatello in SF,442029804,Live Suite
808621315547371300,Chic King Suite at Wyndham Donatello in SF,482174715,Suite Life
808621321452951300,Chic King Suite at Wyndham Donatello in SF,482174715,Suite Life
808621333943771100,Chic King Suite at Wyndham Donatello in SF,482174715,Suite Life
808621390283270700,Chic King Suite at Wyndham Donatello in SF,482174715,Suite Life
808621460936529200,Chic King Suite at Wyndham Donatello in SF,482174715,Suite Life
808621651374875900,Chic King Suite at Wyndham Donatello in SF,480237365,LiveSuites
808621768599355400,Chic King Suite at Wyndham Donatello in SF,480237365,LiveSuites
808621892285159e3,Chic King Suite at Wyndham Donatello in SF,480237365,LiveSuites
808622113721422e3,Chic King Suite at Wyndham Donatello in SF,480237365,LiveSuites
808622297875325700,Chic King Suite at Wyndham Donatello in SF,389697794,David
808622402293119700,Chic King Suite at Wyndham Donatello in SF,389697794,David
808622761140177200,Chic King Suite at Wyndham Donatello in SF,389697794,David
808623067154331600,Chic King Suite at Wyndham Donatello in SF,389697794,David
808623187874083300,Chic King Suite at Wyndham Donatello in SF,389697794,David
808623246408874e3,Chic King Suite at Wyndham Donatello in SF,389697794,David
808623329554129700,Chic King Suite at Wyndham Donatello in SF,389697794,David
808623413161786900,Chic King Suite at Wyndham Donatello in SF,389697794,David
808623507200236200,Chic King Suite at Wyndham Donatello in SF,389697794,David
808623668228024300,Chic King Suite at Wyndham Donatello in SF,389697794,David
808637452791545500,Urban Retreat: 3BR Pres Suite @ Wyndham Canterbury,389697794,David
808637531167169800,Urban Retreat: 3BR Pres Suite @ Wyndham Canterbury,389697794,David
808637724122214500,Urban Retreat: 3BR Pres Suite @ Wyndham Canterbury,389697794,David
808637795215077800,Urban Retreat: 3BR Pres Suite @ Wyndham Canterbury,389697794,David
808637821626746200,Urban Retreat: 3BR Pres Suite @ Wyndham Canterbury,389697794,David
808637930736615e3,Wyndham Canterbury Resort | 2BR/1BA Queen Suite,389697794,David
808638039907096300,Wyndham Canterbury Resort | 2BR/1BA Queen Suite,389697794,David
808638120664983200,Wyndham Canterbury Resort | 2BR/1BA Queen Suite,389697794,David
8.0863827091591206e+17,Wyndham Canterbury Resort | 2BR/1BA Queen Suite,389697794,David
808638289425644900,Wyndham Canterbury Resort | 2BR/1BA Queen Suite,389697794,David
808638415638750700,Urban Retreat: 1BR Suite at Wyndham Canterbury,389697794,David
808638483676176800,Urban Retreat: 1BR Suite at Wyndham Canterbury,389697794,David
808638556446268500,Urban Retreat: 1BR Suite at Wyndham Canterbury,389697794,David
808638648118246800,Urban Retreat: 1BR Suite at Wyndham Canterbury,389697794,David
808638727454073700,Urban Retreat: 1BR Suite at Wyndham Canterbury,389697794,David
808683657900393300,"2b2b Sunny Loft w/ parking, SOMA city heart",50617325,Shengnan
808995594566778400,8A-Private Room (share bath) at Marina/Cow Hollow,157999191,Berlin
809471496586758500,"Elegant 2-Bedroom, Best Location, Patio & Garden",11820504,John
809687226127884300,Supersize Stunner in downtown,497314341,Jasvinder
810540689369916400,Story Book Cottage 1889,497513153,Ronjon
810577114479474200,New Modern Renovated Apt - N. Beach/Telegraph Hill,330745922,Connie
811381428084963800,Explore the Best of San Francisco,410094341,Park Royal Powell Place At Nob Hill
811381791139176800,Powell Place: Find Your Adventure in San Francisco,410094341,Park Royal Powell Place At Nob Hill
811382057287143e3,San Francisco Vacation: Powell Place,410094341,Park Royal Powell Place At Nob Hill
811382322371984900,Experience San Francisco's Beauty,410094341,Park Royal Powell Place At Nob Hill
811382571733548700,"Unwind at Powell Place, Your Home Away from Home",410094341,Park Royal Powell Place At Nob Hill
811382840202694500,Family Vacation at Powell Place Near Union Square,410094341,Park Royal Powell Place At Nob Hill
811383103337494700,"Stay & Explore Powell Place, San Francisco",410094341,Park Royal Powell Place At Nob Hill
811389978721891800,Powell Place: Your San Francisco Destination,410094341,Park Royal Powell Place At Nob Hill
811390325565552400,Relax and Enjoy Your Vacation at Powell Place,410094341,Park Royal Powell Place At Nob Hill
811390585269109200,Powell Place: A Vacation Haven,410094341,Park Royal Powell Place At Nob Hill
811390863287058200,"Relax, Rejuvenate and Repeat at Powell Place",410094341,Park Royal Powell Place At Nob Hill
811393506201963800,Powell Place: The Perfect Vacation Spot,410094341,Park Royal Powell Place At Nob Hill
811393849592149900,Powell Place: Where Culture and Comfort Meet,410094341,Park Royal Powell Place At Nob Hill
811394102793753500,Unwind in Style at Powell Place,410094341,Park Royal Powell Place At Nob Hill
811394364791072400,Elevate Your Vacation Experience at Powell Place,410094341,Park Royal Powell Place At Nob Hill
811394627255490800,Powell Place: The Ideal San Fran Getaway,410094341,Park Royal Powell Place At Nob Hill
811398035303152100,The Ultimate San Francisco Experience,410094341,Park Royal Powell Place At Nob Hill
811398355292922200,"Stay, Play & Explore: Powell Place at Nob Hill",410094341,Park Royal Powell Place At Nob Hill
811398602658236900,City Life Meets Vacation Vibes: Powell Place,410094341,Park Royal Powell Place At Nob Hill
811398835974429700,Vacation Perfection at Powell Place,410094341,Park Royal Powell Place At Nob Hill
811399037058760300,A Vacation to Remember in Powell Place,410094341,Park Royal Powell Place At Nob Hill
811399072310780400,Your San Francisco Destination: Powell Place SF,410094341,Park Royal Powell Place At Nob Hill
811399316397850800,The Best of San Francisco in One Place,410094341,Park Royal Powell Place At Nob Hill
811399541986670100,Powell Place: Your San Francisco Vacation Awaits,410094341,Park Royal Powell Place At Nob Hill
811399561393140700,Powell Place at Nob Hill: Your Home Away from Home,410094341,Park Royal Powell Place At Nob Hill
811405833744499100,Perfect Vacation Spot Powell Place at Nob Hill,410094341,Park Royal Powell Place At Nob Hill
811405834464588200,Enjoy Your Stay in San Francisco: Charm & Comfort,410094341,Park Royal Powell Place At Nob Hill
811406171285518800,Your San Francisco Destination: Powell Place,410094341,Park Royal Powell Place At Nob Hill
811406171433774700,Powell Place at Nob Hill: Enjoy Your Vacation,410094341,Park Royal Powell Place At Nob Hill
811431666248534400,Unforgettable Memories at Powell Place,410094341,Park Royal Powell Place At Nob Hill
811431668986048600,"Stay, Explore, Repeat at Powell Place",410094341,Park Royal Powell Place At Nob Hill
811465640117813600,Powell Place Fabulous Studio at Nob Hill,410094341,Park Royal Powell Place At Nob Hill
811465641897403100,Powell Place: City Life Meets Vacation Vibes,410094341,Park Royal Powell Place At Nob Hill
811684862543052200,Beautiful cozy 1BR apartment in Hayes Valley,450765852,Ariel
811938086603394400,Cozy Room in the Heart of SF w/ Private Entrance,497441396,Hui
812493972622210700,Heart of San Francisco - 3 beds,8580116,Rachel & Mark
812750906796285700,1 Bedroom Suite in the Heart of Fisherman's Wharf,476474223,Samantha
812770433755957200,1 Bedroom Suite in the Heart of Fisherman's Wharf,476474223,Samantha
813358524159166600,"Private oasis with city views, deck",472328815,Reema
813669286609967400,Luxury 3Bed/2Bath Victorian Remodelled Duboce Home,366102003,Liz
813748891654356400,Hip & Modern 3br/3ba: Deck-Yard-Views-90 WalkScore,14649347,Jesse
8.1517719424996006e+17,Luxury house-heart of SF-near beach-w/gym and yard,16347616,Barri
816028610191508500,Hilltop Gem with Stunning View of City and Bay,45555637,Aidan
816211107298614900,Cozy room in the heart of SF,375566645,Mark
816849292948023200,Elegant and Spacious 2bdrm 2bth beautiful,330231,Richard
816998498709351600,Live-Work Downtown San Francisco Loft,4452428,Sebastien
818142802440744300,Amazing 2 bedroom in SFc,240653168,Jessieka
818195233784142e3,Studio Middle Unit,495900269,Powell Place
818231243893035300,• Cozy & Comfortable Castro Artist's Studio •,499256843,Juan Fernando
818445328258169e3,"Hilltop studio w/t panoramic view, garden, parking",10428850,Jianing
818965548064467600,Penthouse PacHeights Condo w/ garage & roofdeck,32907639,Ryan
819632103576819e3,Modern style 1 Bedroom apartment,23719876,Mingjing
82066922285161e4,Luxury Studio near Union Square,2186423,Phil
8.2103876732925606e+17,Beautiful Victorian near Alamo square,211681082,Nadim
821111273375147e3,Relaxing Waterfront Retreat | Close to Downtown,468914943,RoomPicks
821111957385119500,Harbor View Hotel Beside Ideal for Couple Stay,468914943,RoomPicks
821112507533247900,Relaxing Bayside Room Perfect for Romantic Stay,468914943,RoomPicks
821113177098676500,Scenic Bayfront Hotel | Urban Escape Starts Here,468914943,RoomPicks
821114014602777600,Harbor View Hotel Beside Ideal for Couple Stay,468914943,RoomPicks
821667684346708700,Standard Queen Room with Ensuite Bathroom,309730457,Edwardian Hotel
821898577032336100,Dolores Bungalow,500067016,Edgar
822091182299595300,2 Bedroom Suite with Bay Views from Rooftop Deck!,20704144,William
822648458930697600,Dreamforce Deluxe 1BR ApartHotel,5805679,Laurence
822653703653907200,Dreamforce Deluxe Wyndham Suite  #19 - Walk to DF!,5805679,Laurence
824024594832805600,Nice little room in SF,420182099,Sam
824047084487342e3,Sweet Noe Valley Suite,775963,Eileen
824053442345006100,"Sunny 1920s Gem– Free Parking, No chores!",68301147,Barry
824218674369102100,Pokemon Oasis in the City :Cozy & Modern 2 Bedroom,107082058,Ricky
82431191829521e4,3 bedroom 2 baths in Charming Victorian home,30075056,Joelle
824578055590701800,Charming SF single family home,2728513,Lotte
824774828797995300,Spacious 1BR in the Mission w/ huge living room,617085,Alex
825481991587243300,Cozy Bernal SF apartment,344304319,Christine
825620580149284400,Entire Guest Suite in Noe Valley,1328044,Christine
826063960462221400,Beautiful Home! (4 Queen Beds & 3 Full Baths),95227196,Wendy
826222991481833700,Two Bedroom Condo Residence- 2 Free Valet Spots,218110608,Sanana
826289478858479700,Apartment in the heart of San Francisco,125286231,Drica
826304560818579500,Chic flat on Nob Hill/Chinatown,12337660,Shane And Kathy
827463291262389e3,Elegant Modern Dolores Home,33203836,Rishi
827603610728940800,San Francisco Union Square Comfort & Tradition 1,501239744,Beresford Arms
827803014412266500,Guest Suite at Sunset district,114960457,Tung-Lin
828094337978291800,Comfortably furnished,4052343,Anna
828241752313576600,Economy Furnished Room3-Ucsf/USF,21994,Aaron
830835999474397800,Cozy house 2BD/1BA Walk to Bart,501912424,Yahong
831191768069721900,Fully Furnished Private Apartment in SF,403940407,Akshay
831273515651359600,Beautiful Apartment in the Mission,670906,Manjula
831285327472387500,SoMa Studio w/ Office by Anyplace - 11604,415840703,Anyplace
831287715236252500,SoMa Studio w/ Office by Anyplace - 11603,415840703,Anyplace
831438674405288300,"2BR Tranquility, Full Kitchen & private deck",22177528,Adamjake
831960683628665500,Urban Escape with Stunning Skyline,7002631,Kiarash
832601555654255500,Private Roof Deck w/ Fire pit & Dog Run | Nob Hill,32937427,Susie
832658003198969500,Blue House in the Sunnyside,124022035,Alice
832676669976549600,Broadmoor 1 Bedroom Suite 233,502034331,Larkin
833620265884756500,3BD House near Golden Gate Park !,42213595,Emmanuel
834204382399601500,Broadmoor King Studio 245,502034331,Larkin
834335362574497500,United hotel,43533135,Stan
834343004658680600,Beautiful Panhandle SF Apartment,7558840,Max
834887974756320100,48 - Adorable & Plush 3B2B Upper Unit near BART,502791356,Kei
835050210057275e3,Luxury Urban Oasis w/ Spa near Moscone!,3924988,Eli
835599104972268300,Large Dogpatch Multi-level Condo,502946652,Lauren
835644139077998300,Spacious cheerful suite near parks & beach,2796048,Rick
835668564220551e3,Modern Chic Studio Near UCSF/SFSU/Golden Gate Park,22940085,Nancy
836205079175974100,Large Room in SoMa San Francisco,351395739,Tony
836368993217644e3,One Bedroom Front Unit,495900269,Powell Place
836532152273523300,Beautiful Condo in Hayes Valley San Francisco,1751553,Matt
836816253964999800,In the heart of San Francisco,381589125,Kemal
836875426598488800,SF Bay and Skyline Views | Twin Peaks | Two-Level,286975060,Ilya
836908859138563200,Sunny apartment in San Francisco,10885165,Léa & Clément
837174431678149200,Studio Middle Unit,495900269,Powell Place
837529795721051300,San Fran- 1 bed condo hotel,478633299,Pedro And Jomary
837672742367627600,Studio Unit With Patio (1 flights of stairs),495900269,Powell Place
837814205259938400,Studio Unit With Patio,495900269,Powell Place
837815995465328e3,Studio Back Unit(2 flights of stairs),495900269,Powell Place
837935660244540500,One Bedroom Front Unit,495900269,Powell Place
837935909894280600,One Bedroom Back Unit,495900269,Powell Place
839109880343709e3,Beautiful 3Br 2.5 Bath Edwardian,15131298,Geordie
839973348782294500,Golden Gate Park Retreat,138846769,Craig
840184971889260200,Mi Casa Su Casa - Queen Bed Modern Tech Victorian,492170624,Jerry
840599152068629100,King Room #1,504007094,Jian Hui
840601162140239200,Queen Room #3 - Semi City Skyline & Garden View,504007094,Jian Hui
840715737123099500,Victorian Flat | Mission •  Full-floor • Bright,61695597,Justen
840755927573523600,"Modern Studio, Twin Peaks San Francisco",75100142,Henri
84163116092918e4,Garden apartment with Bay View,337463587,James
842150395554996900,Supersized Hidden Gem in San Francisco,497314341,Jasvinder
842305834310945800,Entire condo in Hayes Valley,243393408,Ryan
842848860519516300,Perfect Corp 4BR 5Bed Victorian - Safe &Convenient,492170624,Jerry
843069830550989200,Newly renovated 1b1b apt,24798683,Pei
843369859239382400,San Fran-Studio Suite - Queen Size bed,478633299,Pedro And Jomary
843488530733536600,Clean and spacious Outer Sunset getaway,2206837,Thang
843852557727531600,Room #2 - Remote Working Space,504007094,Jian Hui
844883585620309400,Ritzy Private Room-Best Location,128917916,David
844937676892217600,Sunset in the city 1,504908228,Eric
845024215728794600,Home on the sunny hill,256063782,Samantha
845066304339102e3,Overflow 2,375566645,Mark
845346217746367e3,Welcome To *The Suites at Fisherman's Wharf* 1B#2,340080088,Bibianna
845657707418208600,Luxury Gharadelli Square ApartHotel/Condo,354452046,Joseph
845672328646605800,Opulent Room with Private Bath,128917916,David
845902024566901100,Cozy and Quiet Single Room,172270819,Joshua Nathan
845973280246958700,2 bright fully furnished rooms,463156954,Peter
847042204259883100,Quaint Private Room-BestLocation,128917916,David
847124389843763800,Sunny Potrero Hill Studio Apartment,3259970,Hye Jin
847225207038124e3,"Exceptional, Large 1-Bedroom SF Garden Suite",10851296,Ericka
849895199281375e3,Greenwich Sanctuary,504473508,Robert
850254837708353900,Newly Renovated Spacious Room,505885773,Ying Y
850441984824354600,Sunny apartment in SF downtown,66802755,K
850930877112460900,Dolores studio: private entrance b/w Noe & Mission,6275936,Jennifer
850999058572114300,Cozy room near Ocean Beach and UCSF 1,189245739,Tri
850999067083606400,Cozy room near Ocean Beach and UCSF 2,189245739,Tri
851026746656663300,Russian Hill Retreat Sleep Haven,183605903,Tj
851068214950764800,Ingleside Heights Room,505885773,Ying Y
851410600220925400,Newly Renovated Private Room,505885773,Ying Y
851467274750113200,Panoramic views! Best Location!,38046308,Theresa
851522486085081500,Ingleside Heights Renovated Hse,505885773,Ying Y
851565538080570600,One Bedroom Back Unit,495900269,Powell Place
851598957497273200,One Bedroom Front Unit,495900269,Powell Place
851771629596739200,Java Beach house comfort,303118342,Jesse
852265589432899200,Two Bedroom Terrace Residence with free valet (2),218110608,Sanana
852397306676923300,Broadmoor Studio 429,502034331,Larkin
852910268715086500,Presidio Perch,258884755,Jonathan
852946455508526800,Delightful Union Sq. Location - Hotel Style Studio,70722023,Michael
853541192986368400,"Full Private Room SOMA, San Francisco",351395739,Tony
855242800972626200,Elegant Room in Union Square,224976669,Rebecca
857179051609396500,"Modern, New Pac Heights Studio",129904961,Galina
857184653102730900,Opera Plaza Stylish Studio,14436460,Kimberly
857263123279085700,A Lux Experience,333766371,Laura
857283702991566200,Great Union Square Location! Hotel Style Studio,70722023,Michael
857596257496369500,"Bright Private Room in North Beach, SF",351395739,Tony
857889545624357800,Private suite with secret arcade & ocean view yard,13583482,Charlie
857961086483891300,Comfort and Style in this Cozy Room near Park,2060012,Ari
858281170744108200,Sunny North Beach Furnished Room,351395739,Tony
858762280245894e3,Best Place to Stay in California! Pets Allowed!,501999514,RoomPicks
858819824306415500,"Luxury home, rooftop, Telegraph Hill/North Beach",21460931,Vinaya
859730588174995800,"Tall, Bright, Airy Central Richmond District Home",988375,Jennifer
860352294014677e3,Sweeping views of San Francisco Bay,29132856,Jan
860380347868420700,"Bright Room With All You Need in North Beach, SF.",351395739,Tony
861107959804659500,Private Room with Kitchenette in SOMA SF,351395739,Tony
861121064838065900,Modern studio in the Mission,1780407,Feb
861131751810244900,Full Private SOMA room for you and your +1!,351395739,Tony
862360025581186300,Unique Historic 2/3 BR Victorian next to GG Park,93655170,Marc
8.6237642568162406e+17,Pano View/ Winter Special 4BR/2.5BA in Nob Hill,450802168,Isabella
862505329538904600,Cozy Cole Valley Nook,10722295,Ariel
862960375236121200,Top Floor Two Bed Apartment in Mission Dolores,46574267,Amy
863048600398874500,Near Union Square - Hotel Style Studio,70722023,Michael
863853157417801300,Stylish hobo apartment in NOPA,83070034,Heather
864595084219671800,Exquisite Penthouse 4BR/2.5BA home in Noe Valley,450802168,Isabella
865271046576576800,"Stylish, Bright Comfy Condo - Van Ness Corridor",988375,Jennifer
865354126646438900,Spacious 2BR/2BA garden flat,509168229,Julia
866271989362662500,Spacious & Clean 2 Master Bedrooms+ 2 Bathrooms,503273535,Janny
866775404303929600,Private Suite in San Francisco,509465622,Anna
867435455159430400,A+ Union Square Location - Hotel Style Studio,70722023,Michael
867444634246754700,Close to Union Square - Hotel Style Studio,70722023,Michael
867448141100054400,By Union Square - Hotel Style Studio,70722023,Michael
868379679068053800,Coastal Retreat at San Francisco's Ocean Beach,2385877,Hannah
868794833132129500,Stunning 2BR/2BA home in SOMA,450765852,Ariel
868832029138928400,North Beach Hideaway -Central SF,93042993,Alan
868904745521411100,Spacious 1907 Edwardian 2BR Flat in Mission,509927673,John
869004524069825200,Pac Heights Beauty,49387207,Karl
869155668470201300,Apartment in South of Market/Mission Bay,6365230,Maggie
869415292483724200,Private Sunset Getaway,14695278,Joni
870458142773943800,Convenient Studio in the Heart of San Francisco,4336135,William Henry
8.7119823061107994e+17,Lively Furnished Private Room in Shared SF Home,456564615,Ruixi
871207011138297700,"Sunny, large room near Union St",375566645,Mark
871228164841856300,Large private room near Union St,375566645,Mark
871237811821685100,Cozy private room near Marina,375566645,Mark
871551431202793900,Overflow 3,375566645,Mark
871822128590826800,Sunny Potrero Home available for Oct-Jan,12780333,Loren
871991984418515100,"321B - Nice 2B1B Ground Unit near CCSF, BART & FWY",445881004,Li
872435300038405600,Sunny modern home Walk to twin peak top 15 min,25777374,Sunny
872715702649975800,Cozy SF Home great neighborhood cold+hot tub+sauna,51468401,Ashima
872721671975013600,2023 penthouse 4th fl,139875070,Reggie
87313179947627e4,2BR/1BA Charming Russian Hill,4253943,Amanda
873139345275744400,"Private Suite in Inner Sunset, San Francisco",509465622,Anna
873342131916467700,Tastefully furnished 2bed/1bath,141228523,Candy
873618055548858500,North Beach Telegraph Hill 3BED-2BA with Bay views,50001206,Kristian
873958105082183700,1194 - Humble 2B1B Upper Unit near FWY & LightRail,1463052,Zhenling
874607704419774e3,Amazing 2BR Apt - Clarendon H,450765852,Ariel
874646799814465700,"Sunny Private Room in Vibrant North Beach, SF",351395739,Tony
874657955467068900,Historic Four Bedroom Home near Golden Gate Park,17239555,Jonah
874702760233545300,"S.F., Location, Location comfort",33702479,Joe
874882716746707500,Stylish Pacific Heights Apartment,3903094,Ani
875431661163534700,Stylish 3BR Mission Dolores Flat,26624142,Nicholas
876868587691441200,The happiest house in Noe Valley,251233638,Cici
877145841215544800,Coastal Chic: Central Parkside Hideaway,511642621,Aaron
878183410823774700,Central Modern Marina Condo,30240729,Kevin
878858844598889200,Beautiful Edwardian Bed & Breakfast 3-Room Suite,35107832,Darcy
879027497265698800,Sunny & spacious in heart of SF (2A),375566645,Mark
879727871482654300,Marina 1 BR w/ Office by Anyplace - 11615,415840703,Anyplace
879847293982940800,Charming Spacious One Bedroom,104559424,Courtney
879877795501558e3,"Modern Tech Victorian, Comfortable Clean and Safe!",492170624,Jerry
880053805480350800,Stunning SF views in Twin Peaks!,4261621,Anaheli
880490748160859400,Convenient City living near GG Prk-Newly Renovated,512362823,Leslie
880542232486267100,2 Bedroom Urban Oasis Near Golden Gate Park & More,276087621,Ben
881168729030149400,Huge Private Room in Tech Founders Coliving House,469712552,Ningxiao
881402493042000600,Private studio suite in SF,6057010,Victoria
88197708515477e4,Modern 4BR Upper Unit |Private Rooftop | 30 Nights,169087871,Hongxia
882179919150968300,10C-Private Room (share bath) at Marina/Cow Hollow,157999191,Berlin
882533114447445500,"Cool art, gourmet kitchen, master bedroom,",467102,Johnny
882758776230278100,Nob Hill Studio w/ Office by Anyplace - 11614,415840703,Anyplace
882912541298157300,Cozy SF Home w/ Chinese Heritage,314162422,Eugene
883319805777082500,Beautiful Lower Haight Victorian,54227104,Rob
883432967433987100,Marina 1 BR w/ Office by Anyplace - 11616,415840703,Anyplace
883513655221345500,Inn at the Opera San Francisco 1BR sleeps 4,77606360,Christine
884102634075501300,San Francisco Ocean Beach Beauty!,6827732,Angela
884168412609575700,Modern Cozy Private Unit by the Golden Gate Park,23338589,Theresa
884349897587639300,Vibrant Room +Private Bath DT SF,319982829,Cindy
884390038934087200,Sunny Detached Room in Noe—24 St BART,704593,Adam
884419385483424500,Sunny Authentic Room in Noe —24 St BART,704593,Adam
884427616050550400,Sunny Authentic Room in Noe—24 st BART,704593,Adam
884515449809681400,Mish Mish—sunshine central with garage parking,60206574,Whitney
884533972888485900,"Blueground | S Beach, pool, gym & lounge, nr food",107434423,
884542744968153700,"Blueground | S Beach, pool, gym & spa, near SF bay",107434423,
884714980081939600,Private Garden Large 1 bd w/water views,371281355,Pedro
884829457526133600,Cozy Condo in Heart of the City,8293765,Tom
884841824144139100,"Large, Sunny room near Marina",375566645,Mark
885046655979706100,Elegant Room +Private Bath DT SF,319982829,Cindy
885050686295950200,Classic Room +Private Bath DT SF,319982829,Cindy
885550325001142800,"3BR House- Ocean & City Views, Minutes to Downtown",372413573,Joe
886198505117003100,2 Bedroom Coastal Apartment in Outer Sunset,46850847,Amanda
886242200270212200,April - Sept - Sunny Furnished Room Ucsf,21994,Aaron
886448327027426200,room-5 remodeled private apt3,429013475,Sam
886460587926538200,room-6 remodeled private apt3,429013475,Sam
886528458352482200,Inn at the Opera San Francisco 1BR sleeps 2,77606360,Christine
887841695189829400,Studio Back Unit (2 flights of stairs),495900269,Powell Place
887885890330424300,One Bedroom Front Unit,495900269,Powell Place
887890988150604800,One Bedroom Back Unit,495900269,Powell Place
887892172266757500,One Bedroom Back Unit,495900269,Powell Place
888523182641999500,Cozy home walkable to Golden Gate Park,2796048,Rick
889172572529506700,Flat in Trendy  Chic Dogpatch.,106640821,Michael
889287591895542400,One Bedroom Middle Unit,495900269,Powell Place
889296775205518700,Nob Hill Studio,1371628,Angella
889307320558401200,Deluxe One Bedroom Unit With Patio,495900269,Powell Place
889308328249104e3,Deluxe One Bedroom Front Unit (1 flight of stairs),495900269,Powell Place
889776038592839200,San Francisco Getaway Near Golden Gate Park,126644773,Evolve
890616250005859200,Morden Luxury Loft,511282747,Bob
891249585342542800,Secret Heaven in Noe Valley,18303950,Valentina
891611786127344900,SF Beachside Home (Buenos Aires Room),514784474,Steed
892035286118270500,LIVE IT UP In The Castro! *4BR*W/D*Walk Score 98,304721494,HostWell
892057952283681500,Sf Clement St  Garden View 1bd near UCSF/Kaiser,78910325,Li
892104253415593500,Stylish & quiet studio apartment in Potrero Hill,104146938,Boris
892168566236310400,"2 BR Suite, Work Desk, Garden, BBQ, Parking Space",57398927,Makay
892181544615376900,Adorable Studio at Central SF,78910325,Li
892750346253804300,Cozy & Private Apartment! | Castro | Heart of SF,68923331,Mark
892755770684671700,Stay at the palace of fine arts,172784084,Catherine
893025275290458100,Spacious Dwelling in a Delightful Neighborhood,10722295,Ariel
893610245891489900,Modern & Nice Styled Set Up,34718634,L Marcus
893841281141118600,Stylish Room+ Private Bath DT SF,319982829,Cindy
894771416151540600,"Blueground | South Beach, gym & spa, nr SF Bay",107434423,
894850855312323300,Family-Friendly 4BR/2.5BA near GG Park w/parking,515420324,Deeya
895077330670108200,"Modern home (3BD/4B/2office) w views, BBQ, hot tub",117615,Christina
895506939038413200,Urban Retreat: 1BR Suite at Wyndham Canterbury,482174715,Suite Life
895507060098369e3,Urban Retreat: 1BR Suite at Wyndham Canterbury,482174715,Suite Life
895507166840933900,Urban Retreat: 1BR Suite at Wyndham Canterbury,482174715,Suite Life
895507261227197600,Urban Retreat: 1BR Suite at Wyndham Canterbury,482174715,Suite Life
895543847782726e3,"Green Oasis. Restaurants, Hiking, Central Location",50764192,Miles
895686730194170900,"Quiet, Cozy San Francisco Home",104620340,Jon
895921297999612800,Cozy 3B/1B Cozy home with kitchen and backyard,197823507,Elena
896295101209353300,Room in Bright & Spacious Home,1600680,Dean
896421694829949400,Sunny Noe Valley Smart Home,13365663,Lauren
896522872407098500,House steps from the ocean,219335040,Julita
897007503683292e3,Eclectic Castro Penthouse over Eureka Valley,51762216,Gabriel
897034001270746900,Room #10 w/View in Tech Founders Coliving House,469712552,Ningxiao
897245234853162600,Beautiful house in central SF with views,625141,Satyajit
897267636302147100,Golden Gate View Penthouse,449859287,Matthew
897763315745280100,Room #4 - Panorama City View,504007094,Jian Hui
897809422446028200,Sunny Victorian: Charming & Safe,60445352,Michael
897892000962147700,ZZ-NEW! A+ Home | Sunny&Modern | Garage | HugeYard,509346058,Malcolm
898165508732959600,"2 Bedrooms In SF's Hottest Area, Hayes Valley 3",10699902,Kevin Michael
898465936844785800,Club Wyndham 2 Bdrm Villa - Fishermans Wharf,514017852,Jesse
898600001481573600,Best Views in SF w/Parking in City Center,328362412,Ryan
898630675257102700,Roofdeck House in Cow Hollow,38665365,Rachel
899131063106514700,Newly Remodeled Cozy Studio in San Francisco,444431858,Hilda
899135168427425300,Peaceful oasis in SF,37277872,Shravani
899262823975765200,Sunset Serenity,2985014,Ann
899315740060263e3,Stylish and Cozy Room Steps Away from Dolores Park,2060012,Ari
899400638213337100,Private Residence Club,38684949,Melissa
8.9955627592312794e+17,Authentic Room in Noe—24th BART,704593,Adam
900333397824658800,"Affordable SF Motel Room,Free Parking,Near Moscone",516764316,Kalpeshkumar
900344661155100500,Victorian in Japantown,34390119,Patrick
900706006037079400,Gorgeous Classic Victorian  2BR  Modern Mission,251255,Guillaume
900749824465212900,Quiet Edwardian home in Presidio Heights,455350758,Laurie Ann
900793022546882400,"1 BR w R/T Deck, by Whole Foods SF Life",1257432,San Francisco Life
900915619226787100,Central quiet Victorian Flat,136627599,David
901058011444348800,Luxurious Pacific Heights Condo w/ Spacious Patio,339096574,Alekhya
901647229147550600,Lux Master Suite Private Bath *15 mins from SFO*,73133543,Stephannie
902280013972025900,"2 Bedrooms with Private Bath, near SF Armory",294446822,Emanuele
902390626595978900,Convenient bright modern SF pad!,13289456,Angela
902891512957589400,Enjoy a Hassle-Free Stay! Pet-friendly Property!,501999514,RoomPicks
902896980700896500,A Place You'll Surely Enjoy! Pets are Allowed Here,501999514,RoomPicks
903286470152643300,Modern 1BR Near Moscone & Waterfront,509658467,Christopher
903709531560422700,Private Garden Studio in Pac Heights,131316530,Youjeong
904341099277367400,San Francisco 1 bedroom condo (Union Square),273383711,Randal
904365440993437600,Queen bedroom + private bath,9080666,Sandy
904420355457738200,San Francisco Skyline Views! Pet-friendly Stay!,501999514,RoomPicks
904420720678228100,Discover San Francisco! Pets are Allowed Here!,501999514,RoomPicks
904420839716774800,Comfort and Relaxation! Pet-friendly Property!,501999514,RoomPicks
904969097309033900,"California Getaway! City View, Pet-friendly!",501999514,RoomPicks
904969222592600400,"Explore Union Square! City View, Pets are Welcome!",501999514,RoomPicks
904969384129344300,"Convenient Location! Pet-friendly, City View!",501999514,RoomPicks
904970344625306900,San Francisco Sights and Delights! Pet-friendly!,501999514,RoomPicks
904970458891212800,Explore California with Ease! Pets Allowed!,501999514,RoomPicks
904971883204155900,California Costal Charm! Pet-friendly Property!,501999514,RoomPicks
904972207452851600,City Charm in San Francisco! Pet-friendly Property,501999514,RoomPicks
904972454588702500,Explore San Francisco! Pet-friendly Property!,501999514,RoomPicks
905045907400871200,Classy Guest Room - Union Square,224976669,Rebecca
905342666297519900,Charming Private Room w/ Work Station,43954646,Lance
905745321583782400,"Room in View House, parking",343382120,Gil Roy Hagler
9.0585524252549606e+17,"Sunny 3bed/2bath home in Portola neighborhood, SF",347088120,Tien
906455731788004700,"Comfy Flat by Beach, Park, & Zoo",4582677,Felix
906560667195048400,Panoramic Downtown View Loft,518228883,Cord
90667941528897e4,SF Beachside Home (Paris Room),514784474,Steed
90682538346857e4,SF Beachside Home (Amsterdam South Room),514784474,Steed
907272858616337800,SF Beachside Home (Amsterdam North Room),514784474,Steed
908930793919946900,Cozy Home with Views + Full Kitchen/Parking/Wi-Fi,10253366,Denis
908933039008249200,"Comfy private room, good for WFH",116993949,Anirudh
908967332253933700,Noe Valley private suite downtown view,130343524,Jia
909393702755943600,Civic Center Euro Charm: Hotel Inn at the Opera,514017852,Jesse
909608520414602400,Sunset in the City 2,504908228,Eric
909646548537029e3,5625A - Private Room near GG Bridge & Lands End,430703166,Guo Jun
909688634852416e3,The Largest Flat in Frisco: Kings Landing!,519003156,Benjamin
910085141126569100,5625B - Private Room near GG Bridge & Lands End,430703166,Guo Jun
910251473995158300,European Charm in Civic Center:1B Inn at the Opera,514017852,Jesse
910282567401234200,European Charm in CivicCenter:1BD Inn at the Opera,514017852,Jesse
910405113807398100,5625C - Private Room near GG Bridge & Lands End,430703166,Guo Jun
911019438567715300,Golden Gate Park Gem suite,87409792,Danesh
912509228872642400,Luxury Marina Condo @ Fort Mason,135108464,Jace
912533054564363600,Inn at the Opera San Francisco 1BR sleeps 2,77606360,Christine
912974802054495400,Club Wyndham 1 Bdrm Villa - Fishermans Wharf,514017852,Jesse
913001622806475e3,Renaissance Retreat: Studio The Donatello,514017852,Jesse
913005820782497700,Charming 3 Bedroom Victorian in the City Center,8458332,Eliska
913131960925168500,New Construction Home Near Golden Gate Park & UCSF,80148053,Amy
913165602002996500,Donatello Resort Studio,457152913,Todd
913890018102269400,Victorian Home in the Mission,5580877,Lilia
914471919784074100,Large Artist Bedroom w/Garden Access in SOMA,1923745,Xenia
9.1463076349317606e+17,Beautiful Pacific Heights Apt,26501100,David
915187960752221200,San Francisco 1 bedroom condo (Union Square),273383711,Randal
915282958610387200,Luxury Home on Lyon Street (Pacific Heights),9956229,Aaron
915342090789939700,Modern Mission Dolores Paradise!,37233924,Nima
916050485365248300,Chic & Plant-Filled Home,98894458,Tulika
916642911820095400,Luxurious View Condo near the Marina,988375,Jennifer
916883758623346600,Entire Unit near Golden Gate Park,14655296,Zhou
916954356266203400,Private Suite,218088604,Jimmy
917042784098995e3,Sweet Sunset Suite,109182483,Timothy
917393334692527600,"By Moscone Center, Private B/B! Book for SuperBowl",44754327,Keerat Sarika
918817774588375600,85 - Magnificent 3B3B All Equipped at Heart of SF!,106670799,William
918970255085843700,Pacific Heights Classic,44927,Ken & Joe
919092744910109300,Spacious Mid-century Modern San Francisco,69223435,Sarah
919338279662397200,"Blueground | SoMa, garden patio, nr tech companies",107434423,
919950500102181500,Charming Lower Haight Sanctuary near Alamo Square,2060012,Ari
919960216277698300,Victorian Charm & Walk in Closet,14809140,Guadalupe
920021587539346e3,"Blueground | SoMa, roofdeck, gym & pet area",107434423,
920551074452681600,Founder's Retreat: Potrero Home w Deck & Yard,65476905,Ravi
922407386213948700,San Francisco 1 bedroom condo (Union Square),273383711,Randal
922457762393322900,Residential Double Room with Shared Bath & Kitchen,309729224,Hayes Valley Inn
922463769813081900,Residential Queen Room with Shared Bath & Kitchen,309729224,Hayes Valley Inn
922563779861175600,Beautiful 4 BR Forest Hill Home,1257432,San Francisco Life
922639294813355500,2BR victorian in Castro walkable to Dolores Park,520017550,Helene
923287154849422800,Bright and Sunny Mission Room,116993949,Anirudh
923337988585932700,Comfy bedroom in the heart of SF,420182099,Sam
924393324909950100,Luxurious Unit Steps from Golden Gate Park,23338589,Theresa
924500384796374100,"Blueground | SoMa, bike storage & parking, nr Bart",107434423,
924625197444994200,SoMa | Bay Bridge View | SF Luxury 1 bed/1 bath,58627630,Gozde
925369454815019500,"Convenient place Sup Market,Restau. & Transp. 9A4",9219277,Henry
925369618737352800,San Francisco 1 bedroom condo (Union Square),273383711,Randal
925391856378177700,San Francisco 1 bedroom condo (Union Square),273383711,Randal
926067473447637600,Right wing penthouse,38096316,Stanislav
926226784725516e3,North Beach Flexie House,38096316,Stanislav
926818362477759700,A delightful flat in SF.,146400338,Kang
926923833037628700,Left wing of 5 bedroom house,38096316,Stanislav
926925437912556800,Right wing of 5 bedroom house,38096316,Stanislav
927435383871245600,Top of the Day in Noe Valley,231980369,Mark
927481533366241900,Mission Dolores Oasis,4769424,Ming
927563446263228800,Garden Guest Suite,523515589,John Paolo
927581788733537200,Entire Floor,39776371,Marcia
928917685646963600,Golden Gate Park Retreat! Modern 3br in Richmond D,71975,Oscar
928941614156873600,Cozy Coit room of 5 bedrm house,38096316,Stanislav
929373037353317e3,"3BR/2BA Marina Large Modern - Chestnut, Lyon St",51966852,Bob
929707397495574100,Cozy Large Central Queen Bedroom in SoMa,122922522,Diego
930539258556570500,Art Deco Mission Flat,23340043,Hilda Lyssette
931996376053948500,ZZ-Modern 2BR2BA | 25Min Downtown | Huge Sun Yard,509346058,Malcolm
932524931197133e3,Modern 1 Bedroom In-law Unit,81705387,Supraja
932613111312392400,"Cozy Studio with Parking, Laundry & Yard. Pets OK",7896411,Michael
932953763532794500,Sunny 2BR2BA Easy Walk to ALL + Parking & W/D,50402335,Mei
933513583480771100,The Charming Apartment in Corona Heights,68584810,Leyla
934254905344720900,Beautiful Mission Terrace Home,118600175,Jason
934401878775234300,Modern Sunny Oasis: Stunning Views In Potrero Hill,69628022,Shreeti
934838802204780300,Home Away from Home tooo!,510857674,Jacquelyn
937921350968563100,Your Union Square Spot! 1 Bedroom Hotel Suite,70722023,Michael
938317240177880800,Presidio Heights Condo - 2bdrm/2 bath,51769509,Turner
938407968605233800,Lovely Room #16 in Tech Founders Coliving House,469712552,Ningxiao
938464294835812200,Private Room #17  in a Tech Startup Coliving House,469712552,Ningxiao
938971674779519e3,"Blueground | SoMa, rooftop & concierge, nr Bart",107434423,
939216853658353700,Marvelous Union Square Location - 1BR Hotel Suite,70722023,Michael
939288339720529400,Beautiful Union Square Location -Hotel Style Suite,70722023,Michael
939292684869749600,Close to Union Square! 1 Bedroom Hotel Suite,70722023,Michael
939354002710117400,Exquisite 4BR/3BA 2decks in NOPA,450802168,Isabella
939857947544738200,Delightful Union Square Location-1 Bed Hotel Suite,70722023,Michael
939868359724958600,Excellent Union Square Location -Hotel Style Suite,70722023,Michael
940312534267631100,Chic and Modern Just Moments from Dolores Park,2060012,Ari
940461704241715800,San Francisco; private Garden Studio,298080516,Denise
940594030090632400,Spacious 4BR modern home in central Noe Valley,16649758,Dan
940683806463722800,Excellent Union Square Location - Hotel Style Unit,70722023,Michael
940787436107995400,In Union Square Area - Hotel Style Studio,70722023,Michael
940920973367426300,San Francisco Union Square Comfort & Tradition 2,501239744,Beresford Arms
941213534510824200,"Private retreat, spectacular views, deck",387333720,Carsten
941309745483513700,Key Union Square Location - Hotel Style Studio,70722023,Michael
941367556376388900,Charming 3BR 1BA Apt in Mission,33868026,Gulshan Narayan
941905016644637400,"San Francisco Urban Oasis - BART, Beach, Downtown!",527412718,Shane
941972803768049300,Central Noe Valley pad,695478,Caroline
942269503256041200,"Location, Location! Large Home (3BR, 3BA) by GGP!",63799333,Lisa
942291644559374300,"Mod Lux w/ King Bed, Washer/Dryer, DW, 24hr Gym",10456230,John
942737542785205200,Charming Inner Richmond Room Next To GGP,89685111,Natasja
943549141572724600,Mish—sunshine central,60206574,Whitney
943717196568628e3,Lovely Union Square Location - Hotel Style Studio,70722023,Michael
943725043717109800,Marvelous Union Square Location-Hotel Style Studio,70722023,Michael
943739503759706600,Union Square upscale studio,245447609,Kim
943747798375642e3,1 BR flat in Castro-Mission area,527945604,Eric
944184639967828500,Penthouse Hotel Style Studio - Near Union Square,70722023,Michael
944228937490414200,Penthouse Hotel Style Studio - Near Union Square,70722023,Michael
944236471363891300,Outstanding Union Sq Location - Hotel Style Studio,70722023,Michael
944241312369897200,Lovely Union Square Location-1 Bedroom Hotel Style,70722023,Michael
944247805458154500,Ideal Union Square Location -1 bedroom Hotel Style,70722023,Michael
944278117835778e3,Modern & Comfy Loft in SF,150807527,Gabriel
945672998966057e3,"2 Bed ""Cute Private Cottage"" Valencia & Dolores Pk",4152942,Clare
945911625022709e3,Sweet home with parking,251810491,Qin
947307205885846e3,Luxury Edwardian Home on Lyon Street (Full Home),9956229,Aaron
947664388662170900,Beautiful 2 bd/2 bth with a yard,351751127,Nooshin
947804037812131e3,"Russian Hill condo - rare sf views, deck, parking",326208941,Rahul
947834879349345700,Donatello Resort Studio - San Francisco,21265745,Brad And Sarah
947848524272192600,Donatello Resort Studio - San Francisco,21265745,Brad And Sarah
947939807753536900,Luxurious full amenity 1BR Oasis w Bay Bridge View,70538134,Ebrahim
948248351912703100,Spacious 2 bed 2 bath,130348668,Eugene
949115010566001400,"Blueground | SoMa, pet spa & a/c, nr grocery store",107434423,
950636027806408600,Spacious Condo with Large Backyard,55351003,Sadie
950978378471166700,'Economy Sunny Private Furnished Room-Ucsf/Usf,21994,Aaron
951765249614863e3,Panoramic Bay Views + Parking Spot,420190865,Michael
951800465974700400,# 1,107811635,Bao Yan
951807526485145200,Room B,107811635,Bao Yan
951815096309814400,# 3,107811635,Bao Yan
952170932666123e3,Guest unit close to Twin Peaks,22290300,Kurian
952224293994738600,# 2,107811635,Bao Yan
953090766038279e3,Convenient Lower Pacific Heights Grand Victorian,274327603,Eun Young
953157740329318300,Unique Gothic Home in Richmond District,387416621,Yana
953170924399237e3,Cow Hollow Bedroom & Bath Studio,79900817,Michael
953222477936810900,Victorian Dream House with Modern Amenities,50679941,Aubrey
953612488015563900,Newly Renovated SF Studio • Twin/King Options,444431858,Hilda
953842422896285e3,SF Queen Room w/ Chinese Heritage,314162422,Eugene
953843364638958600,SF King Room w/ Chinese Heritage,314162422,Eugene
953944420777183400,Homely place in fun neighborhood,24051929,Jada
954514583027879400,Room with a view/cable car too,245447609,Kim
954714932260188500,Safe and Convenient location.,375082226,Yu Chang
955285139824675500,Cozy Precita Park Hideout,1172587,Rebekah
955464950099551500,Stylish Cozy Room by Golden Gate Park,231712410,Shao Ping
955465739450819100,Cozy Guest Unit by Golden Gate Park,231712410,Shao Ping
955995067181069600,Spacious and elegant Presidio Heights home,529515158,Elizabeth
956369293348623400,casa entera Potrero Hill 3H 3B,216566045,Juan Carlos
956723436929813200,SF Private Suite w/ own entrance,8934521,Eric
957382572188689400,Spacious and Stylish 7-BR Townhouse | Brand New,2060012,Ari
957431979945402900,FREE Parking l 1.5 Bedroom Loft in Mission / Hayes,44378571,Jane
957700174353441800,Stylish 1BR/1BA Garden Studio in Pac Heights,316202062,Lawrence Kwong-Wung
957789818022554100,1 bed apt in NOE valley,106732887,Ashley
957965895478306800,Remodeled 1x1 in the Mission!,4430421,Adam Nicolas
958056470895019e3,Cozy Artist's S.F. Apartment,30475694,Rachael
958079365509099400,Hosted Top Floor Luxury Beachfront Apartment,531869034,Daryl
958135834858763400,Noe Valley In-Law,86419524,Sandy
958693643564058900,San Francisco 1 bedroom condo (Union Square),100238132,Michael
958705380695870200,San Francisco 1 bedroom condo (Union Square),100238132,Michael
958724825725900300,4 Bed 3 Bath Home SF Twin Peaks,23049155,Amber
958797536622508400,Sunny Modern Victorian,35408771,Dagmar
959155652303423900,"Blueground | SoMa, gym, a/c & w/d, nr supermarket",107434423,
959472784553976700,Cozy 2 Private Room 3 Bed Shared Kitchen & Bath,492170624,Jerry
960149424939701100,Private 1Bed/1Bath (close to Golden Gate Park!),8460934,Léo
961053597242871800,Charming 2 Bedroom-2 Blocks to BART/Bus/Rail/Tranp,80497480,Deanne
961517168666268800,Bright Room in SF’s Coolest Neighborhood,778281,Noelle
961712560809865e3,Studio Noe Valley+Mission,24529896,Phyllis
962347304787401e3,"Cozy studio for events, concerts, sightseeing, etc",10685036,Holly
962539300066087200,San Francisco cozy in-law retreat,33775058,Natalie
963641231270031900,Bernal Modern,395372745,Blake
963756549828384400,coco gardens,191612875,Robert
963769989449672700,San Francisco + Parking + Gym + Walk 2 Duboce Park,11697746,One Fine BnB
964825597318145500,Luxurious Ritz-Carlton San Fran,74042625,Silvana
965072398758262800,Lux 2br/2ba Next to Y-Combi - Avail Fall or Winter,81509112,Adam
965185193577567500,Alamo Square Studio,91333416,Jan
965246248927073e3,Donatello Studio - Great San Francisco location!,21265745,Brad And Sarah
965287044819197e3,Cozy House in San Francisco.,104855808,Gladys
965323063653328100,Beautiful Room with SF Views,203065170,Serhan
965421478685477400,Bernal loft retreat with sweeping views of SF,71975,Oscar
965781832602617100,"Blueground | South Beach, pool & gym, near SF bay",107434423,
965979998524699500,Hotel Suite at Wyndham Inn at the Opera Resort,442029804,Live Suite
965980066576967800,Hotel Suite at CLub Wyndham Inn at the Opera,442029804,Live Suite
965980173384002200,Hotel Suite at Wyndham Inn at the Opera Resort,442029804,Live Suite
965980258974398500,Hotel Suite at Wyndham Inn at the Opera Resort,442029804,Live Suite
965980356612035800,Hotel Suite at Wyndham Inn at the Opera Resort,442029804,Live Suite
965981095665177900,Hotel Suite at Wyndham Inn at the Opera Resort,389697794,David
965982102369168800,Hotel Suite at Wyndham Inn at the Opera Resort,389697794,David
965982203418535700,Hotel Suite at Wyndham Inn at the Opera Resort,389697794,David
965982306475747800,Hotel Suite at Wyndham Inn at the Opera Resort,389697794,David
965982423044014600,Hotel Suite at Wyndham Inn at the Opera Resort,389697794,David
965982561952786200,Hotel Suite at Wyndham Inn at the Opera Resort,482174715,Suite Life
965982662667952500,Hotel Suite at Wyndham Inn at the Opera Resort,482174715,Suite Life
965982793102418300,Hotel Suite at Wyndham Inn at the Opera Resort,482174715,Suite Life
965982881681401200,Hotel Suite at Wyndham Inn at the Opera Resort,482174715,Suite Life
965983015736074600,Hotel Suite at Wyndham Inn at the Opera Resort,482174715,Suite Life
966293247952927900,Victorian Top Floor Flat,5590007,Marieke
966641347131456100,Rooms for Rent in North Beach!,351395739,Tony
966976011374731600,Modern family home in the sunny Mission,60452615,Nihir
968054798521042200,"Blueground | SoMa, concierge, bbq & a/c, nr I-80",107434423,
968055503940424200,"Blueground | SoMa, roof, gym & pet area, nr I-80",107434423,
968083965860780200,Relaxing Room in Central Area,3455092,Christopher
968105782264744400,Modern 1BR Apt in Great Area,3455092,Christopher
968117079358595600,Charming Russian Hill One Bedroom Apartment,534351791,Anna
968199911077853600,Historic Noe Valley Open Space,18303950,Valentina
968801700625254900,"Room for Rent, South of Market, San Francisco",351395739,Tony
968941486248984300,Architectural Sanctuary w/Spectacular Ocean Views,11344169,Genna
968992893908423600,City Chic Retreat in the Heart of San Francisco!,9518141,Virginia
969197726482612700,Backyard In-Law Oasis,1709167,David
969583023982188400,Bright Modern Hideaway *New Listing*,11344169,Genna
969623146233107500,Donatello Resort Studio San Francisco,21265745,Brad And Sarah
969627732796487700,Donatello Resort Studio - San Francisco,21265745,Brad And Sarah
969629561942311700,Donatello Resort Studio -San Francisco,21265745,Brad And Sarah
969749740590530200,Sunny House with big garden in SF,2466011,Emma
970048126639488600,Luxury Victorian - Sunbeam Arts,485721712,Javier
970351150121324e3,Stunning view of San Francisco!,18658510,Sammy
970585764773486e3,Luminous Dolores Heights Bedroom,34742746,Mark
971831501403927400,"Bernal Heights Sanctuary: 3 BRs, Kitchen, LR/DR",46797041,William Prieur
971863454098146800,Modern SF Condo w/ Magical Views,1717251,Marissa
9.7188788566019994e+17,Victorian Central 1bdm Apt jewel in Hayes Valley,59660340,Seema
972532151182143400,Large 4bd Flat w/ working space and Great View,493536888,Yihan
973329248202823e3,Suite in Historic Noe Valley Victorian,551991896,Laurel
973534150410939900,105-cozy 1b1b next to Mission St,86942141,Martin
973962833436053900,Apartment close to muni/bart,4344649,Binay
9.7397198445016794e+17,San Francisco Victorian Gem!,12163034,Kamala
974741900866409700,1-Bedroom Hotel Suite - 2 beds,326084746,Suiteness
974742065999664e3,2 Connecting Hotel Suites + 3 Connecting Rooms - 3,326084746,Suiteness
974742204800060500,2 Connecting Hotel Suites - 4 beds,326084746,Suiteness
974742343420647200,1-Bedroom Hotel Suite - 2 beds,326084746,Suiteness
974742481897696400,King Room - 1 bed,326084746,Suiteness
974742567436089e3,King Room - 1 bed,326084746,Suiteness
974742731758077700,King Room - 1 bed,326084746,Suiteness
974742852927696600,1-Bedroom Hotel Suite - 2 beds,326084746,Suiteness
974742983997118800,King Room - 1 bed,326084746,Suiteness
974743084323474200,Two Full Room - 2 beds,326084746,Suiteness
974743411752624800,Hotel Suite + Connecting Room - 3 beds,326084746,Suiteness
974743689335587100,Hotel Suite + Connecting Room - 3 beds,326084746,Suiteness
974756892334542500,Explore ocean beach and SF Zoo Private 3BD/1BA,368616861,Hui
975456758333183e3,Cozy Retreat in the City,251852082,Jennifer
975549563164431400,Quiet 1BR + sunny patio + views!,11362827,Omar
975736493472191600,Industrial Clocktower loft,329505774,Nikhil
976125576667577600,San Francisco 1 bedroom condo (Union Square),100238132,Michael
976140155983360400,San Francisco 1 bedroom condo (Union Square),100238132,Michael
976264014625725200,Cozy Unit in Convenient Inner Richmond District,187372008,Ethan
976861403019785900,"Marview Manor 3Br/2Ba- Easy Parking, Safe Area",223918239,John
978663751304845e3,Modern Sunnyside Apartment/Remote work friendly,3201094,Daniela
978997624569970400,City out front Presidio out back (15 yrs hosting),237135350,Michael
979608455131719800,"Blueground | Soma, concierge, theater & retail",107434423,
97976290827858e4,Charming Pacific Heights Garden 1 Bedroom Unit,387801231,Coleman
979802075685386900,Broadmoor Studio 328,502034331,Larkin
980163091516265500,"Blueground | Soma, gym & yoga, nr tech companies",107434423,
980163431042287e3,"Blueground | Soma, pool & bbq, nr coffee & shops",107434423,
980163820672964400,"Blueground | Soma, basketball & gym, nr transport",107434423,
980318548206131500,"Large Bright Nob Hill, primo location",12703126,Jeff
981110621973554800,City Views | Top Floor | 700+Mbps Wifi,537271078,Haley
981161742968845e3,San Francisco Beautiful,20604866,Diane
981214276308418800,Room 4,480788402,Weizhen
981527425475502800,King room 1,480788402,Weizhen
982165726694225200,"Nice bedroom @convenient area S,market,Transp.9A2",9219277,Henry
983340595281922200,Nob Hill Penthouse.,537640049,Kenneth
983661721517598300,Modern 2Bed 2Bath w/ parking in Excelsior District,537819427,ShaoLing
983917649509760400,Family Quad Room with Shared Bathroom,309729224,Hayes Valley Inn
98393043132746e4,"Blueground | Soma, pool, gym & bbq, nr tech hub",107434423,
983982248435590700,"Blueground | Soma, pet spa, gym, yoga & coffee",107434423,
983984258312427100,"Blueground | Soma, theater & bball, nr tech co",107434423,
984579187391375100,"Blueground | Soma, pool, yoga, nr station & bars",107434423,
985021873010721900,Sunny Mission Victorian Home,5458153,Will
985160838009006800,Chic 2-Bed Apt in Hayes Valley,55948685,Gian
985458984671540100,"Blueground | Soma, yoga, roof & theater, nr bars",107434423,
985459529002450700,"Blueground | Soma, rooftop & gym, nr dining",107434423,
985653017923891800,San Francisco Condo < 1 Mi to Union Square!,126644773,Evolve
987132241119252600,"Private bed/bath in sun-drenched, clean NOPA apt!",31109296,Karla
987229975821109e3,1 BDRM Suite In The Heart of Downtown SanFrancisco,381354803,Dorothy
988410885321960800,Cozy studio with private patio,34863393,Gio
988984712246419800,"Blueground | Presidio Heights, gym, nr trails",107434423,
989020882902997600,Two Bedroom Home Near the Freeway for Easy Access,538403285,Ariana
989022471667834e3,"Blueground | Soma, concierge & rooftop, nr dining",107434423,
989131026826392400,Private Garden Room in Beautiful Victorian Home!,539066811,Noah
989187651341621100,Union Square location & fresh Cali fare,539084881,"The Barnes San Francisco, Tapestry"
989192386268313900,Club Wyndham Canterbury SF!,66506549,Ryan
990022919413310200,Modern 2BR Apt in San Francisco,29523963,Deirdre
990169541569669200,"3 Bedroom House, Parking, 10 min to Downtown",1600680,Dean
990527267538095700,Mission Heart on Dolores Park,2146719,Nikki
990648205394124700,Cole Valley Oasis,442389674,Elisabete
991336394954442800,Spacious + Sun-Filled 1BR Loft,539567964,Tracey
992117902408708100,Overflow room 4,875221,Jessica
992123356938581200,Overflow room 5,875221,Jessica
992753842262024800,Private View Room #15 at a Tech Startup Coliving,469712552,Ningxiao
993560474088543e3,Beautiful Studio Hayes Valley,530770400,Rodrigo
993617264120222100,2BR 2-level Guest Suite (Back 1/3 SF Vic- 31d min),540029787,Audrey
994196411110311800,Charming Pacific Heights Oasis,737797,Shaban
994225309427242900,Private Room #12 in Tech Founder's Coliving House,469712552,Ningxiao
994234602134661900,Sunny Room in Tech Startup Coliving House,469712552,Ningxiao
994635931907848400,Heart Lower Haight big bedroom,3895812,Fakhry
994958238755399400,Huge Luxury Studio - Heart of SF,59384912,Chioma
995091799043056300,#1 Penthouse! PARK | Movies | Walk to Everything!,365002350,Megan
996377861281566600,Charming Room #11 at a Tech Startup Co-Living,469712552,Ningxiao
996381799105772e3,Duo 2 Room Suite w/ Private Bath in Startup House,469712552,Ningxiao
996385424772599600,Private Room #20 w/ View at a Tech Startup House,469712552,Ningxiao
996388722700945300,Bright Room w/ big windows in Tech Founders' House,469712552,Ningxiao
996392910599904e3,Sunny Room w/ View in Tech Founders Coliving House,469712552,Ningxiao
996480608272767900,Outer Sunset Home * Sleeps 6 * Parking * W/D *,304721494,HostWell
996480672994695300,Outer Sunset Private Master Suite [J] * W/D *,304721494,HostWell
99648073794576e4,Outer Sunset Private Bedroom [K] * W/D *,304721494,HostWell
996480798730280600,Outer Sunset Private Bedroom [S] * W/D *,304721494,HostWell
99707546277335e4,Luxe 4BR/6BA Pac Heights Grand Home w Speakeasy,63881599,Heatherann Steinmetz
997363437208939600,Stunning apartment steps from Ocean Beach,540857836,Phansy
998547548769428700,Private Room #18 in a Tech Startup Coliving house,469712552,Ningxiao
998741554427399800,PodShare SF Marina - Queen pod - Sleeps 1 or 2!,26860,Elvina
999310607446511500,Unique Cozy Room by Golden Gate Park,231712410,Shao Ping
999945380536516600,Lotus Studio - Secluded Mission Getaway,725620,Roderick
999949168517818e3,Donatello Resort - Studio,21265745,Brad And Sarah
999972732313065200,Donatello Resort - Studio!,21265745,Brad And Sarah
999995823941483400,Donatello Resort - Studio Unit,21265745,Brad And Sarah
1000704809520026500,Deck with amazing views near BART and restaurants,541547533,Hong
1001303494380092300,Spacious Suite Minutes to Fisherman's Wharf!,501999514,RoomPicks
1001424726363621100,Pano Vu 5BD3.5 BA Nob Hill,450802168,Isabella
1001534641974341600,Nicest Mission Condo 100WalkScore,48502153,Sarah
1001598884664966e3,Cozy 2nd Floor Home w/Adjustable Beds & Air Hockey,308816547,Yuyao
1002283155405615500,Luxury Golden Gate Park Getaway,49665336,Afshin
1002454386536745500,Fullmoon’s house,541880661,Liling
1002932294897188700,Amazing Condo in the Heart of SF,15396421,Breedeen
1003372717525741800,Luxe Urban Retreat on Lansing St M#41904,126824075,Yongxiang
1003716178745373400,Cozy Pacific Heights apartment,300525066,Tracy
1003920422456586600,"Victorian flat in the heart of SF, private terrace",541454050,Angela
100392268305483e4,Urban Oasis in the Heart of SF,541454050,Angela
1004389108886319500,"Excellent Pick! Spacious Unit, Pets are Welcome!",501999514,RoomPicks
1004398089857924900,"Great Value, Quality Stay! Pet-friendly Unit!",501999514,RoomPicks
1004798450400385500,"Blueground | SoMa, pet area & bike room, nr bart",107434423,
1005129877077277200,Golden Gate Park Garden Apartment,3259677,Mona
1005458276514664700,Cozy SF studio with patio in lovely Japantown area,141008177,Corey
1.0057248399424241e+18,Rare Gem! Close to Lotta's Fountain and Alcatraz,501999278,RoomPicks
1005730562194458500,"Look No More! Pets Allowed, Near Union Square",501999278,RoomPicks
1005734343038526200,"You Found it! Bike Rental, Near Union Square",501999278,RoomPicks
1005737882110095500,Vacation is Calling! Close to Cartoon Art Museum,501999278,RoomPicks
1005742795935627100,Breath of Fresh Air! Close to Aquarium of the Bay,501999278,RoomPicks
1005744514049696e3,"Relax and Recharge! Bike Rental, Pets Allowed",501999278,RoomPicks
1005746187723636200,Enjoy City Views! Close to Union Square,501999278,RoomPicks
1005756165400232700,Comfortable Stay! Near Wells Fargo History Museum,501999278,RoomPicks
1005777526292303e3,Vacation Starts Here! Near Golden Gate Bridge,501999278,RoomPicks
10059113853719e5,Russian Hill/North Beach Gem!,10776035,Lorinda
1005999024128055200,A designer's retreat w/yard and cedar tub,71975,Oscar
1006664704237639700,Modern Comfort: Noe Valley Edition,90380986,David
1007370963674079900,"Charming, Airy 3-Bedroom House by GG Park w Garage",8835794,Susanna
1.0082846012503921e+18,"Beautiful flat, great view terrace, w/parking",3540479,Grace
1008315925433869200,Master bedroom in Downtown SF.,25775036,Ankit
1008316122987976200,Boho Chic Studio Near Golden Gate Park/UCSF,22940085,Nancy
101082047561077e4,One Bedroom Fisherman's Wharf Getaway,159391934,Kalven
1010828732678763800,Two Bedroom Fisherman's Wharf Getaway,159391934,Kalven
1011606151598140800,Fisherman's Wharf Suite in San Francisco,159391934,Kalven
1011613025886483500,Charming Waterfront San Francisco Bedroom,159391934,Kalven
1011663286201579800,2 Bedroom by Ghirardelli Square,159391934,Kalven
1011670545335515500,San Francisco 2 Bedroom at Fisherman's Wharf,159391934,Kalven
1011727466553988600,Northbeach Pad 2Br,543748196,Queens Canyon
1012374492150655100,Lovely Painted Lady on Alamo Square,1766868,Maury
1012383737037128300,Alamo Art Haus - Extended Stay (*Hosted*),2242443,Michelle
1014051329161502800,Unique Jr. Master BR w/ pvt entry + in-unit prking,268406323,Tuan Hau Nguyen
1014582212562222700,Magnificent BayBridge Water View,108570290,Vipin
1014629402884066600,Spacious SOMA 3 bedroom/2 bath,1448586,Jennifer
1014798772769203300,NEW! Spacious Getaway wPrivate Deck Close to Beach,71975,Oscar
1015539512373706200,Chic 3 BR in heart of SF- walk to Union Square,4587045,Katherine
1016012932198481700,Modern 2B/1B Private luxury unit,474682743,Zeguang
1016048960489342e3,UCSF Woodland's 1 bedroom Suite,303118342,Jesse
1016342927874691600,R1 with street view,544670372,Jimmy
1016380845718849800,R2 with beautiful street view,544670372,Jimmy
1016386284940585300,R3 sunny room,544670372,Jimmy
1016481253780096400,Luxury work/Live  condo in Potrerol Hill/ Dogpatch,162726921,Phuong
1016637356063563400,Sunny Rooms by Golden Gate Park,2872169,Maximilian
1016806113955557200,Cozy and Bright Bedroom Near UCSF Parnassus,544777279,Cindy
1.0169727892527441e+18,3Bd+office in a Central Location,13832870,International
1017654443875917e3,Thoroughly Modern : Victorian Guest Suite,521737991,Beth
1018341733463973500,North Beach Little Italy Top Floor 1 bd + balcony,371281355,Pedro
1018903445666826200,Cozy room  large window near Golden Gate Park 5B4,9219277,Henry
1018951545238681600,Sunset Ocean View Apartment,9154171,Rose
1019022057553511200,15-Min to Moscone | Work Table | Modern Setting,537271078,Haley
1019620235274761500,Spacious and Comfortable Alamo Square Oasis | Cozy,2060012,Ari
1019866570400320800,Modern Luxury in SF Downtown w/ Rooftop & Views!,32937427,Susie
1020376341473099900,Luxe 2BR Lansing Urban Haven w/ Workspace G#41904,504252105,Guesty
1020464068086058500,One Bedroom Middle Unit,495900269,Powell Place
1020478853748196500,Deluxe One Bedroom Front Unit(2 flights of stairs),495900269,Powell Place
1020484145611915800,5m walk > Castro on quiet street,135111765,Joshua
1020502081525896800,Deluxe One Bedroom Unit With Patio,495900269,Powell Place
1020518342750134100,Deluxe One Bedroom Front Unit(3 flights of stairs),495900269,Powell Place
1020522508574112500,Cozy Private Bedroom Downtown SF,545638915,Alice
1020527003634961200,One Bedroom Middle Unit,495900269,Powell Place
1020533046114817700,Studio Back Unit (3 flights of stairs),495900269,Powell Place
102054773382536e4,Studio Back Unit (3 flights of stairs),495900269,Powell Place
1020988217244151400,Comfort & Convenience SF Studio,447669665,Ashley
1021411619853888600,Sleeps 10 Guests. 5 Bed/5 baths,503273535,Janny
1022782369723612700,BayBridge View Master Bedroom + Huge Private Bath,56775903,Olga
1022874295745998300,Fancy Suite in Prime SF Location,546099040,Rebecca
1023307553893225300,Private Suite • Garden • Deck • Laundry • GGPark,512362823,Leslie
1023482822910013200,Modern SF Home | Portola | 3B 2BA Kit & LR,541165414,Alyssa
1023953229266849800,Large Sunny Victorian House,11159971,Nina
1024729472325297e3,Ashbury Perch,153667654,Kerry
1024755875429155300,Serene 3 Bedroom House with Garden,532442670,Sarah
1025062887402543100,Renovated Home in San Francisco,411084291,Kenny
1025578352742243700,Sleek and Modern Condo in heart of Hayes Valley,123630611,Kiana
1025619359761604500,SF Panorama,17054038,Stefan
1025723260333415600,1GA-Private Room (share bath) at Marina/Cow Hollow,157999191,Berlin
1027006964772513e3,Spacious 5B 2.5ba House I 4 Free Driveway parking,532120600,Hongmei
1027078742878828e3,The Ritz-Carlton Club for 4 in SF,264780811,ChaoChi
1028196428591753300,Perfectly Located Noe Valley House w/ Epic Garden!,3077270,Matthew
1028631370204541700,Rental unit in San Francisco,514866765,Johnny
1028972895740176500,Private&Clean 2BR/1BA. Close to SFO&Downtown SF,513270246,Ha
1029682901698100700,Amazing 2BR San Francisco Flat.*,9632192,Susan
1032301805679541500,Suites at Fisherman's Wharf:,52178915,Jim
1032318258702989400,Suites at Fisherman's Wharf*,52178915,Jim
1032860602597281800,Stylish escape near Golden Gate Park,548149518,Lorena
1032896549142033300,Friendly Home in San Francisco 3,8859272,Linda
1033587133572122100,SF 2 Bedroom Pokemon Oasis,107082058,Ricky
1033616842452887e3,Spacious 1bd with Bay Window in the Sunny Mission,132151220,Hannah
1034691746344756600,"Blueground | S Beach, nr groceries & restaurants",107434423,
1034866636531508100,1 Bed at the heart of Noe,466290050,Ross
1.0357819610619439e+18,Downtown SF retreat   with outdoor Cinema and BBQ,126354201,Melissa
1035782041900793100,Luxury downtown SF getaway with outdoor cinema,126354756,Camila
1036459736006824600,2 Bed Victorian in Historic NOPA,453961376,Joan
1037048539282150500,2 Bed Noe family home,466290050,Ross
1037055202945766100,Charming apt in Pacific Heights,549017117,Zafer
1037350262563555600,Suites at Fisherman's Wharf_,52178915,Jim
1037357504491632100,Suites at Fisherman's Wharf;,52178915,Jim
1038757066276718600,Easy Parking | 15 Min to Union Square | Stocked Ki,537271078,Haley
1039333998558859500,Modern Flexible 2.5BD/1.5BA Unit!,387801231,Coleman
1039800918426600700,"Mobility accessible, & The Line signature styling",544610857,The LINE San Francisco
1.0398010868628879e+18,"Table for dining/working, coffeemaker & fast WiFi",544610857,The LINE San Francisco
1039801616708689900,"Skyline views, grind coffee machine & local art",544610857,The LINE San Francisco
1039801771130375700,"Deep soaking tub, robes & enviable city views",544610857,The LINE San Francisco
1039801777689850600,Understated chic styling & fully stocked minibar,544610857,The LINE San Francisco
1040099353824783600,Newly remodeled Condo with easy public transport,580125,Anand
1040248789035116200,Warm Room in the heart of Union Square,543732460,Hotel
1040249775082936700,Inn at the Opera> One Bedroom,52178915,Jim
1040826089118035300,Chic 2BR2B in Lansing｜Work-from-Home Ready E#41904,414420881,Eric
1041316640810085800,Spacious and bright top-floor flat,461158794,Matt
1041372632260987e3,Captivating The Mission Gem | Spacious 7BR Home,2060012,Ari
1041491023240067800,3 Bedroom/ 3 Bath on 3rd Floor in Sunny SF.,503273535,Janny
1042051496489658500,Mission Culinary Delight,870172,Michael
1043748646220165900,"Bold, boho hideaway in the heart of the city",543738195,Hotel Zeppelin San Francisco
1044596955594904800,Stylish Room in The Heart Of San Francisco,543737184,Hotel
1045025941803043e3,Stunning views near Union Square,2466460,Tom
1045288493940238300,"Art-laden, creative haven for culture seekers",543737912,Hotel Zetta San Francisco
1045370474144875e3,"Safe,Clean,Calm@Very Central S.F",4304238,Melik
1045528808324038100,"Blueground | Russian Hill, nr park, museum & shops",107434423,
1045533840873378700,"Blueground | S Beach, rooftop & a/c, nr Caltrain",107434423,
1045539789851279500,"Blueground | Potrero Hill, balcony, near breweries",107434423,
1046215817343365400,Modern SF Home | Portola | 3B 2BA Kit & LR,541165414,Alyssa
1046273059100423200,Modern SF Studio | Portola,541165414,Alyssa
1046463386974162400,"Warm, bright & central home",13570444,Angela
1046497772695318500,Spacious Hayes Valley 1BR,9632192,Susan
1047310883070524800,Elegant Union Square Hotel Room,23593310,Meimei
1049755629821837300,Cozy and comfortable apartment with lots of charm,128015639,Jesslyn
1049810000114827300,"Blueground | Presidio Heights, gym, nr beach",107434423,
1049813518261395600,"Blueground | Missions Dolores, nr dining, cafes",107434423,
1050072406446776800,Mid-Century Oasis - Hip Neighborhood - Backyard,38108041,Scott
1050144080504774e3,Spacious Serenity Home Steps from Golden Gate Park,551736555,Hillary
1050805970394768400,Romantic San Francisco Vacation Resort,366941113,Sue
1050839719628104600,NEW Sunny private Mission 1bd,551884910,Najwa
1051525951381502e3,1 Br Private Entry Ensuite Bath,2898604,Rita
1055819131424804900,North Beach CoLiving Room,351395739,Tony
1056583398211988700,San Francisco 1 bedroom condo (Union Square),100238132,Michael
1056588238632763500,San Francisco 1 bedroom condo (Union Square),100238132,Michael
1056673227887581400,Broadmoor Queen Studio 101,502034331,Larkin
1056679264606352400,Broadmoor Studio 347,502034331,Larkin
1057532655635573e3,"3BD 2Bath, Mission Dolores Flat - Best of Location",50493756,Doug
1058347131709243e3,Marina District 2 Bedroom Apt.,553599867,Sherry
1058705305837813100,Artistic Beautiful SF Home near GG Park,1371443,Brandi
1059695099476344800,Urban oasis,2567585,Lauren & Ron
1060366111380012500,Modern Apartment in Heart of SF,170026,Charlene
1061249512676287200,"Private Room in Soma, SF",351395739,Tony
1061619407996958600,San Francisco 1 bedroom condo (Union Square),273383711,Randal
1061870497572651400,Bed In Female Dorm at ITH Hostels SF (Chinatown),329072,James & Friends
1062250979717314800,Elegant 500+ sq ft In-Law Suite-Serene Home Office,229685084,Zhi Yuan
1062316671535452e3,8B-Private Room (share bath) at Marina/Cow Hollow,157999191,Berlin
1062363649069551500,Amazing condo with views,48197264,Phuong
1062682643249146200,Private Studio with Kitchenette & Easy Parking,554772910,Liliana And Naldo
1063207766815831200,Chic Urban Suite in Heart of SF,296330331,Magdy
1.0632532174673841e+18,Summer Stay - heart of the City,54745636,Raul
1063940953813716600,Cute Studio by the Beach/SFSU,78910325,Li
1.0639618400749681e+18,New! Modern Hayes Valley Condo,71975,Oscar
1063964411292350100,"Charming, light filled SF home",4298379,Francisca
1064534445250057200,San Francisco 1 bedroom condo (Union Square),100238132,Michael
1064536310728603500,Peaceful Studio in the Trees,192137752,April
1064538127906574600,San Francisco 1 bedroom condo (Union Square),100238132,Michael
1064745906939981800,Mid-Century Loft in SoMa - Steps to Caltrain!,126644773,Evolve
1064824032202357900,Contemporary 1 BR With Parking,1257432,San Francisco Life
1065120893198137900,"Blueground | Hayes Valley, gym, pool, movies & bbq",107434423,
1065121818030187800,"Blueground | S Beach, pool, gym, tennis & sauna",107434423,
1065122635304746100,"Blueground | S Beach, heated pool, nr at&t park",107434423,
1065123269840614300,"Blueground | S Beach, on-site shops & restaurants",107434423,
1065123938675605800,"Blueground | S Beach, close to SF bay",107434423,
106512455039947e4,"Blueground | South Beach, pool, near stadium",107434423,
1065154640494660600,"Blueground | Hayes Valley, yoga, 1 min to Bart",107434423,
1065452350495509400,Queen bedded room w/ prvt bath,51659350,Julian Wesley
1065883918237044200,"Blueground | Hayes Valley, retail, theater & pool",107434423,
1065884651593853700,"Blueground | Hayes Valley, concierge, nr dining",107434423,
1065911187465187600,Vibrant Artful Home in SF,15679486,Carrie
1066297903257052300,Cozy 3B/2B Cozy home Best view,546717792,Eugene
1066470493734034800,Luxury Penthouse w/ Panoramic Views-Russian Hill,59816360,Riaz
1066723706025138300,Pacific Heights Garden Flat,15534464,J.
1067249933571211e3,"Blueground | SoMa. gym, w/d & concierge, nr bart",107434423,
1067256860425158100,"Blueground | S Beach, deck & gym, nr waterfront",107434423,
1067257599511066500,"Blueground | S Beach, tennis, nr public transport",107434423,
1067259996715732400,"Blueground | S Beach, spa & lounge, nr baseball",107434423,
1067472780343387100,Large Mission 4BR - Walk to Tartine!,8099417,Paul
1067571829148799100,1 BDRM Suite The Heart of Downtown San Francisco#2,381354803,Dorothy
1068190787516916400,Nob Hill Bedroom #3,23719876,Mingjing
1068203566391177600,•:• Marina Star SF •:• 1 BR Private Modern Suite,13900687,Angela
1068392220618227300,"Cozy home near airport ,Stones T",503614009,Myron
1069049385250852900,"Beautiful, cozy @ well furnished",22700332,Mariya
1069260425289766400,Home in SF - walking distance to GG park and beach,33317755,Bair
1069866560062396400,"Wyndham Canterbury, Union Square",97152091,Genesis
1070721646400195700,Special Economy 1 Sunny Furnished Room,21994,Aaron
1070842487324108200,Glorious Room in Victorian Home,469250438,Charles
1071127185310159400,"Lux w King Beds, Sweeping View,  W/D, DW, 24hr Gym",10456230,John
1071130428243160600,Cozy 2BR Midterm Rental Near UCSF   & Stern Grove,550010557,Fujian
1071394251368150500,Room 1 Master Bedroom,557179704,Yueming
1071405485849039900,Room 2,557179704,Yueming
1071424016439355100,Room 3,557179704,Yueming
1071427623712607e3,Sunny Room,557179704,Yueming
1071742391025456800,Best Place to Stay in California! Pets Allowed!,501999514,RoomPicks
1072338977675183400,"Blueground | SoMa, parking & a/c, nr tech co",107434423,
1072434375269976600,San Francisco Home w/ Hot Tub ~ 2 Mi to Downtown!,126644773,Evolve
1072544311288263600,Broadmoor Suite 321,502034331,Larkin
1072634931849507700,2728#1 - Cozy Private Room at the centre of SF!,557489979,Haijie
1073253696491536300,Recent Remodeled Beautiful Unit,557632197,Xiu Xing
1073369487549471900,Awesome Nob Hill Condo,1257432,San Francisco Life
1073427621694139900,Impressive Private Room-Pvt Bath,469250438,Charles
1074346893503771100,[SB]2Br/1Bth Spacious Modern Home,22267913,Henry
1074362061403591300,[SB]Spacious Studio in SF,22267913,Henry
1074629679456140200,Classic Inner Richmond Room,96092167,Michael
1074904710315244400,Cozy private room in San Francisco near CCSF,330881965,Jay
1074979794899070500,Modern and Stylish Miraloma Park House,355809068,Richard
1075005914873993500,Apartment in Duboce Triangle with great city view,558110427,David
1075225199157740500,2BR Flat for Corporate Travelers w/ Parking in SF!,7179228,Jonathan
1075434049147411700,1-Bedroom Hotel Suite - 1 bed,326084746,Suiteness
1075434084775495200,1-Bedroom Hotel Suite - 1 bed,326084746,Suiteness
1075455690093884400,Modern Mission Loft with Rooftop Deck,23777286,James
1075527628694943100,Modern Victorian retreat in downtown SF + Cinema,558250745,Sara Melissa
1075879315489192400,"Blueground | S Beach, roof tennis, nr lightrail",107434423,
1076106174897448300,Great Dtown loc 1 bd sleeps 4,152363421,Mark
1076226942168021500,New Beautiful & Modern Room in an Ideal Location!,6805281,Joon
1076272775020323600,Gorgeous 3br/1ba home near Ocean Beach,304721494,HostWell
1076280250235187200,Peaceful Sunset Home,1759228,Sonja
1076282523247061800,Gorgeous 4br/2ba home near Ocean Beach,304721494,HostWell
1076282585982214300,Cozy 1br/1ba Suite  near Ocean Beach,304721494,HostWell
1076680574457205800,"Blueground | S Beach, heated pool, shops & dining",107434423,
1076801185343116500,Rincon Hill 1 BR w/ Office by Anyplace - 11654,415840703,Anyplace
1076824387002505e3,"Stylishly understated, a block from Union Square",552771660,The Clift Royal Sonesta San Fr
1076824435567752200,"Homey, Euro-style inn 2 blocks from Union Square",545598180,Andrews Hotel
1077061893984011e3,Joyful Private Room-Private Bath,469250438,Charles
1077097201325991600,2728#2 - Lovely Private Room at the Center of SF!,557489979,Haijie
1077103802416808800,2728#4 - Comfy Private Room at the centre of SF!,557489979,Haijie
1077268842858e6,1 BDRM Suite the Heart of Downtown San Francisco#3,381354803,Dorothy
1077652680412720800,Well appointed 1BR/1BA apartment,122063772,Darcy
1077996147312552200,Cozy Large Central Queen Bedroom in SoMa,122922522,Diego
1078312454860177500,Cozy/Safe/View in Bernal Heights,551740930,Piedad Veronica
1078440942412260100,Luxurious and spacious room,81597039,Marie
1078459021707524e3,"Private Room In North Beach, SF",351395739,Tony
1078469700206891800,SF Bright Cozy Room w/Kitchen – Bus to FiDi,226555948,Gino Angelo Timpog
1079720063600922e3,Beautiful room in Hayes Valley.,443153876,Helen
1079901628939129500,New Stylish 3B1B upper unit near beach & GGpark,182770575,Sunny
1079927753844299900,Private Room with Ensuite Bath & Large Patio,339096574,Alekhya
1080417627227473900,"Deluxe king, luxe Frette linens & courtyard views",557076722,Scott
1080417739045373e3,Cityview High Floor Queen with views of the city,557076722,Scott
1080417999456842200,Deluxe Queen with skyline or courtyard views,557076722,Scott
1080418005840968300,Waterfront Facing Queen with Views of Bay Bridge,557076722,Scott
1080418251828504400,Prime corner queen room with Malin + Goetz,557076722,Scott
1080418452250181500,Waterfront king with Soundfreaq system & honor bar,557076722,Scott
1080434861637737100,Accessible king with charcoal and chestnut palette,557076722,Scott
1080434868981403900,"Free continental breakfast, WiFi and ADA size full",557076722,Scott
1080435123065823900,"Full size bed, perfect for solo travelers",557076722,Scott
1080487443810446200,Studio near convention center,37425993,David
1080505839948726800,Rincon Hill 1 BR w/ Office by Anyplace - 11655,415840703,Anyplace
1080510265048636800,Rincon Hill 1 BR w/ Office by Anyplace - 11659,415840703,Anyplace
1080511276637715700,Rincon Hill 1 BR w/ Office by Anyplace - 11656,415840703,Anyplace
1080724560333063300,GGH Warm Bed & Breakfast,490194796,William
1081565725111596200,Cozy 1BR Near UCSF – Ideal for Nurses & Students,550010557,Fujian
1082674665828992800,Modernized Victorian vibe with classic bay windows,557248761,Hotel
1082674665907418e3,Guild & Pepper bath amenities & courtyard views,557248761,Hotel
1082924959723119600,"Serenity by the Park , Your Golden Gate Getaway",200874180,Qiao Shi
1082952997921429800,Silver Wood One Bedroom Suite,442698855,Maria Josefina
1084081305360516e3,Boutique Hotel-Like Condo in The Mission,26683198,Carlos
1084230247961196400,Knockout Private Room-Central,469250438,Charles
1084306627664554e3,An Awesome Large Private Home!,229685084,Zhi Yuan
1084484728746178600,Central Victorian unit,111141,Isabella
1084699943569684700,"Blueground | Hayes Valley, retail, yoga & dining",107434423,
1084730141156860800,"Blueground | Hayes Valley, pool, walk to tech hqs",107434423,
1084730677851683e3,"Blueground | Hayes Valley, theater, nr bars & shop",107434423,
1084993342630163700,"Fully-Furnished Rooms in SoMA, San Francisco",351395739,Tony
1085141960848827300,308A - 1B1B stylishly convenient,560608092,Lijia
10851547521857e5,308B - 2B2B stylishly convenient,560608092,Lijia
1085235596901827700,Cozy Retreat in Hayes Valley - Room 3,97286709,Dao
1085644626518119400,April - Sept - Furnished Room-Ucsf,21994,Aaron
1086384653609070800,Private Room in San Francisco,2215884,Maja
1086984880570926800,Double Queen Room with Tranquil courtyard,557247887,SOMA House Oxford Hotels
1086985160162696800,"Deluxe King Bed, Free WiFi and heated rooftop pool",557247887,SOMA House Oxford Hotels
1087044757214941600,Enjoy skyline views from sister property rooftop,557248438,Garrett
1087183785424192800,Comfy Value Lodging @ Union Sq 3 w.,2676835,Luis Higinio
1087786944436668e3,Apt with parking in sunset,3041425,Milana
1087883439975231e3,Comfy Value Lodgings @ Union Sq 4 w.,2676835,Luis Higinio
1088704082592513800,Golden Gate Oasis: Modern & Cozy,560790028,Christian
1090017705389498900,"Private Suite w/Entry, Living, Kitchen, Bath, Bed",10824278,Saiqa Anne
1090027825528029e3,1 BDR Presidential Condo Wyndham,14269516,Kelly
109013573037165e4,Comfy Value Lodging@ Union Sq 6.,2676835,Luis Higinio
1090272151040455200,One bedroom garden apartment,5424774,Pearl
1090360244567209600,"Blueground | Rincon Hill, pool & Yoga, nr tech hub",107434423,
1090814921878189600,Soma Flat,543180975,Irma
1091666913762381800,New! huge studio Haight-Ashbury,110078968,Ahmed
1092102218756897e3,Bedroom/Bathroom in Pac Heights,46937755,Nicola
1092438528927587600,Cozy Modern Charm in the Heart of Laurel Heights,165225,Izumi
1092603802813375600,The Crown Jewel Suite 1,986510,Eric
1092716111726364800,"Blueground | Hayes Valley, balcony, gym, nr dining",107434423,
1092963913287332100,Private Garden Apartment,324377119,Lauren
1094319843085032400,Renaissance Retreat: Studio ADA King The Donatello,514017852,Jesse
1094401007120818400,San Fran at Filbert with Parking,56874549,Fatima
1094441993651559600,Bernal Heights Gem,1415656,Sanaz
1094496710504632600,Comfy Value Lodging @ Union Sq 3a.,2676835,Luis Higinio
1095132205788585900,Comfy Value Lodging @ Union Sq 4a.,2676835,Luis Higinio
1095250960474616300,2234 - fully set up comfort 3B1B fits 7,562978823,Linda
1095665065645387800,West SOMA Guest Apartment,397360612,Jose
109586818417472e4,Comfy Value Lodging @ Union Sq 3b.,2676835,Luis Higinio
1096494698268168700,California Dreamin San Francisco,33508000,Jamie & Lisa
1097094337212309400,Bungalow Next to Bernal Heights!,563417806,Tatiana
1.0971401310018961e+18,Hayes Valley Victorian Courtyard Room,2513762,Trey
1097302516472687200,Cozy Room & Convenient Location,115436361,Jenny
1097333376050873500,Comfy Value Lodging @ Union Sq 8.,2676835,Luis Higinio
1097972701874436e3,Midway between Golden Gate & Fisherman’s Wharf,563629544,Cow Hollow Inn
1098041176192705e3,"Convenient place S.Market ,Transp.near by, 9C3",9219277,Henry
1098099839314871400,SF Stay in Comfort,33508000,Jamie & Lisa
1098105227725246100,Mid-Century Modern w Roof Deck,13832870,International
1098637743837436200,San Francisco Central City Chic,9518141,Virginia
1099578306656028800,Modern Living apartment,3399200,Vladimir
1100036337861679500,Restored Victorian gem cross from Golden Gate Park,545628703,Stanyan Park Hotel
1100036338126324100,Elegant Victorian style with evening wine,545628703,Stanyan Park Hotel
1100130553693127600,Marriott Vacation Club Resort Pulse San Francisco,336576760,Tim
1100499948604524700,"Beautiful apartment mins to CPMC, USF, UCSF,Kaiser",384479496,Randy Wingman
1100922386173139100,Comfy Value Lodging @ Union Sq1c.,2676835,Luis Higinio
1101122947517302100,Sunny Furnished room/sink UCSF/USF -SFH,21994,Aaron
1101495515525912200,Golden Gate Getaway,43438895,Sara
1101585464609805700,Spacious and charming 1bd apartment on Ocean Beach,2880714,Nicholas Charney
1102159096730536200,Fully Furnished Rooms Central North Beach,351395739,Tony
1102213303929744500,Book-filled Writer’s Alcove in the lobby,562404928,Hotel Emblem San Francisco
1102331205531253900,Mission Studio: Work & Play Cave,192327974,Mang Yin
1102388466014002400,Comfortable Value Lodging @ Union Sq 1d,2676835,Luis Higinio
1102891445409567400,"Queen bed, plus free WiFi for planning your day",558264662,The
1102891463240865800,Welcome perks like waffle robes and flat-screen TV,558264662,The
1103827392818395400,Remodeled Pr Lakeside Suite-Urban Nature Galore,564741947,Nelvin
1104376089654245100,Awesome Safe & Convenient Russian Hill Apartment!,25037624,Avery
1105123788805389300,Charming Historic House with   Roofdeck Views,376574507,Murat
1105174619061055500,Lux Suite/Ocean & Park views,34963239,Landy
1105899295088668700,"Elegant 1BR at The Ritz-Carlton, San Francisco",548434802,Christian Lester
1105908828823516300,"Luxury 2BR Getaway at The Ritz-Carlton, SFO",548434802,Christian Lester
1105918193773109600,"Cozy 3BR Home at The Ritz-Carlton, San Francisco",548434802,Christian Lester
1105979866884152400,Maritime-inspired decor and Pier 39 discounts,545642415,Hotel Zephyr
1105980075182176600,"2 beds, plus s’mores kits, fridge & microwave",545642415,Hotel Zephyr
1107384550871979600,"Quiet Urban Oasis w/ Private Entrance, Backyard",497441396,Hui
1107389591801685200,Luxurious 4BD/2BA Haven in Noe Valley!,450802168,Isabella
1107441178250348900,Cozy house with own bath.near Golden Gate PK 5A2,9219277,Henry
1107519829271170400,Ocean Beach Oasis - 5 min walk to beach!,44551764,Kary
1107532643558075800,Comfy Value Lodging @ Union Sq 1F.,2676835,Luis Higinio
1107542903743221100,Comfy Value Lodging@ Union Sq 8b.,2676835,Luis Higinio
1107662309640575200,"2bd/1ba big FLAT, Lndry, off Lake St!",565984295,Daniel Y S
1107796128282840800,"Blueground | Rincon Hill, movies & pool, nr dining",107434423,
1108091761465812600,"Fabulously eclectic, right in the heart",564338593,Axiom Hotel
1108091761531965700,Century-old gem reimagined for modern travelers,564338593,Axiom Hotel
1109702605063968600,Comfy Value Lodging @Union Sq 1GG.,2676835,Luis Higinio
1110188395413595500,Private Room #14 in Tech Co-living,469712552,Ningxiao
1110278082904116400,NOPA Home with beautiful view,450765852,Ariel
1110353824958650900,Yellow Room · Victorian Home · Mission/Castro/Noe,46107941,Robert
1110849551263993600,Downtown luxury near historic Union Square,564302587,Hotel Nikko
1110849551461815800,"Sleek, classic rooms in heart of SF",564302587,Hotel Nikko
1110849756171153500,Subtle sophistication & sweeping city views,564302587,Hotel Nikko
1110985533701736600,"Bright 2Bd Ocean Views. Near GGP, Lands End, Beach",480008999,Dylan
1110988376733969400,Garden Apartment in Cow Hollow,190781435,Jenna
1111170598812433500,Historic & Charming Victorian Home | Sleeps 11,481336222,Czerelle
1111918518315068300,Cozy Mission Home with Speakeasy,196398,Josh
1112675791440182300,Modern Home with Scenic Views in Mission Dolores,249232,Sanjay
1113054655057737100,Cole Valley Gem,13363753,Brittany
1113074209557007500,Restless City | Cable Cars Tours. Historic Sites,566895267,Stanford Court San Francisco
1113078380114093200,City By The Bay Journey| Museums. Library,566895267,Stanford Court San Francisco
1113081474215600100,Stylish Stay | Cable Cars Tours. Restaurant,566895267,Stanford Court San Francisco
1113082865356233200,Artsy Journey | Museums. Local Art Gallery,566895267,Stanford Court San Francisco
1113087871581096200,Stylish Stay | Museums. Restaurant,566895267,Stanford Court San Francisco
1113126618805564e3,Sunny Cozy Central SF Apartment With a View,150428340,Rand
1113813784114484500,Holiday By the Bay  Marina SF,567386118,Paula
1114681822423881200,Charming Home in Pacific Heights,163339428,Jenny
1114803015673249e3,"Cozy room close S.F state,S.Town",556570328,Linda
1115294708818351900,Spacious 2-bed setup with Bay or Main Post views,566546120,Lodge At The Presidio
1115294708874141300,ADA 2-queen with Presidio or Bay views,566546120,Lodge At The Presidio
1115294999347141100,Restful haven with classic décor & sweet views,566546120,Lodge At The Presidio
1115295005402778900,Multiple windows & large living area,566546120,Lodge At The Presidio
1115295175355644500,ADA suite with king and pull-out sofa (views too!),566546120,Lodge At The Presidio
1115295178231388e3,"Classic wool blanket, desk & lounge chair",566546120,Lodge At The Presidio
1115295350589977700,Light-filled escape with in-room coffee,566546120,Lodge At The Presidio
1115295351591154600,Sleeping/living combo in historic former barracks,566546120,Lodge At The Presidio
1115295543712388600,Stunning Bay and Golden Gate views,566546120,Lodge At The Presidio
1115308140131907800,"Brand-new & Modern Private Flat, Close to Transit",567750942,Jay Jay
1115313827339293200,Quaint and Cute Room near UCSF,137211962,Jing
111557048111739e4,Newly Remodel 1b1b Sunset suite Near Beach GGP,567819932,Dehuan
1115819746880522600,Comfy Value Lodgings @Union Sq 1G1.,2676835,Luis Higinio
1116267962756053900,Dogpatch Digs Guest Suite,1498483,Katherine
1116773805926151300,San Francisco Home ~ 1 Mi to Golden Gate Park!,126644773,Evolve
1116812632361845800,Spot-on location for classic San Fran must-do’s,548734086,King George
1116820035062243800,Historic classic on the Embarcadero waterfront,548735867,Hotel Griffon
1116820822598935400,Cozy residential vibe near the biggies,548744257,Inn At Union
1117815183037731300,"Modern Coastal Simplicity-Walk to Beach, Park",568338509,Jie
1119519275542669e3,Charming one bedroom,694377,Beatrice
1119829271309237400,Spacious House in Center of SF,6911265,Kevin
1120297211167639400,Sunny City View Home With Deck,10695588,Chung Jung
1120373765815660300,1 Bed 1 Bath Flat at M1875,445697747,Tim
1120966016205539e3,Rooms with Private Bathrooms,351395739,Tony
1121053426626307200,Charming & Private One Bedroom Ensuite,6672380,James
1121255414168186400,Parkside Chic: Urban Comfort,569143076,Gary
1121359006172499300,Newly Renovated 3 BR/2BA Victorian House,49677849,Wook
1121731358294301600,Central 1 Bedroom Suite,566522807,Emily
1121792663962484200,Bohemian Oasis: Lower Haight Haven near Alamo Sq,2060012,Ari
1121825200863451300,Historic Victorian in the Yerba Buena neighborhood,558264662,The
1121825337931690100,"Once The Keystone, hosting guests for 100+ years",558264662,The
1122099274643374200,(FREE EV. Charger) Beautiful Home 4 Bd. 2 Ba. SF.,45304862,Edward
1122455281855134200,Well-placed in the picturesque Marina District,563629544,Cow Hollow Inn
1122455354437585200,Near public transit for seeing the sights,563629544,Cow Hollow Inn
1122455427307142100,Laid-back stay in quaint Cow Hollow,563629544,Cow Hollow Inn
1122455469003308400,Easily strollable to dining and shops,563629544,Cow Hollow Inn
1122455531267962200,Covered parking is on the house,563629544,Cow Hollow Inn
1122583601240894600,"Pillowtop bed, luxe robe and rain shower",567953938,Executive Hotel Vintage Court
1123402670568038e3,Reno’d 1908 gem with courtyard & outdoor pool,545779324,Handlery Union Square Hotel
1123404164127010400,Spot-on Union Square location and freebie WiFi,555745245,Hotel Abri
1123443384344671100,3 bed apartment in Noe Valley,345939729,Tom
1123974988019861600,Russian Hill Residence,44378571,Jane
1124869534504407700,Simple setup with in-room mini-fridge & microwave,563575031,Castle
1124869534527301100,All the essentials plus free parking(!),563575031,Castle
1124869676164945700,Frill-free home base close to the biggies ,563575031,Castle
1124871792836247400,"Next to the quiet, scenic Sutro Heights Park",565729915,Seal Rock Inn San Francisco
1126280190990324900,Spa-like ensuite is all yours!,307965,Sian
1126282758455541800,"Where Union Sq, Financial Dist & Chinatown meet",561835924,Hotel Triton
1126282762827671300,Comfy work area with natural light & outdoor patio,561835924,Hotel Triton
1126282914375347100,Living room lobby art tells a story of global trav,561835924,Hotel Triton
1126594001927526e3,Comfortable Value Lodgings @ Union Sq SF 1G.,2676835,Luis Higinio
1127004292751706500,Luxury Studio - Downtown SF,59384912,Chioma
1127180307634019100,Private Garden Apt in the Heart of SF,2555455,Max
1127338448162085600,San Francisco  Chinatown,53885733,Kitty
1127747020848806e3,Comfy Value Lodging @ Union SF 1H.,2676835,Luis Higinio
1128096927840820200,Comfy Value Lodging @ Union Sq 1i,2676835,Luis Higinio
1128232550240997e3,Master Suite + Private Bath + Rooftop Oasis,2060012,Ari
1129984019874568400,New Renovated 2BR in the Mission,3119013,Mark
1130369502804515600,"Deluxe Double, Hotel Nikko in SF Downtown, Pool",501999278,RoomPicks
1130369504534544300,Upscale Cityscape View Suites in the Heart of SF!,501999278,RoomPicks
1130369733670711300,"Deluxe King Bed, Hotel Nikko SF w/ Valet Parking",501999278,RoomPicks
1130369734965797200,Chic Asian-inspired Ambiance in Union Square!,501999278,RoomPicks
1130372834188367e3,"Deluxe Two Queen, Pet-friendly, Hotel Nikko SF",501999278,RoomPicks
1130372841095951500,"Boutique Accommodations near Union Square, Parking",501999278,RoomPicks
1130372843370052e3,Gourmet Stay - Heart of San Francisco | 2 Units,501999278,RoomPicks
1130372868374440700,Gourmet Stay - Heart of San Francisco | 2 Units,501999278,RoomPicks
1130372875355788300,Suite-Style Living - Iconic SF Location | 3 Units,501999278,RoomPicks
1130372884990983700,Chic Room in Union Square w/ City Views | 4 Units,501999278,RoomPicks
1130372885597064700,Stay in Hotel Nikko SF! Deluxe Two Queen | 4 Units,501999278,RoomPicks
1130373127286636800,"Imperial Club Floor Two Queens, Hotel Nikko SF",501999278,RoomPicks
1130373128291951e3,"City Views from Sleek Rooms in Downtown SF, Pool",501999278,RoomPicks
1130373135495330700,Asian-inspired Stay - Union Square SF | 2 Units,501999278,RoomPicks
1130373136421903100,"Imperial Club Floor 2 Queen, Hotel Nikko | 2 Units",501999278,RoomPicks
1130373137833554400,Chic City Views! Stay in San Francisco | 3 Units,501999278,RoomPicks
1130373137975268200,"Hotel Nikko, Imperial Club Floor 2 Queen | 3 Units",501999278,RoomPicks
1130373140579501300,Downtown Hub w/ Indoor Pool & Restaurant | 4 Units,501999278,RoomPicks
1130373142570680600,"Imperial 2 Queen Club Floor, Hotel Nikko | 4 Units",501999278,RoomPicks
1130376478094121300,"Asian-styled Flat, Junior Suite, Hotel Nikko SF",501999278,RoomPicks
1130376501123617700,Experience California-Asian Cuisine - Heart of SF,501999278,RoomPicks
1130380528449366100,"Executive Suite w/ Parlor Area, Hotel Nikko SF",501999278,RoomPicks
1130380537980459100,"Panoramic City Views in Sleek SF Suites, Parking",501999278,RoomPicks
1130381507335846800,SF’s Union Square Hotel with On-site Restaurant,501999278,RoomPicks
1130381517453347e3,"Central Location, Petite One Queen, Hotel Nikko",501999278,RoomPicks
1130381934368458100,"Modern Asian-styled Experience in a SF Hotel, Pool",501999278,RoomPicks
1130381959403512600,"Imperial Floor King Bed, Hotel Nikko, Pvt Access",501999278,RoomPicks
1130604097691664400,Sunny and cozy spacious room,156102468,Nanthana
1130724542234160500,The Crown Jewel Suite 3,986510,Eric
1130865946153742e3,Popular Affordable Swank Hotel @ Union square,2676835,Luis Higinio
1131156806833505500,The Crown Jewel Suite 2,986510,Eric
1131393961109681300,Beautiful 5 bedroom SF house. Close to everything,210210810,Yousef
1131473027888978700,Cozy Hilltop California Bungalow Retreat,46968764,David Adrian
1131578237651491800,Near Union Square | Spacious Suite w/ Living Area,468914943,RoomPicks
1131578471073673300,2 Spacious Penthouse Suite w/ Living Area,468914943,RoomPicks
1131578965856984400,Near Union Square | 3 Family Suite w/ Living Area,468914943,RoomPicks
1131579116687634600,"Harbor View Hotel Beside | Family Stay, 4 Rooms",468914943,RoomPicks
1132393089725540400,Comfy Value Lodging @ Union Sq 1k.,2676835,Luis Higinio
1132714411052392700,Gorgeous Bay View SF Apartment,474761537,Wenseng
1133090559451954300,Modern SF Home | Portola | 2B 2BA Kit & LR,541165414,Alyssa
1133399341737500700,Birds of Paradise,3473613,David
1133404090161914800,2 Story Victorian house in Pacific Heights,863351,Greg
1133553237995521200,"WorldMark San Francisco, 1 BR Hotel",500310358,Fazlul
1133577709033350700,Outer Sunset Private Studio * A/C * W/D * Patio,97159379,HostWell
1133657677090684500,New 2bd near Oracle Park: Bay Waterfront,531690200,Zhanna
1134805197946399e3,490 Ellington Private  BR+Bonus twin Rm + Living,371281355,Pedro
1134824552094135e3,490 Ellington Whipple Entrance-Private Unit,371281355,Pedro
1134874131552002800,"Safe neighborhood, parking, magical views",5503776,Anna
1135082675285619e3,Luxurious Tranquil Retreat near Golden Gate Park,566096157,Qiao Shi
1135124809472163600,1 Bdrm/1 Office for Professionals & UCSF Business,2872169,Maximilian
1135151385010602e3,"Deluxe Queen Room, Private Bathroom,Union Square",101735432,Admiral Hotel
1135663779743435300,San Fran- Studio Condo close to downtown,478633299,Pedro And Jomary
1135869544340985200,"Living Room With 2 BedRoom Suite,Hotel,FreeParking",516764316,Kalpeshkumar
1136357730256596200,Private guest suite @ Noe Valley w/ yard!,27130648,Yangyang
1136949224983859600,Cute and Bright,156102468,Nanthana
1137009636657721900,Private unit- fully furnished 1br/1ba +lr + dr,334812277,Paula
1137286492213515300,Modern Mission Retreat,19930183,Elisha
1137291958406915300,Urban Luxury Comfort Living,21735414,Aaron
1137343964701251800,New! Airy Noe & Mission Retreat!,2318452,Ruoxi
1137360744120066600,1 bedroom loft in San Francisco,403940407,Akshay
1137760989447910700,Cozy Downtown Studio w/Private Patio,365620495,Maribel
1137860297284534300,Cute 3beds- 2bd/1ba free parking,15698216,Brendan
1138534242605848700,1 BR Suite at Wyndham Canterbury,395131057,Trevor
1138654221311862700,Great Hayes Valley Studio (#6),3977854,Michael
1140507234098134400,Queen Room Near The Contemporary Jewish Museum SAN,446820235,LuxurybookingsFZE
1140508302588209800,Standard Queen Room Near Golden Auto Transport SAN,446820235,LuxurybookingsFZE
1140613571597099500,Rooms with Kitchenettes in SOMA,351395739,Tony
1140729237191540200,Suite Luxury | Museums. Restaurant,566895267,Stanford Court San Francisco
1140970263377110800,"2B2B Garden Gem | Firepit, Fast WiFi, BART/Parking",4346095,Liang
1141057989425352800,King Room Near Hyatt Coffee Bar SAN,446820235,LuxurybookingsFZE
1141064235298976800,King Room Near Yerba Buena Gardens SAN,446820235,LuxurybookingsFZE
1141068685583253800,King Room Near Swatch Powell Street SAN,446820235,LuxurybookingsFZE
1141072818405991200,Deluxe King Room Near Geary Wine And Spirits SAN,446820235,LuxurybookingsFZE
1141284626297726600,Building boasts 100-yr-old façade & arched windows,559886181,Hotel
1141437052944897300,Monthly Private Room near downtown2-Shared Bath,6683937,Amit
1141733077012153e3,Deluxe Queen Room Near Federal Office Building SAN,446820235,LuxurybookingsFZE
1141739296180225700,King Room Near Yerba Buena Gardens SAN,446820235,LuxurybookingsFZE
1141744273298188200,King Room Near Yerba Buena Gardens SAN,446820235,LuxurybookingsFZE
1141753394203429600,Queen Room Near Martin Lawrence Galleries SAN,446820235,LuxurybookingsFZE
1141758244074308200,Standard Queen Room Near 840 Powell Association,446820235,LuxurybookingsFZE
1142060904526960900,*Private bedroom in Downtown SF*,545638915,Alice
1142064320690317400,Newly Renovated Bedroom by Beach,23527502,Stefanie
1142066368546563500,Superior King Room Near The Olympic Club SAN,446820235,LuxurybookingsFZE
1142078434062836100,Guest King Room Near Sauce Labs SAN,446820235,LuxurybookingsFZE
1142212758664077400,Roof Top for events by the hour,7873769,Marty
1142343229698432800,"Huge, bright San Francisco flat",4353763,Erica
1142906948901975700,Rooftop Terrace Movie | Game Room,145483373,Tyson
1142958986325196800,Green Room · Victorian Home · Mission/Castro/Noe,46107941,Robert
1143417346062970100,Guest Room Near American Conservatory Theater SAN,446820235,LuxurybookingsFZE
1143417900890034700,King Room Near Academy Of Art University SAN,446820235,LuxurybookingsFZE
1143418442687783e3,Deluxe Queen Room Near Glide Memorial Church SAN,446820235,LuxurybookingsFZE
1143418981002976100,King Room Near Apple Union Square SAN,446820235,LuxurybookingsFZE
1143425281879659800,King Room Near Maritime Garden SAN,446820235,LuxurybookingsFZE
1143694823578395800,Skyline View | Museums. Restaurant,566895267,Stanford Court San Francisco
1143852871915186600,Queen Room Near CenturyLink SAN,446820235,LuxurybookingsFZE
1143857400596372600,Queen Room Near Mason Cable Car Turnaround  SAN,446820235,LuxurybookingsFZE
1143858391937460200,King Room Near Dream Catcher Ventures SAN,446820235,LuxurybookingsFZE
1.1438593903407599e+18,King Room Near Powell Street SAN,446820235,LuxurybookingsFZE
1143915268431414300,King Guest Room Near LinkedIn SAN,446820235,LuxurybookingsFZE
1143916280119840400,King Room Near City College Of San Francisco SAN,446820235,LuxurybookingsFZE
1143917796646354700,Deluxe King Room Near HPM Parking SAN,446820235,LuxurybookingsFZE
1143918419419414100,Deluxe King Room Near Joseph Conrad Mini Park SAN,446820235,LuxurybookingsFZE
1143919288844859100,King Room Near  Sequoia Living SAN,446820235,LuxurybookingsFZE
1143919883290004900,Queen Room Near Dragon Gate Chinatown SF SAN,446820235,LuxurybookingsFZE
1143920492851572200,Standard King Room Near Fisherman Wharf SAN,446820235,LuxurybookingsFZE
1143921311335549200,King Room Near Barry's Marina SAN,446820235,LuxurybookingsFZE
1143921730542855e3,Standard Room Near Huntington Park SAN,446820235,LuxurybookingsFZE
1143922907305673900,King Room Near Academy of Art University SAN,446820235,LuxurybookingsFZE
1143923492109246100,Essential Room Near Surisan SAN,446820235,LuxurybookingsFZE
1143925003632139e3,Deluxe King Room Near China Basin Park SAN,446820235,LuxurybookingsFZE
1143942431974818800,Essential King Room Near Super Mira SAN,446820235,LuxurybookingsFZE
1143952502234626200,King Roon Near Glide Memorial Church SAN,446820235,LuxurybookingsFZE
1144536218756350100,Spacious Property with Ocean View in San Francisco,106408163,Hao Ming
1144748798520861600,Deluxe King Room Near Powell Street SAN,446820235,LuxurybookingsFZE
1144749805875014e3,King Room Near  Children's Creativity Museum SAN,446820235,LuxurybookingsFZE
1144750473109494100,King Room Near In n Out Burger SAN,446820235,LuxurybookingsFZE
1144751132363998500,Superior King Room Near Art Meets Architecture SAN,446820235,LuxurybookingsFZE
1144752344299039500,Deluxe Queen Room Near Shreve Co SAN,446820235,LuxurybookingsFZE
1144753179973491200,Deluxe Queen Room Near CoBattery SAN.,446820235,LuxurybookingsFZE
1144753837706057e3,Queen Room Near Oracle Park SAN,446820235,LuxurybookingsFZE
1144756141928089e3,Deluxe King Room Near NorthPoint Centre SAN,446820235,LuxurybookingsFZE
1144756877566143900,Guest Room Near Tutu School SAN,446820235,LuxurybookingsFZE
1144758948885281500,Deluxe Room Near Wells Fargo Museum SAN,446820235,LuxurybookingsFZE
1144765852257984e3,King Room Near Union Square SAN,446820235,LuxurybookingsFZE
1144767417938873500,Deluxe King Room Near The Curran Theatre SAN,446820235,LuxurybookingsFZE
1144769575690519800,Deluxe King Room Near The Curran Theatre SAN,446820235,LuxurybookingsFZE
1144772917330594e3,King Guest Room Near LinkedIn SAN,446820235,LuxurybookingsFZE
1144775112989409200,Deluxe King Room Near Dragon Gate Chinatown SAN,446820235,LuxurybookingsFZE
1144790561932730600,King Room Near Dragon Gate Chinatown SAN,446820235,LuxurybookingsFZE
1145763412212332800,Room 1 (Nice Spacious Room),489115035,Mei Rong
1145773541596244700,Room 2 (Nice Cozy Room)with private bathroom,489115035,Mei Rong
1145774783742250900,Beautiful 4BR Apartment in NoPa,450765852,Ariel
1145811909675782500,New Designer Home in Duboce Park,574913819,Caroline
1145978648814560300,South Beach Oasis with Bay View!,574953591,Joel
1146242997969717800,1 Bedroom 1 Bath Condo in North Beach!,445697747,Tim
1147099280790110300,Rooms w/ Private Bathrooms - UpMarket,351395739,Tony
1147315966460622600,Modern SF Home | Portola | 2B 2BA Kit & LR,541165414,Alyssa
1147385673223775700,Comfy Value Lodging @Union Sq 1k2.,2676835,Luis Higinio
1147690165389504300,Spacious flat with Pano views & 2 car garage,399251647,Judy
1147838639030449300,"Two  Bedroom, Two Newly Renovated Bathrooms, Deck",304721494,HostWell
1148124773667590400,Art Deco Gem with Amazing Views,34833702,James
1148740113142093600,"Premium Room with 2 Queen Bed, Free Parking, WiFi",575651953,Kalpeshkumar
1149501387870550300,Room 3,489115035,Mei Rong
1150035165322217900,"Spacious 4 Bed 4Bath | Rooftop, Game Room & Garage",145483373,Tyson
1150831944905051600,"Private rm SF, minutes to train",8294705,Eric
1150880693133984400,Studio in the heart of Nob Hill,109550778,Gregory Fong
1151019870735780700,Chill place by GG Park & O beach,187334221,Jenny
1151193070207882100,Startup home/office - 3/4 bedroom entire apartment,2567627,Josephine
1151198354126751700,Beautiful guest suite w/backyard,2567627,Josephine
1151711650677360100,Sunset ocean view hideaway,29994705,Rose
1151804287972378800,Cozy ocean view apartment in north SF,250015344,Leila
1151811976430635900,"New city central fast wifi,superior amenities, gym",96865934,Rita
1151883215641739500,Private Rooms with Amazing Roofdeck Views,376574507,Murat
1152199467489431400,La Playa Bungalow,43913694,Phillip Scott
1152356012288504600,Cozy Home in a Quiet Neighborhood with Parking!,43806,Vic
1.1528684873932881e+18,Fully Furnished Room in SOMA,351395739,Tony
1152923284505503e3,Stylish Edwardian Apartment in Prime Location,10746075,Alexis
1152947859307773e3,Dolores Aviary,500067016,Edgar
1153092004307127600,Modern Suite with Views + Private Deck & Hot Tub!,32340924,Mary Evelyn
1153912144146904800,Lovely home in SF w/ private entrance,24994768,Qing
1154485217275822600,Charming 1924 Condo Russian Hill,11026772,Kathy
1155435406171991600,Hayes Home,3772366,Candan
1156007065133200400,Penthouse Studio in Potrero Hill,24949211,Ed
1156443694955649800,1BR in SF's best neighborhood,38956179,Matt
1156551380854031e3,Restored Victorian Nest in Nopa,792371,Matt
1156562751806299e3,"Bright 2BR SF Home w/ Yard, Near BART & Airport",13651587,Wing See
1156580589731478500,Marina district Private studio,8926166,Mary
1156878517600864800,"Fabulous 2 bed, 2 bath apt.",390745040,Lorraine
1157339056133003500,Spacious 2br Near Ocean & Sutro Heights Park,304721494,HostWell
1157605568875387e3,Stunning 2Br/2Baths in Potrero,2410550,Cecile
1158061505389692700,Prime 2BDR/ NoPa near Downtown & Golden Gate Park,450802168,Isabella
1158063164891809e3,Sunny room near UCSF and GGP,294451422,Fangfang
1158314844668332800,San Fran- Studio Suite - Queen Size Murphy Bed,478633299,Pedro And Jomary
1158728739280775700,Newly added 2 bedrooms/2 baths,373512008,Megan
1158955717318845700,Cozy room with private Bathroom,122922522,Diego
1159143988678330600,Large Charming bedroom #2 /SFSU/UCSF,38755455,Steve
1159487005688049700,Sunlit Sanctuary in Noe Valley,31686965,Merlinda
1159814884576985300,Contemporary 3Beds/2Baths Home,578356900,Joshua
1159954878150524200,Private Room next to Glen Park,10196209,Clément
1160099395793083600,Tech Center SOMA - Private Rooms,351395739,Tony
1160391589560260400,2B Apartment near Caltrain/Ballpark/Miscone,360786022,Jiayi
1160704774802685200,"Blueground | SoMa gym & roofdeck, nr groceries",107434423,
116090018408005e4,4 Bedroom Queen Anne Style Home,13832870,International
1161171031789468700,Urban Loft in SOMA | Parking | In-Unit Laundry,578718806,Cristina
1161177920803965400,"Cozy SF Studio, Prime Location",447669665,Ashley
1161183464308894e3,Cozy and Bright 2Bedroom SF Pad,447669665,Ashley
1161187259638370300,"Private Room, Living Room, and Bath near Bus&BART",2929454,Kendra
1161241962365378800,Swiping GGB view & 2 large decks,694377,Beatrice
1161267476226972400,Pac heights view apartment,694377,Beatrice
1161679417361934600,Great walking location w/ parking. Top floor unit,4326245,Jeff
1161766892232003600,Spacious Family Friendly Home 3bd/3ba,54880877,Katja
1162313708175315700,Compact & efficient with complimentary WiFi,563463197,Club Quarters Hotel Embarcader
1162313714782033e3,Pet-friendly digs with speedy free WiFi,563463197,Club Quarters Hotel Embarcader
1162313932306740500,More spacious setup with mini-fridge & sofa,563463197,Club Quarters Hotel Embarcader
1162313932966951700,Steps from the eats at Ferry Building Marketplace,563463197,Club Quarters Hotel Embarcader
1162314144982976500,"Largest room type, plus mini-kitchenette",563463197,Club Quarters Hotel Embarcader
1162314251876203500,Well-appointed with mobility access features,563463197,Club Quarters Hotel Embarcader
1162363093598910200,Cozy apartment in Inner Richmond,23719876,Mingjing
1162372970731097900,Garden Guest Suite in Westwood Park,11266118,Bernard
1162496080594343700,SoMa Apt- Downtown SF,579098125,Abha
1162623661763140600,Modern SF Skyline View,26139428,Inga
1163134633074176300,Bernal Heights Charm,906727,Elizabeth
1164464871485564700,Large Bedroom in Cole Valley Craftsman Home,383029,Steph
1164664222859657e3,San Francisco Suites Studio I on Nob Hill,579634175,Cynthia
1164709623767260200,"Modern 2BR king+office, Nob Hill by UnionSq/FiDi",644485,Joel
1166262435640927e3,House on the hill,6179457,Lisa
1166608081043227e3,Bernal House w/Yard. 1 Block from Village + Hikes!,23262043,Laura
1166792440980944600,North Beach —City Living,149757206,Emily
1166866075208389400,Cozy apt in great neighborhood,45325570,Aamir
1168904590479556e3,Sunset in the city 3,504908228,Eric
1169094992242859800,Garden Studio in Outer Mission/Cayuga Terrace Home,46806431,Vivian
1169166206774491e3,Cozy 3Br/2Ba-Free Parking,580820376,Heye
1169521127432364300,"Private Studio - Techies, Healthcare Professionals",346580,Ragini
1169713204555557600,Peaceful rm in vibrant district,35869788,Navjoot
1170648805281965800,Luxury guest suite with private bath,26955889,Shuming
1170803076896868400,Stay at City By the Bay | Museums. Library,566895267,Stanford Court San Francisco
1171036750094691600,"Shared Rooms on Market St, SF",351395739,Tony
1172776819196109e3,Roomy 2 BR/1 BA with fabulous city views,304721494,HostWell
1173229288261848600,Brand New Private bedroom with City+Ocean View,574602329,Hao Ming
1173239660602089500,2 Bedroom 2 Bath Condo in Parc Telegraph,445697747,Tim
1173429611304738600,Exquisite 6BR/3BA NOPA home,450802168,Isabella
1173939039281748700,Private space with views!,279717,Angelo
1174165078848829200,Lux Apartment-Pool/Parking/Spa,4435448,Carl R
1174932703986982e3,Private Cozy Garden Oasis Suite w/ Swing Near BART,566085839,Xiuming
1174964040248090400,Spacious Victorian Mission Home,260657931,Daniel
1176305509859774500,Artist's  Historic  Victorian on SF Family   Park,12767826,Susan
1176978019838897400,Little Taylor,39129470,Bradley
1177053528730797800,"Budget SOMA Queen Suite,Free Parking, Near Moscone",516764316,Kalpeshkumar
1177072629573050600,"Queen Suite in SF Heart,2 Beds,Living Room,Parking",516764316,Kalpeshkumar
1177135735451464e3,Comfy Value Lodging @ Union Sq 1M.,2676835,Luis Higinio
1177533120186421800,Convenient Stay | Sightseeing.  Adults Only,581207394,Rolando
1177533898819720400,Downtown Stay | Sightseeing. Adults Only,581207394,Rolando
1177534685691057e3,Downtown Journey | Cable Cars Tours. Adults Only,581207394,Rolando
1178272163113936400,968A - fit 5 ppl w/TV&convenient,583011968,Yu
1178560936790509800,Listy Wisty Airbnb in Soma.,1338515,Pratik
1178643945012198100,Private studio w/ garden access,92627898,Alexander
1178646861306800600,"Central Motel SoMa Room.2 Double Beds,Free Parking",516764316,Kalpeshkumar
1179031341584027e3,Central Studio,91333416,Jan
1179221760303636500,Quesada Homestay-Deluxe Room,577267669,Huahui
1179344013082264600,SOMA Private Rooms - Coliving,351395739,Tony
1179865328041768200,Classic SF Pac Heights 1bd w/ soaring ceilings,80799606,Toni
1179911351149716e3,LIVE IT UP In The Castro! W room W/D * Wlk Scr 98,304721494,HostWell
1180104307775583500,Buena Vista Charmer,418570992,Joseph
1180729727878655200,Comfortable Value Lodgings @ Union Sq SF M2.,2676835,Luis Higinio
1180752985135659800,Beautiful San Francisco Digs,92353387,Carol
1181945625394404400,2BR Historic Gem in Haight-Ashbury,450765852,Ariel
1182555567665366300,2BD/2BA Unit near Golden Gate Park & Free Parking,444353964,Joyce
1182646584388613e3,Newly Built Modern Suite,584472971,Jing Hui
1182700513315888600,Cozy room at convention safe are,375082226,Yu Chang
1182880060041511400,Sunny house in San Francisco (furry friends ok),584549511,Patrick
1183413664824915500,Ensuite Private Room,584693452,Craig
1183461061449984500,Elegant Victorian in Prime SF!,863433,Lisa
1184400137439497500,Comfortable Value Lodgings @ Union Sq SF 8g.,2676835,Luis Higinio
1184854806768183e3,Ocean Beach Escape,13929582,Joyanna Elizabeth
1185175285781555700,Fun Escape | Happy Hour. Game Room. Location.,584260928,Dionie Mae
1185175305405293300,Happy Haven | Gym. Game Room. Good Breakfast.,584260928,Dionie Mae
1185177098737144600,Lively Haven | Gym. Game Room. Pet Friendly.,584260928,Dionie Mae
1185177113264635400,Fun Respite | Happy Hour. Game Room. Pet Friendly.,584260928,Dionie Mae
1185182791230261e3,"Premium King Room, Centrally Motel SF, FreeParking",516764316,Kalpeshkumar
1185718442739303400,San Francisco's Donatello Studio,371942068,Joy
1186006764077333e3,Captivating 2BR - Haight Ashbury,450765852,Ariel
1186280024880800300,In the Heart of Haight Ashbury Room 2,584937585,Ashirvadam
1186287441913155300,Brand New Master Bedroom w/ City&Ocean View,574602329,Hao Ming
1187797318854613e3,1 Bedroom in Historic Nob Hill,585521832,Gregory
1188012315961872400,Victorian house near BART,2929454,Kendra
1188371604518017800,"Blueground | Hayes Valley, pool, spa, gym & a/c",107434423,
1188487165843983e3,Mission Central,7154688,Mia
1188517854218837800,Entire 2 bedroom classic SF home,491246096,Genevieve
1188609599334147300,Mission Dwelling,4284291,Jennifer Elizabeth
1189257657335028200,3-Story Mission Gem with 360 views by Dolores Park,8898672,Kevin
1190397596142359300,Alcove King Near Terrene SAN,446820235,LuxurybookingsFZE
1190508321972482e3,Boston Terrier included.,836116,Elizabeth
1190508692587639300,968B - 1B1B fit  2 ppl at convenient location,583011968,Yu
1190833965281476600,Spacious & Sunny Nopa Home 3/3,317540106,Mk
1190918324449971200,Nice unit w/ private entrance & views near transit,541547533,Hong
1191207655234639600,"Rooms with shared bathrooms, Market St",351395739,Tony
1191329190521363200,Sunny Architect Renovated Victorian cottage,666486491,Carolina
1191439683090852900,Bunk in ensuite 4-bed female dorm,584693452,Craig
1191446630798425600,Private ensuite 4-bed dorm,584693452,Craig
1191452018415529700,Private ensuite ADA room with AC,584693452,Craig
1191457510781720300,Private ensuite room with Balcony and AC,584693452,Craig
1191502030217314300,Modern Elegance: San Francisco Edition,90380986,David
1191558866330776600,"Single Shared Rooms, Market St.",351395739,Tony
1191642330438816e3,Buena Vista Park Studio,303118342,Jesse
1192278055688856800,The best in the bay,499461050,Alexander Joseph
1192287235338298400,Modern Comfort: San Francisco Edition,90380986,David
1192885622225117700,"Shared Rooms with Kitchenettes, 9th St, SOMA, SF",351395739,Tony
1192996248235723300,Private Apartment in the best location in SF!,411850,Yichel
119353736900207e4,Luxurious 5B/3BA home Nob Hill!,450802168,Isabella
1193571013619908400,Comfy Ensuite Room 3 Blocks from Golden Gate Park,585915735,Gang Qin
1193608264251450600,Cozy Room with Bathroom near USF /Golden Gate Park,585915735,Gang Qin
1194306937363594200,Modern 1BR Noe Valley Apt with laundry & backyard,587039040,Seungsu
1194496031331891700,North Beach Furnished Rooms,351395739,Tony
1195692744299968300,Charming 4 bed home in the Mission,4564672,Rocco
119575931452174e4,Mission Victorian w/ Balcony,78546603,Minh
1196513169412675800,Single Rooms on Market St - Shared Bathrooms,351395739,Tony
1196531982608023800,Market St. - Private Rooms with Shared Bathrooms,351395739,Tony
1196748251325509e3,Cityscape Studio in Downtown SF (rooftop views!),6764002,Sukhmeet
1196796292833643500,Large North Beach 1 bed Loft w/ new bath + Kitchen,371281355,Pedro
1197111784319202300,Jr 1 BR w/ parking & a plunge in Design District,1472096,Ashley
1197125868835212300,West SOMA Studio Add on,397360612,Jose
1197243004072316200,Private Light-filled Penthouse,30950409,Nicola
1197268552780807200,English cottage vibes by the beach,106435046,Grant
1197428710633545200,Golden Gate Park|Beach| Bus stop|2B Unit Free WIFI,588683840,Miki
1197479623192649500,R1 Sunny Private Fullsize Rm/Golden Gate Park.,588683840,Miki
1197499424499001e3,R3 Cute Private Queensize Room in Richmond SF,588683840,Miki
1197500154440958500,R2 Hidden Bookshelf Private Rm Golden Gate Park,588683840,Miki
1198243449435192600,Central SF Retreat : Cozy 1BR,382090752,Ebru
1199153299223142400,San Francisco Canterbury 1BR,371942068,Joy
1199233258842681600,Modern Nob Hill studio in charming bldg w/elevator,589376537,Richard
1199319815920526e3,Wyndham at Fisherman's Wharf,371942068,Joy
1199398721148798200,"Studio B: Monthly Savings, Prime Location",520036473,Xin
1200238195898764300,Sunny room in the Mission,4564672,Rocco
1201356682918182100,"Blueground | Hayes Valley, gym, pool & sports",107434423,
1201358744176993500,"Bluegroud  | Hayes Valley, spa, pool, & gym",107434423,
1201734593626062e3,Spacious North Beach apartment,27378744,Raj
1202074366191405600,"Bluegroud  | Hayes Valley, pool, gym, spa, w/d",107434423,
1202828815098264300,Union Square | Tripadvisor Winner. Sip Bar,589196454,Eron Mon
1202829016068467500,Union Square | Tripadvisor Winner. Craft Cocktails,589196454,Eron Mon
1203607973159040300,Economy Double Room w/Shared Bathroom,310731324,Hotel Des Arts
1203969236636271400,Luminous SF Home | Excelsior | 2B 1BA K'ette & LR,541165414,Alyssa
1204434929576038e3,"Affordable A1: Monthly Savings, Near UCSF",520036473,Xin
1204553548022112500,Luxe Sanctuary in San Francisco,371426121,Nataly
1205066647272648400,Cute and spacious room in Japan town!,274581459,Mariya
1205070708724429800,Cozy room in San Francisco!,274581459,Mariya
1205074995087683e3,Cozy SemiStudio in San Francisco,274581459,Mariya
1205865790530327e3,Private Room Near BART-  Monthly Stay,523997837,Daniel
1205914744904722700,Affordable Private Room Near BART- Monthly Stay,523997837,Daniel
1205943382917284900,Convenient Private Room Near BART 4 - Monthly Stay,523997837,Daniel
1206500580638582500,968C - 1B1B fit  3 ppl at convenient location,583011968,Yu
1206601525586537700,Close to Golden Gate Bridge + Free Parking,589196002,Jason
1206601613187430400,Minutes from Fisherman’s Wharf + Free Parking,589196002,Jason
120671467231264e4,Convenient Private Room Near BART 2 - Monthly Stay,523997837,Daniel
1206731097971198700,Modern 4BR/1.5BA House Near BART- Monthly Stay,523997837,Daniel
1206854562199733500,Potrero Hill Penthouse,99058976,Christopher Devin
1206949626065516e3,Newly Refurbished Modern Home Noe Valley,87842252,Will
1207298131092108300,"Stunning views, top location, clean, safe",23752797,Julia
120736618346642e4,Central quiet Victorian Flat.,136627599,David
1207404109634141e3,Family Room w/Shared Bath,76841544,Steve
1207490452759873800,Cozy private room in Mission (3E),375566645,Mark
1208004579331592e3,Private room in Outer Sunset,13321685,Wang
1208037517704232400,The Aerie: Golden Gate Heights,56397147,Beatrice
1208063831940339500,San Francisco Suites Studio II on Nob Hill,579634175,Cynthia
1208247330027683800,House Of Light,405441167,Aristos
1208636257455481300,Room in SF Downtown - 2 Miles from Chase Center,501999278,RoomPicks
1208636359562499800,"Urban Suite, The Marker, French-Inspired Decor",501999278,RoomPicks
1208636566328435200,"Deluxe King Room, The Marker, Pet-friendly",501999278,RoomPicks
1208637246959985700,"Room in Square Union, close to Museums & Arenas",501999278,RoomPicks
1208637461253212200,"Deluxe Queen Room, The Marker, Central Location",501999278,RoomPicks
1208637714010732500,Room w/ Double Beds near Union Square - 1 Mile,501999278,RoomPicks
1208637767962319e3,"Dlx Double Double, The Marker, Near Union Square",501999278,RoomPicks
1208638414182261500,"2 Dlx Double Double, The Marker, Near Union Square",501999278,RoomPicks
1209271584381458e3,2 Rooms w/ Double Beds near Union Square - 1 Mile,501999278,RoomPicks
1209482521035110400,Sleeps 5 SF House Garage Pkg B'kyard Close to Dtwn,506288236,Henry
1209513648323264300,2BR Mission Apt. w/Office & Kitchen near Castro,481196578,Kristie
1209569433988095200,New Construction Home Near Golden Gate Park & UCSF,80148053,Amy
1209591997179296500,2510 - Sunset newly remodel 2B1B fits 4,592373078,Richard
1210551360798279700,"Heart Of DT Walking District, 2Bed 1 Bath,Kitchen",22860305,Matthew
1210825120869031200,"Sunny Room + Bath, Great Views",103737079,Viswa
1211085627276129300,Spectacular Flat with Bay views!,24949211,Ed
1211133616361164300,Stylish Studio Incredible Views at the Hamilton,316202062,Lawrence Kwong-Wung
1211245667174786600,Nob Hill Gem,22860305,Matthew
1211801949000454100,Victorian home in Noe Valley,703953679,Vladislav
1211844890672109600,Russian Hill rehabed one bedroom,4133429,Lacey
1211952261967853800,"Huge, Sunny 2Bed 2Bath in Central Mission Valencia",16672047,Steff
1212354506958728700,Pacific Heights Gorgeous View!,228257645,Svetlana
1212379704815164400,Marriott Vacation Club San Francisco | Hotel Room,480237365,LiveSuites
1212379834211641e3,Marriott Vacation Club San Francisco | Hotel Room,480237365,LiveSuites
1212379956909288400,Marriott Vacation Club San Francisco | Hotel Room,480237365,LiveSuites
1212380067527358200,Marriott Vacation Club San Francisco | Hotel Room,480237365,LiveSuites
1212966418329890600,Casa Pinudo king bed & private bath @ Pac Heightss,35168393,Pedro
1213197063923896300,Steps Away From The Beach Home,593393259,Jun
1213698320514164700,The Donatello Studio,566522807,Emily
1213719140803369200,Inn @ The Opera Hotel Room,566522807,Emily
1213828093151939600,Modern Castro Victorian Stay,123217,Carolyn
1214445913980610600,Stunning 5BR Designer Home - Luxury Living - Views,1832377,Yoav
12145860362869e5,Charming Private Room in SF - Central Location,469712552,Ningxiao
1214599479119019300,Cozy SF Private Room for a Tech Founder,469712552,Ningxiao
1214707272762846200,Modern Unit 10 Min Mission Bay FiDi,593410805,Pedro Paulo
1215146359674321400,The Donatello Studio,566522807,Emily
1215248838676057300,Modern SF 2 bedroom Apartment,144853270,Adarsh
1215250116537269200,Modern Dolores Park Flat,134577004,David
1216083428705095e3,Remodeled studio by The Presidio,166501084,Melissa Ann
1216254524509751300,City-Dweller Oasis Gym + Rooftop,98090855,Trevor
1216684805860646700,The Donatello Studio,566522807,Emily
121670859519428e4,Stunning Views Historic Apartment in North Beach,593769282,Elizabeth
1216724987301240800,Sunny Noe Valley Condo,11341943,Anna
1216806039621373e3,Modern House in Excelsior,594406150,Sara
1217566536741366300,1BR 1BA Exclusive Private Use of 2BR 2 BA home,388728582,Thai
1217759159682986e3,Urban Retreat in Noe Valley,227876,Lyman
1.2178501034161761e+18,Detached Cottage | BayViews | Walk to SF Landmarks,3014352,Grace
1218372224139153e3,Large House Safe+GGP,594839920,Carlos Eduardo
1218374752811026400,fSafe and Spacious Home Near Presidio and GGP,594839920,Carlos Eduardo
1218382438055175200,Glide Tiny Home | GoldenGatePark and Presidio,594839920,Carlos Eduardo
1218382472429892900,Spacious Safe House Near GGP and Presidio,594839920,Carlos Eduardo
1218384870994902500,Roomy Safe Residence Convenient to Presidio + GGP,594839920,Carlos Eduardo
1218385028204372200,Modern Room Rental with near GGP+Presidio,594839920,Carlos Eduardo
1218780498082795800,The Donatello Studio,566522807,Emily
1221214284717566700,One-bedroom Guest Suite in Trendy Mission,19353722,Yana
1221331883080033500,Entire Place + Incredible Views,5831276,Alexander
1221691369346239500,"2 Spacious Units, Pet-friendly Property!",501999514,RoomPicks
1221699908812191700,"Three Spacious Units, Pet-friendly Property!",501999514,RoomPicks
1222061712160785200,Glen Park pied-à-terre,595853361,Karen Lee
1222075967739270400,Comfy Value Lodging @ Union Sq 1N.,2676835,Luis Higinio
1222461524277975600,Private Room at Hive Coliving,595014562,Matthew Suk-Won
1222473199237898200,Private Room at Hive Coliving,595014562,Matthew Suk-Won
1223347334739944400,Pearl 3: Min. 1 mo. | Peaceful | Excellent Transit,520036473,Xin
1223359093117139500,Weekend at a Modern Apartment in SoMa,194151080,Joseph
1223432740581454300,Sunset Edwardian Bed and Breakfast for your Group,22252358,Mike
1223656912312513e3,Union Square Stay | On Site Restaurant & Gym,595807719,Von Christian
1223660304566871e3,Union Square Stay | On Site Restaurant & Bar,595807719,Von Christian
1223661242645029600,At San Francisco's Union Square | Restaurant & Bar,595807719,Von Christian
1223662187008915700,At San Francisco's Union Square | Restaurant & Gym,595807719,Von Christian
1223663772396832300,San Francisco's Union Square Stay | Dining & Gym,595807719,Von Christian
1223664738330024400,San Francisco's Union Square Access | Dining & Gym,595807719,Von Christian
1223877630587856600,Cozy Stay Near Golden Gate & Presidio,594839920,Carlos Eduardo
1224672465093101800,"Brand-new, Cheery & Private Flat w/ Outdoor Patio",567750942,Jay Jay
1224785410494571800,Alamo Square,91333416,Jan
1226376809052320500,Castro/Noe: 2BR | Hot Tub | Views (30+ days only),248546280,Madison
1226947819518718e3,Elegant & Central Nob Hill Retreat,870172,Michael
1227011766566711300,Sunset District,585700656,Melisa
1227024423834312700,Master Bedroom | Sunset,585700656,Melisa
1227653145017879600,Luxary House near China & Ocean Beach,473999663,Yvonne
1227927819390633700,Charming oasis in sunny SF,40164627,Lillian
1228602601338657e3,"Luxury studio, walkout terrace, breathtaking views",25325535,Maria
1228671248433557800,Prime Transit Location: Minutes walk to BART &Muni,573299405,Connie
1228999898263741e3,Beautiful and Nice Room Near Dolores Park,2060012,Ari
1229299257223875300,Modern Two bedroom In-law,516733413,Mone
1230154887514534400,Chic + Central SF Studio,45296800,Meli
1230529278572782600,"Safe, modern & newly renovated – a hidden gem",37623938,Reynaldo
1231863009364574e3,Luxurious 4BR Haven w Parking,6294631,Bethanie
1233336904492631800,Cute apartment in Inner Richmond,23719876,Mingjing
1233392914134056200,Marriott Vacation Club SF | 2BR/2BA Suite,480237365,LiveSuites
1233393645958418e3,Marriott Vacation Club SF | 2BR/2BA Suite,480237365,LiveSuites
1233449632058349800,"Nice 2B2B in SF  near CCSF, BART &FWY",330881965,Jay
1233545303994826800,6 Mint Plaza Furnished Yearly Rental,598809017,David
123357482270907e4,"Premium Room with King Bed, Free Parking, Marina",575651953,Kalpeshkumar
1233677152890241800,Cole Valley Craftsman Bedroom,383029,Steph
1234075407236510200,Oceanview 2 Bedroom/3 Beds/2 Bath & Kitchenette,795382,Anna
1234098395717013200,Nestled Queen Suite | Dog Friendly + Parking,399069771,Heidi
1234116680445648400,Broadmoor Suite 348,502034331,Larkin
1234122322989213200,Broadmoor 2 Room Suite 436,502034331,Larkin
1234136833991870700,Monroe Studio 203,502034331,Larkin
1234140761488372200,Broadmoor Studio 329,502034331,Larkin
1234149457171458600,Broadmoor King Suite 301,502034331,Larkin
1234196114894593800,Lux Studio with Amenities,6446187,Ebru
1234229845405103400,A master BR in convenient clocation near s.mkt 9B1,9219277,Henry
1234514268919519200,"Queen By Street, Kitchen, Dog+ & Parking incl.",399069771,Heidi
1234527847774734600,Modern Retreat Centrally Located in Lower Haight,2060012,Ari
1234558333201389e3,"Modern Queen By Main Thoroughfare, Kitchen, Dog+",399069771,Heidi
1237087276196865800,House of Light In-Law,405441167,Aristos
1237237058796051500,2Bed Noe Valley Flat w/ SF Vista,23487074,Gail
1237726165115370500,Broadmoor Suite 317,502034331,Larkin
1237743269923623200,In The Heart of Haight-Ashbury Room 1,584937585,Ashirvadam
1237819979663727e3,Central North Beach - Furnished Rooms,351395739,Tony
1238505072515744e3,Marriott Vacation Club Pulse Resort San Francisco,545799519,Selda
1238549807445795800,Broadmoor Suite 132,82918280,Larkin
1239255035976032e3,Monroe Suite 428,502034331,Larkin
1240003303684073700,2br Castle on the Hill w/VIEWS,304721494,HostWell
1240619731271267800,"Club Wyndham Canterbury, 1 bdr.",436292933,Natalia
12407465981664e5,Private Updated Victorian in Heart of Inner Sunset,42406815,Emma
1240933518377247200,Fully Furnished Room in North Beach,351395739,Tony
1241522238633829600,Furnished Bedroom w Private Bath,42949105,Wendy
1241530322934718200,In The Heart of Haight   Ashbury Room 3,584937585,Ashirvadam
1242267173219675400,Amazing Panoramic View Penthouse,23783347,David
1242444818980552400,In Heart of Haight Ashbury Room 4,584937585,Ashirvadam
1242761020799519e3,1956 gem with redesign inspired by traveling music,596564227,Phoenix Hotel
1242761020905356e3,Take in the pool scene from your room or join in!,596564227,Phoenix Hotel
1242761110817791200,Deluxe king,596595499,Hotel Del Sol
1242761110934754300,"Pool views, living area & kitchenette",596595499,Hotel Del Sol
1242761200783163e3,In-room turntable & stash of vinyls,596564227,Phoenix Hotel
1242761201170681e3,2nd-floor suite with private balcony,596564227,Phoenix Hotel
1242761247050864600,In-room fireplace and daily wine hour,596564033,Petite Auberge
1242761305153379300,Get your swim on in the heated pool,596595499,Hotel Del Sol
1242761308620809e3,Look for a basket of pool toys under the sink,596595499,Hotel Del Sol
1242761356223224800,Motor-court digs with rock-n-roll past,596564227,Phoenix Hotel
124276136422961e4,Equipped with 2 doubles & accessible features,596564227,Phoenix Hotel
1242761487535657200,"Pool views, plus comfy queen & sleeper sofa",596595499,Hotel Del Sol
1242761490219177700,"425sf room with a queen, 2 twins & walk-in closet",596595499,Hotel Del Sol
1242761504195167200,"King Bed, Provençal vibe in the heart of San Fran",596564033,Petite Auberge
1242761574228885500,Sleeps 4 if you’re all game for sharing,596564227,Phoenix Hotel
1242761615207811600,Tenderloin district icon,596564227,Phoenix Hotel
1242761660914382e3,Deluxe two doubles,596595499,Hotel Del Sol
1242761661863267e3,Sweet poolside room with accessible features,596595499,Hotel Del Sol
1242761741165682400,"Sweet pool views, plus mini-fridge & microwave",596564227,Phoenix Hotel
1242761789431831300,ADA-appointed room with king bed,596564227,Phoenix Hotel
1242761865146585300,"Cozy, inviting nob hill gem",596563985,White Swan Inn
1242761865230061600,Bringing that Brit style to the bay area,596563985,White Swan Inn
1242762074891081200,Cotswolds-meets-carnaby-street vibe,596563985,White Swan Inn
1242791639706473e3,Spacious 1bd w/ views & garden,149277668,Victoire
1242876254665723600,•:• Marina Star SF • 2 BR / 2 BA Modern Flat •:•,13900687,Angela
124299648512884e4,In the Heart of Haight Ashbury Room 5,584937585,Ashirvadam
1243631817443637800,"1910 gem in posh Nob Hill, near galleries & dining",538293459,Cornell Hotel De France
1243631817588921600,Jean d’Arc serves French fare in Baroque space,538293459,Cornell Hotel De France
1243631962623747300,"Warm, inviting design & free breakfast",538293459,Cornell Hotel De France
1243631964701809e3,Private parking & unique décor in every room,538293459,Cornell Hotel De France
1243632117252043800,"Homey, B&B-style vibes throughout",538293459,Cornell Hotel De France
1243632123929467400,European ambiance in Nob Hill,538293459,Cornell Hotel De France
1244789805978897e3,"Blueground | Nob Hill, pet area, roof, nr hospital",107434423,
124499880314514e4,"Sunny, Southern Exposure View Apt near BART",988375,Jennifer
1245052268015241e3,Nice studio by BART + parking,9080666,Sandy
1245491239302025700,Superior King Room Near August Hall SAN,446820235,LuxurybookingsFZE
1245684478259356e3,Stylish 3-BR Condo near Japantown + Garage Parking,372413573,Joe
1245712197690904300,San Francisco Central 2 BR Pres,9518141,Virginia
1245926544672824e3,LUXE Penthouse Condo - 2bed / 2bath Nob Hill,651766253,Brent
1246784652505177900,Stunning Architectural Home!,1867205,Julia
1247310405363408600,Charming armoire as closet – plus daily breakfast,596564033,Petite Auberge
1247371621391851800,April-Sept- Furnished Room - Ucsf,21994,Aaron
1247376986586204400,Special - Large Room(Ucsf/Usf),21994,Aaron
1247740682393606400,West SOMA Home Oasis,397360612,Jose
1247877938515033300,Fully Furnished Room in North Beach - for 1 or 2,351395739,Tony
1247990893360500500,Monroe Studio 405,502034331,Larkin
1248565115087899400,"San Francisco Private Room, SOMA",351395739,Tony
1248873724158658800,Stunning Views ROOMS North Beach,593769282,Elizabeth
1249469660692339500,Monroe Suite 429,502034331,Larkin
1249546685248852500,4BD/2BA Noe Valley Winter special $266 was 366,450802168,Isabella
1250033247368884500,Classy & Chic 1BR Suite @ Canterbury Union Square,77508090,Ryan Derek
1250034450575029800,Monroe Studio 303,502034331,Larkin
1251636014491477e3,Bright & quiet room in the Mission,196455417,Margaret
1252272744744685e3,"Amazing 2bd, 2bath Apt in Charming Bernal Heights!",197998357,Mariana
1252304741650953700,"WorldMark SF,1 BR/2 FULL BA Suite,~2 blocks to JPM",84583753,Hanny
1252359748129915400,Quiet Studio near Glen Park,304721494,HostWell
1252533931097919500,"Worldmark by Wyndham,Studio Unit, ~2 blocks to JPM",84583753,Hanny
1253001380051172e3,Amazing 1BD in Mission Bay with parking,2343138,Alikiah Barclay
1253139748329445600,Sunny oasis in heart of Mission!,115024967,Mark
1253201074858558700,Retreat in San Francisco w/ Private Sauna and Deck,653887710,Nicholas
1253312401848018700,Private Bed & Bathroom near USF / GG Park #3,653908032,Ailan
1253592875350571500,Named among city's best by conde cast traveler,596563985,White Swan Inn
1253655700431756e3,Art-centric stay with views from atop Nob Hill,547584581,The Stanford Court
1253734873475270700,Studio @ HQ in West SoMa,2343138,Alikiah Barclay
1254465370022884900,Golden Gate Park Garden Flat,256666492,Bo
1254640896274585900,1-A Private Room near Freeway & Commercial Area,652657760,Qianqing
1254645409634590700,1-B Private Room near Freeway & Commercial Area,652657760,Qianqing
1254652310065298400,1-C Private Room near Freeway & Commercial Area,652657760,Qianqing
1254654033766139400,1-D Private Room near Freeway & Commercial Area,652657760,Qianqing
1254655775174637800,1-E Private Room w/ Balcony & View Convenient Area,652657760,Qianqing
1254783568728423400,Cozy Room,48647181,Chaitanya
1255184847666449700,Brand New Bedroom w/ Private Bath -City&Ocean View,574602329,Hao Ming
1255326869555449300,Sunnyside 2B1B garage parking guest suite,654369636,Jia
1255332210299320800,Brand New Room w/ Private Bath & Ocean+City View,574602329,Hao Ming
1255433451137688e3,Spacious Private Bedroom near USF / GG Park #1,653908032,Ailan
1255672191297509600,2nd Bedroom + Dedicated Bath,752347,Dana
1256156183185959400,Luxury room at safe convenient,375082226,Yu Chang
1256710601590915e3,Private Bedroom near USF / GG Park #2,653908032,Ailan
1256761607803048200,47 - Private In-Law Unit near BART & Mission St,43450944,Peter Pei Qian
1257352786878589400,Golden Gate Park Stylish Digs,5020218,Kelly
1257382520809901600,Hillside Getaway in Sunny Area,119688061,Brenda Elaine
1257651044309576e3,Cozy Bedroom for Women Only,137211962,Jing
1258053876463356e3,Dolores Penthouse,70954859,Timothy
1258059282536718800,NEW! SOMA 2 Bedroom 2 Bath Loft,71975,Oscar
1258203078407435500,Family owned & operated since 1997,652993442,The Chateau Tivoli Bed Breakfa
1258203078668931600,Peruse the other local ‘painted ladies’,652993442,The Chateau Tivoli Bed Breakfa
1258203222655853e3,Cozy find with just nine lavishly appointed rooms,652993442,The Chateau Tivoli Bed Breakfa
1258203245327208200,Lovingly restored B&B with period details,652993442,The Chateau Tivoli Bed Breakfa
1258203358195378700,Former private home with history galore,652993442,The Chateau Tivoli Bed Breakfa
1258203556469512400,Classic San Fran late 19th-century architecture,652993442,The Chateau Tivoli Bed Breakfa
1258203692409092600,1892 gem in the Alamo Square Historic district,652993442,The Chateau Tivoli Bed Breakfa
1258332927623703800,Excellent apartment (A) / UCSF/SFSU,38755455,Steve
1258930508543121200,San Francisco Suites Studio lV on Nob Hill,579634175,Cynthia
1259501326776213200,Large Sunset Room,325755259,Melisa
1259514380601735700,Luxury top-floor apt. in heart of Marina w/ views!,116314825,Tami
1259524610590433800,Sunset Room in Sunset,325755259,Melisa
1259541753130155300,Master Room in the Sunset,325755259,Melisa
1259596745202404400,Onsite dining & lobby-level lounge,655348071,Hotel Julian
1259596745338764500,Historic Nob Hill location (iconic!),655348071,Hotel Julian
1259596817087073500,Newly reno’d boutique gem,655348071,Hotel Julian
1259596910454986800,Residential area near artisan shops & eats,655348071,Hotel Julian
1260189129196713200,Mission Bay 1 BR w/ Office by Anyplace - 11668,415840703,Anyplace
1261025891652882700,Classic Vintage Home,8699695,Ning
1261971218358940700,Luxury bdr in High-Rise Stunning Views,80831922,Sanaz
1262358086088819200,Charming Newly Remodeled - 2Bed 1Bath w/Parking,15033953,Vincent
1263650637921066500,Room with attached bath by SFSU!,43806,Vic
1263848033113576400,Top Floor Room With a View!,594406150,Sara
1263900397944358e3,Homey Retreat w/ Private Bath by Golden Gate Park,585915735,Gang Qin
1265302382327584500,32N - Amazing 2BD & 2BTH near BART at Centre of SF,95761469,Xinjiang
1265368450983546400,Cozy Sunset Retreat: 4 Bed Hosted Home,531869034,Daryl
1266000944981048300,Mission Jewel Box.,7408108,Paul
1266075723192577500,Spacious room with private bathroom.,197998357,Mariana
1266179409927259600,Club Wyndham Canterbury SF,140802212,Tina
1266711653410997800,Cozy 3BR in Central Noe Valley,8940256,Lara
1266716479541202200,Queen Room Near Napa Valley Winery Exchange SAN,446820235,LuxurybookingsFZE
1266872334604453400,1BD Suite @ 5-Star Hotel: Fairmont Heritage Place,2343138,Alikiah Barclay
1266953521366375200,"Top Floor Unit, Downtown FiDi",13425476,Tony
1267489709047038500,"Beachside SF Home, Ocean Views, Steps to the Surf",11820504,John
1267523366994444e3,Modern Mission Retreat,19930183,Elisha
1267695659050607400,Donatello Union Square,6429436,Janette
1268227305902470100,Oasis in civic center,32368779,Emma
1269148209689668400,"The Donatello, Union Square",6429436,Janette
1269188451841551400,Charming & private guest suite unit #4/ UCSF/SFSU,38755455,Steve
1270823233277750300,Victorian Elegance,4146570,Cathy
1272507675300669e3,Monroe Studio 323,502034331,Larkin
1272523013136971800,Sea Cliff 1-bdrm garden suite with private entry,279536061,Jennifer
1.2725620914228961e+18,"WM/Wyndham,1BR/2BA,Roomy,A+ location,2 Blks to JPM",84583753,Hanny
1272704902269963800,In the Heart of Haight Room 1,304721494,HostWell
1272704998515912200,In the Heart of Haight Room 2,304721494,HostWell
1272705043187480800,In The Heart of Haight Room 3,304721494,HostWell
1272705104627596e3,Heart of The Haight Garden View,304721494,HostWell
1272705166974001200,Twin Room in Heart of Haight,304721494,HostWell
1272748099945427e3,In the Heart of Haight Ashbury 5 Bedroom House,304721494,HostWell
1272772152654910200,Cozy and Quiet Room in a Safe Neighborhood,30427315,Mengyi
1272780774713296400,Club Wyndham Inn at the Opera SF,140802212,Tina
1273215087984114200,Private 2B1B guest suite with parking in SF,654369636,Jia
1273548061071078100,"Sunny Telegraph Hill bay view condo w parking, gym",186363498,Ellen
1274096570485156600,"Premium Room,Queen Bed, Private Bathroom,Free WiFi",101735432,Admiral Hotel
1274164441074922800,Spacious Modern Loft Steps from Moscone Center,658671232,Kalamkas
1274306966419092700,Loft Room w/ Bath in Startup Coliving House,469712552,Ningxiao
1274995509601167600,R4 Golden Gate Park cozy Room in SF Queen+sofabed,588683840,Miki
1275036328005291800,Mr&MrsSin studio,440903240,Gladys
1275581906135836700,Suites at Fisherman's Wharf,140802212,Tina
1275621399060591400,Separate living area & oversized bathroom,591689284,The Marker San Francisco
1275621399213547500,Consistently rated among the city’s top 5 hotels,591689284,The Marker San Francisco
1275621531129740500,Award-winning boutique find on Fisherman’s Wharf,546988664,Argonaut Hotel
1275621657441159e3,Bar-driven restaurant serves rustic Italian fare,591689284,The Marker San Francisco
1275621660546973700,Mobility & hearing accessible features,591689284,The Marker San Francisco
1275621849915765e3,Suite with mobility & hearing accessible features,591689284,The Marker San Francisco
1275621850356684300,Spacious suite in lively neighborhood,591689284,The Marker San Francisco
1275621876171885300,Easy jaunt to the famed cable cars of Union Square,597546450,Touchstone
1275622030673445600,Elegant home base near Union Square shops,591689284,The Marker San Francisco
1275622061719596800,Beaux-arts style just blocks from Union Square,591689284,The Marker San Francisco
1276100159335477500,Classic house near the Golden Gate Park,554880174,Luane
1276131797020407800,Dark Star : Private Studio : Full Kitchen & Bath,6794769,Andrei
1276215550036106800,"Bright, Private Bedroom Downtown",659107791,Kyle
1276245085466985200,Cozy Suite in the Outer Richmond,659114168,Wang
1276455952185618e3,SF Gem with Garage & Sunroom,195421716,Dexter
1276919955723243800,Charming SF Room with skylight,19314193,Vishal
1277079114373798e3,Large Primary Bedroom in SoMa SF,95220303,Jose
1278238540488694300,Cozy 2 Bed 2 Bath near Market St/Van Ness,350864458,Daniel
1278528998323993600,Pac Heights Mansion w/ Grand Golden Gate Views,31763323,Garrett
1279058024868438300,"Private, Central Location Downtown SF",659107791,Kyle
12796482494805e5,Noe Valley Flat – Steps from 24th St + Town Square,35435143,Jane
1279794630002103800,Mission Remodeled Flat w/ King Bed,593410805,Pedro Paulo
1280245623311549400,Cozy Private Room Lower Haight,6093410,Thomas
1280456449670856e3,Urban San Francisco Retreat: Stunning City Views!,126644773,Evolve
1280572085467946500,Blueground | Rincon Hill 1bd apartment,107434423,
1280751195943116300,Baybridge View Suite,224106606,Dongmin
1280825170327493600,Beautiful Nob Hill Studio Apt,7085135,Shai
1281439995434391800,Noe Valley Charm - Full Home,1682232,Matthew
1282187101675044e3,Dreamy Minimalist 1BR Cottage in Eureka Valley,660019392,Chad
1282187652395611e3,Charming & Stylish Home in the Heart of Noe Valley,660019392,Chad
1282192965931189500,Vibrant & Cozy Studio in Central Noe Valley,660019392,Chad
1282342592804712400,Soma bedroom with private bath,303118342,Jesse
1282761221921191700,Luxury penthouse in city center,24383620,Michelle
1282813795634245600,Cozy Marina Studio w/ Murphy Bed & Garden Oasis,304721494,HostWell
1282969228434950400,"The Ritz-Carlton Club, San Francisco 1-Bedroom",480237365,LiveSuites
1282969725085693700,"The Ritz-Carlton Club, San Francisco 1-Bedroom",480237365,LiveSuites
1282970014351952400,"The Ritz-Carlton Club, San Francisco 1-Bedroom",480237365,LiveSuites
1282970307917199e3,"The Ritz-Carlton Club, San Francisco 1-Bedroom",480237365,LiveSuites
1282975427399957800,"The Ritz-Carlton Club®, San Francisco  2-Bedroom",480237365,LiveSuites
1282975736486616600,"The Ritz-Carlton Club®, San Francisco  2-Bedroom",480237365,LiveSuites
1282976057800330200,"The Ritz-Carlton Club®, San Francisco  2-Bedroom",480237365,LiveSuites
1282976378932675800,"The Ritz-Carlton Club®, San Francisco  2-Bedroom",480237365,LiveSuites
1282976697990573e3,"The Ritz-Carlton Club®, San Francisco 3 Bedroom",480237365,LiveSuites
1282977013945210600,"The Ritz-Carlton Club®, San Francisco 3 Bedroom",480237365,LiveSuites
1282977332719872500,"The Ritz-Carlton Club®, San Francisco 3 Bedroom",480237365,LiveSuites
1282977655672053200,"The Ritz-Carlton Club®, San Francisco 3 Bedroom",480237365,LiveSuites
1282983270445277700,"The Ritz-Carlton Club, San Francisco 1-Bedroom",442029804,Live Suite
1282983604012694300,"The Ritz-Carlton Club, San Francisco 1-Bedroom",442029804,Live Suite
1282983941533928e3,"The Ritz-Carlton Club, San Francisco 1-Bedroom",442029804,Live Suite
1282984274598187e3,"The Ritz-Carlton Club, San Francisco 1-Bedroom",442029804,Live Suite
1282984618715059e3,"The Ritz-Carlton Club®, San Francisco  2-Bedroom",442029804,Live Suite
1282984969255489300,"The Ritz-Carlton Club®, San Francisco  2-Bedroom",442029804,Live Suite
1282985336268945400,"The Ritz-Carlton Club®, San Francisco  2-Bedroom",442029804,Live Suite
1282985683423801300,"The Ritz-Carlton Club®, San Francisco  2-Bedroom",442029804,Live Suite
1282986037396587500,"The Ritz-Carlton Club®, San Francisco 3 Bedroom",442029804,Live Suite
1282986385225055700,"The Ritz-Carlton Club®, San Francisco 3 Bedroom",442029804,Live Suite
1282986741426763500,"The Ritz-Carlton Club®, San Francisco 3 Bedroom",442029804,Live Suite
1282987096985163500,"The Ritz-Carlton Club®, San Francisco 3 Bedroom",442029804,Live Suite
1282992761750932500,"The Ritz-Carlton Club®, San Francisco 3 Bedroom",482174715,Suite Life
1282993075044018e3,"The Ritz-Carlton Club®, San Francisco 3 Bedroom",482174715,Suite Life
1282993400493228e3,"The Ritz-Carlton Club®, San Francisco 3 Bedroom",482174715,Suite Life
1282993727173387e3,"The Ritz-Carlton Club®, San Francisco 3 Bedroom",482174715,Suite Life
1282994056754558500,"The Ritz-Carlton Club®, San Francisco  2-Bedroom",482174715,Suite Life
1282994375014151400,"The Ritz-Carlton Club®, San Francisco  2-Bedroom",482174715,Suite Life
1282994748538113800,"The Ritz-Carlton Club®, San Francisco  2-Bedroom",482174715,Suite Life
1282995063577266400,"The Ritz-Carlton Club®, San Francisco  2-Bedroom",482174715,Suite Life
1282995374763281e3,"The Ritz-Carlton Club, San Francisco 1-Bedroom",482174715,Suite Life
1282995664873644500,"The Ritz-Carlton Club, San Francisco 1-Bedroom",482174715,Suite Life
1282995954217320400,"The Ritz-Carlton Club, San Francisco 1-Bedroom",482174715,Suite Life
1282996243856375e3,"The Ritz-Carlton Club, San Francisco 1-Bedroom",482174715,Suite Life
1283436568289572600,NEW! Studio unit in historic SF home!,71975,Oscar
1.2834516824446241e+18,North Beach Fully Furnished Room,351395739,Tony
1283713465734338600,Marriott Vacation Club SF | 2BR/2BA Suite,442029804,Live Suite
1283715338085102e3,Marriott Vacation Club SF | 2BR/2BA Suite,442029804,Live Suite
1283715769811318800,Marriott Vacation Club SF | 2BR/2BA Suite,442029804,Live Suite
1283716182024542e3,Marriott Vacation Club SF | 2BR/2BA Suite,442029804,Live Suite
1283716603055070500,Marriott Vacation Club San Francisco | Hotel Room,442029804,Live Suite
1283717029101286e3,Marriott Vacation Club San Francisco | Hotel Room,442029804,Live Suite
1283717455209210600,Marriott Vacation Club San Francisco | Hotel Room,442029804,Live Suite
1283717869615978500,Marriott Vacation Club San Francisco | Hotel Room,442029804,Live Suite
1283739351749365200,Marriott Vacation Club SF | 2BR/2BA Suite,480237365,LiveSuites
1283739754846986e3,Marriott Vacation Club SF | 2BR/2BA Suite,480237365,LiveSuites
1284328227668811500,Charming Edwardian Room Near Presidio & GG Park,7181838,Nahal
1284542392539697400,Cozy-Chic Mission Bay Apt | Walk to Oracle + Chase,55852798,Nga
1284761632186059800,San Francisco Suites Studio lll on Nob Hill,579634175,Cynthia
1285111651521927200,Edwardian Flat Near Clement St & Presidio Trails,71975,Oscar
1285210735600699e3,Charming SF 1BR Apartment (min. 30 nights),1680848,Emilie
1285868196265074200,Gorgeous Cow Hollow Home in Phenomenal Location,119056645,Kylie
1286092437845953800,Stylish 2BR near Alamo Square w/ patio,365002350,Megan
1286240621063220700,Pac Heights Steps To Fillmore ST,151399600,Pamela
1286561915548225500,Ingleside apparment,650468960,John
1287907353467427600,"Gorgeous, Sunny 4 Person Suite",119056645,Kylie
1287951052468274e3,Luxurious Pacific Height Retreat with Rooftop Deck,652010573,Gang
1288822204043155700,"Modern, Stylish, Central loft style Condo",36095579,Sravya
1289935499480405800,Spectacular SF views just blocks from Embarcadero!,62519224,Lauren
1290081531967360800,Modern 2BR Sanctuary Near Nob Hill & Union Square,77508090,Ryan Derek
1290115697048170200,Bright Room w/View & Private Bath in a Startup Hub,469712552,Ningxiao
1290196984687611100,SF Skyline Private Balcony View in Luxury 1 bd/1ba,70433060,Daniel
1290756899090542e3,Plush 1-BR in Mission Bay: 10 min walk from Chase,2343138,Alikiah Barclay
1291492362648458800,"Modern Coastal 2BR Close to Surf, SF Zoo & GG Park",115109717,Heng
1291525471688932400,Modern Luxury Bldg Jr. 1 Bdrm in SF Nr. Union Sq,118572305,Hoai
1291938716021158e3,Clever Tiny Loft Bed-PrivateBath,662542808,Lawrence
1292109580475922200,Live near Ferrry building - SF,67737076,Vikram
1292759642519821800,Dashing Private Room-PrivateBath,662542808,Lawrence
1293103377538821400,Entire 3br/2b Apt. w/Office in Mission near Castro,481196578,Kristie
1293178708226898700,Hayes Valley Retreat,21415056,Morgan
1293597212625753600,"Kid-friendly Bernal Heights flat: sunny yard, w/d",663015102,Clelia
1294253098015589400,Cozy Private room/bathroom,43806,Vic
1294466040635394300,Brand new remodeled guest suite!,9565611,Maksim
1294604917901122300,"NEW!  Bright, Spacious  Cow Hollow Suite!",2146719,Nikki
1294919895569624300,Contemporary Flair Castro Noe,491996376,Patricia
1.2950294342762081e+18,Inn at the Opera cozy boutique,86206665,Preston
1295653277056940800,Cozy Escape! Steps from Ferry and Aquarium Bay,468914943,RoomPicks
1295653283406875e3,2 Inviting Rooms w/ Natural Light Near Alcatraz,468914943,RoomPicks
1295653288062247200,"3 Hip & Cozy Rooms near Fort Mason, Alcatraz",468914943,RoomPicks
1295866784560918800,Cozy Flat w/ Full Bath in Mission District,593410805,Pedro Paulo
1296451964998207e3,Home Field Hideaway,65730437,Lia
1296810800492719600,Inner Richmond by GoldenGatePark,7577333,Hyun
1297065886040758800,San Francisco Marriott Resort,219062858,Shawn
1297278311009270300,Private Guest Suite By Dolores,11517183,Kenta
1298103310080470800,Luxury Art Deco 1BD/1BA Stay with Zen Garden,33678109,Shivani
1298513176981151700,Romantic Retreat in Mission Bay,209530552,Carl
1298747740129383200,cozy apartment / the mission SF,443766326,Pedro
1298837089229501700,Private garden suite in SF,5970340,Chris
129900461932631e4,Comfortable 3Br 2.5ba Unit in SF,532120600,Hongmei
1299319527070481e3,New Jr. one bedroom Haight Ashbury W&D Top Floor,110078968,Ahmed
1300735912600058600,1 BD apartment in heart of SF,26343107,Aman
1300803854438365e3,Cozy studio in San Francisco,495297810,Ebenezer
1300991955659029200,The Oasis 4BR 3BA Near UCSF,330231,Richard
1301073677084046300,"Stay at the ""Small Hotel""",597546450,Touchstone
1301105898935799800,2 Bed 1 Bath Guest Suite in SF,664648735,Kellan
1301234948874689500,Charming & spacious 4B 2.5ba Driveway parking spot,532120600,Hongmei
1302476700948020500,"Charming Bernal Heights flat: sunny backyard, w/d",663015102,Clelia
1302788450609404200,"Blueground | Mission Bay, pool & w/d, nr museum",107434423,
1302824417357723400,Blissful PrivateRoom-PrivateBath,662542808,Lawrence
1303341594023070500,Home Away From Home 1 Bedroom,150732464,Salman
1303453369843544600,The Mission Gem: Stunning 7BR Spacious Home,2060012,Ari
1303685505068081700,Luxury Apartment in downtown SF!,59384912,Chioma
1303961541918091800,Charming Victorian w/ King Bed by Golden Gate Park,548149518,Lorena
1304524699237163800,"1st Flr, Quiet w/Desk. W/D. Shrd Ba in 4bd/2ba RM2",562582584,Dani
1305111368863437600,The Donatello Studio,240078487,Steven
1305115465062578400,The Donatello Studio,240078487,Steven
1305117835745382700,The Donatello Studio,240078487,Steven
1305119314752676400,The Donatello Studio,240078487,Steven
1305120874969374500,The Donatello Studio,240078487,Steven
1305148259945059300,The Donatello Studio,240078487,Steven
1305149757643261700,The Donatello Studio,240078487,Steven
1305151124636512e3,The Donatello Studio,240078487,Steven
1305152506186697e3,The Donatello Studio,240078487,Steven
1305153738551036400,The Donatello Studio,240078487,Steven
1305169029217596400,Canterbury 2 Bedroom,240078487,Steven
1305226214236013600,Urban Garden Abode,197574853,Catherine
1305307537251272700,1 Bed Female Dorm w/Private Bath,76841544,Steve
1305593878261577e3,Enjoy a Golden Gate view in your 3BD Nob Hill home,666201291,Dustin
1305809020268008400,Canterbury 2 Bedroom,240078487,Steven
1305863263384036600,Donatello Studio,444732174,Sheryl
1305869643027038500,"Worldmark/Wyndham 1BR/2BA Suite, ~2 Blcks to JPM",84583753,Hanny
1305907567922651e3,"WM/Wyndham Spacious 1BR/2BA Suite,~2 Blocks to JPM",84583753,Hanny
1306210629055723e3,Cozy Private Room Newly Renovated near SF Transpo,662393316,Kingston
1307431766461787400,Luxury Penthouse Retreat with Panoramic Bay Views,421577032,Jason
1307446690805233200,Modern/Sleek SF 1 bed + Den/1ba_Avail Dec 1-Mar 31,47660292,Gary
1308180336946711600,Worldmark San Francisco,39094349,Robert
1308753158573093e3,Mid-Century Home 3bd 1ba in SF,9080784,Iliyana
130906496611891e4,Dorm Juan-Budget Room (not shared),577267669,Huahui
1309177104836941e3,Judy’s Room,79932525,Salim
1309483666690751200,Noe Valley Home,42922912,Anna
1309493201482701e3,North Beach Furnished Room,351395739,Tony
1309594218887751e3,Elegant Large Room-Best Location,662542808,Lawrence
1309796576924806400,San Francisco’s Lux Penthouse,403143608,Pavel
1310508752437118500,Cozy Room near Golden Gate Park,588683840,Miki
1310728998793870600,Stunning SF Top Floor Condo with Bay Views,666167274,Tyler
1310830934558788600,"Blueground | Mission Bay, pool & w/d, nr museum",107434423,
1310920995125416200,Inn at the Opera Hotel Room,240078487,Steven
1310923623989839600,Inn at the Opera Hotel Room,240078487,Steven
1310925386609083e3,Inn at the Opera Hotel Room,240078487,Steven
1311081873512790300,Luxe and clean apartment close to Chase Center,2343138,Alikiah Barclay
1311621447238501600,Marriott At San Francisco - Studio,475698686,Forrest
1311838279488251400,Cozy Studio | 5 min walk to BART,588683840,Miki
1313090398530812200,Oceanview Penthouse,667290978,Yin Kwan
1313101776279851800,The Donatello Studio,111817270,Ahmet
1313105024540460800,The Donatello Studio,111817270,Ahmet
1313106796517819600,The Donatello Studio,111817270,Ahmet
1313108325692073200,The Donatello Studio,111817270,Ahmet
1313118728935105800,Inn at the Opera Hotel Room,111817270,Ahmet
1313121653025174300,Inn at the Opera Hotel Room,111817270,Ahmet
1313123167034583e3,Inn at the Opera Hotel Room,111817270,Ahmet
1313124593784617500,Inn at the Opera Hotel Room,111817270,Ahmet
1313126177599937500,Canterbury 2 Bedroom,111817270,Ahmet
1313128609866122500,Canterbury 2 Bedroom,111817270,Ahmet
1314034640566522400,Elegance in Nob Hill 2BR w/ ROOF DECK VIEWS,667519392,Gregory
1314629290924696e3,New Excelsior Private 2Bedroom in law with Kitchen,47037897,Brian Bu
1314771540958634800,Home with a Grand View,667683515,Kenan
1315065797504421600,"Well-placed near Union Square, Chinatown & more",567953938,Executive Hotel Vintage Court
1315066159817634800,SanFran style meets wine country charm,567953938,Executive Hotel Vintage Court
1315209871379804200,"WM/Wyndham, Studio,TF,A+ Location ~2 Blocks to JPM",84583753,Hanny
1315216770800243500,"Worldmark by Wyndham Studio, ~2 Blocks to JPM",84583753,Hanny
1315332570856652500,"2BR, Central SF home w Patio",542828,Jim
1315434388689097500,Broadmoor 2 Room Suite 309,502034331,Larkin
1315536797171336200,Marriott Vacation Club San Francisco | Hotel Room,480237365,LiveSuites
1315959778241004500,"Three Bedroom, Central SF, Golden Gate Park/Muni",11820504,John
1316115324380662800,Cozy Private Room in Lower Haight Modern Home,2060012,Ari
1318219717490371300,3 Mi to Union Square: Apt Near Presidio Park,126644773,Evolve
1318447773458856200,SoMa | Bay Bridge View l 1 Bed,22600491,Moiz
1318543556569247700,-SF Unique views 3 Bedrooms 3 baths  house-,545281844,Cham Chee
1318921915665757200,Classy 1BD Deluxe at the Opera,434236194,Serenity
1319065633802716700,Cozy/sunny Bedroom w/own en-suite bath near train,52817098,Rannie
1319218832090388500,360 VIEW loft w/ Private rooftop by Chase Center,31832125,Danni
1320393701519924500,"Prime location, Bright and Airy 4Br/3.5 bath home",6118716,Vyjayanthi
1320429844617987600,Luxurious modern 5 bed/4.5 bath home near Presidio,6118716,Vyjayanthi
1320444569602274800,"Great location, Garden 1 Bed Ensuite w kitchenette",6118716,Vyjayanthi
1320455467400004600,San Francisco Charm,158281507,Christine
1322254947140627e3,Studio w Private Bathroom | Best for Traveller,588683840,Miki
1322535508432736500,Private Bathroom -  modern style,669489459,Joyce
1324677943447049700,Comfort & Cozy ROOM only,58382427,Shaelene
1324846749258967300,Mastersuite Room near Downtown,670095544,Niels
1325490933432637e3,Beach Bungalow,15438950,Brian
1325674836873145600,Petite 2 BR 2BA private getaway no clean fee!,2683422,Josh
1326025119129619700,"Blueground | Mission Dolores, spa & AC, nr park",107434423,
1326137475451095300,San Francisco Ritz Carlton Club,37066250,Holly
1326342308525322500,Coastal Craftsman Home,43273550,Haley
1326610093709483e3,Cozy room in the heart of SF,484654289,Hunter
1326786401208130300,Ensuite room near Downtown,670095544,Niels
1326842277341898e3,One Bedroom Nob Hill Apartment.,71988292,Serkan
1327650034059823600,Modern & Stylish Room in vibrant Mission,54105780,Ankur
1327650492112331e3,"Spacious Guest House, Noe Valley",7488282,Sona
1327851533785182700,2br/1bth Sunny Apt Near GG Park,7089131,Daniel Elias
1328408588086714600,Loft Apt in SOMA area fully furnished,594869714,Gabriela
1328631898244105500,Soma Stay Perfect Location– ¡Book Now!,216643368,Shurouq
1329528655287604e3,"Blueground | Rincon Hill, pool, w/d nr Embarcadero",107434423,
1329529598004969500,"Blueground | Rincon Hill, pool & EV, near Ferry",107434423,
1330496208561151200,North Beach Furnished Room for up to 2,351395739,Tony
1330591511675401700,Room in a quiet area in SF!,43806,Vic
1330730030795958500,Birds of Paradise - Garden View,3473613,David
1331187854632821800,Nice 1bd in San Francisco,375678301,Serenity
1331251049700103200,North Beach Furnished Rooms,351395739,Tony
1331280272924642600,Charming 2BR,438257304,Minnie And Paul
1331998404970387200,Beautiful Victorian Home in Noe Valley (30+ days),703953679,Vladislav
1332107432067730400,Top Floor Luxurious Condo in San Francisco,24977622,Patrick
1332171014219991800,Spectacular Modern Victorian Home with City Views,572808,Kadri
1332676577173062e3,"Water View 1B/1B, Steps from YC",672512227,Zhenrong
1332746439814682400,LUX-A designer's dream w/parking,71975,Oscar
1333727687091362600,Cozy Large Central Queen Bedroom in SoMa,122922522,Diego
1333997610128184300,"Blueground | Rincon Hill, EV chrg, nr Embarcadero",107434423,
1333998571400342e3,"Blueground | Rincon Hill, pool & EV, nr Salesforce",107434423,
1334056686573876500,Condo in San Francisco,369425665,Andres
1334145222499554600,Hayes Valley 1 Bed w/Concierge/Rooftop deck,1257432,San Francisco Life
1334196351753655800,Elegant Pac Heights Studio with Iconic Views,387801231,Coleman
1334198601292573e3,1 Bedroom Apt 15 min to downtown,672996368,Gregory
1334960032167299300,Luxurious 4BR/3BA home in NOPA,450802168,Isabella
1335078647393007400,"Mins to N-line, GGP, UCSF",45087598,Qiyao
1336402446903062800,SF Private Room & Bath w/Street Parking near BART,239442090,Xinping
1336476236782552600,Beautiful Nob Hill 1BR w/ ROOF DECK VIEWs,667519392,Gregory
1336492842547868400,2 Bdr Modern & Bright Loft w/Pkg,3511847,Carly
1337153211523812600,C. Market Studio Balcony Fitness,347737196,Amy
1337230368330414300,Cozy 1 Bedroom Flat in Potrero,9016688,Jacques
1337454364444399400,"Gorgeous Flat, Own Bed and Bath",359813,Annette
1338029761390382600,Charming 2-Bedroom Oasis,149290959,Jimmy
1338032935877914400,"Studio w/kitchenette, Downtown San Francisco",212078276,Maria
1338121505708036400,Studio in Heart of Union Plaza,52178915,Jim
1338735006067527400,Charming top-floor suite,418509031,Andy
1338744734909653e3,Marriott Vacation Club San Francisco | Hotel Room,480237365,LiveSuites
133913554325894e4,"Blueground | Rincon Hill, pool & EV, nr Ferry",107434423,
1339230116719508700,Urban Island House with Jacuzzi,55460752,Michael
1339244507687164700,Super Bowl Stay! Urban Views & Modern w/2 Queen,295488642,Randell
1339450201663476700,Colorful and Stylish Home near Chase Center,3928438,Sarah
1340695221439744800,Central & Bright Loft Townhouse,2310061,Hanna
1340816761690533400,Studio with deck,3509116,Monty
1340962519511272700,Hayes Valley Sunny 3 Bedroom,674872898,Geneva Nkechi
1341275595146387500,"Blueground | South Beach, pool, w/d nr Oracle Park",107434423,
1341276107853166600,"Blueground | South Beach, pool, w/d nr Oracle Park",107434423,
1341368618495297e3,"Rooms w/ Kitchenettes, SOMA, SF",351395739,Tony
1341441985703047e3,Renovated 2bd2ba 1900sqft in Pacific Heights,674985737,Alexander
1341613438810286300,Sunny Hayes 3 Bed w/Parking!,674872898,Geneva Nkechi
1341622720325473800,Beautiful Home in Chinatown/North Beach,94724739,Ernest
1341638538751656400,Sunny Hayes studio w/ backyard,674872898,Geneva Nkechi
1343112785372087300,North Beach Room - Quiet Private Room,351395739,Tony
1343510987213513700,Private Room in North Beach SF - Scenic Views,351395739,Tony
1343549997789798e3,"Fireplace, Patio, Garage, Gym, Pool -Nob Hill",237177528,Shawna Rene
1343564056464416300,Luxury & Chic unit - heart of SF,59384912,Chioma
1343586369008507100,"Room with Kitchenette, SOMA SF",351395739,Tony
1343597141487252200,Designer's Loft in SoMA,5237747,Mun May
1343756668360498e3,Prime Pacific Heights Location,5402593,Amy
1343781390232300300,Design Victorian 3BR/Patio Downtown; Private&Quiet,1923745,Xenia
1343879549705341e3,San Francisco Retreat - Steps to Golden Gate Park,671809594,Tim
1344276415518457e3,Cozy Bedroom w/ All Essentials+Easy Commute in SF,585967888,Yong Qiang
1344428800341227300,Cozy Master Bedroom in Central SF w/Easy Commute,585967888,Yong Qiang
1344542190142336300,Colorful 2 Bed/2 Bath Apartment near Chase Center,3928438,Sarah
1344576601886767600,Marriott Vacation Club San Francisco King or 2 dbl,399559018,Aiden
1344620656608049700,Cozy Private Room Newly Renovated near SF Transpo,662393316,Kingston
1344972327710784e3,Cozy & Spacious Bedroom in a Great Neighborhood SF,585967888,Yong Qiang
1345006836707869200,Classic Queen Room for a Comfortable Union Square,666205415,The Herbert Hotel
1345006836828513e3,Chic Deluxe Queen Room in the Heart of the City,666205415,The Herbert Hotel
1345006876980019700,Wood floors & big bay windows for natural light,666204949,The Bartlett Hotel And Guestho
1345007013466362e3,Spacious Deluxe Double Queen Room for Families,666205415,The Herbert Hotel
1345017013585048800,Cozy Bedroom in Great Neighborhood & Easy Commute,585967888,Yong Qiang
1345185271610332200,"Single Rooms 9th St. Soma, SF",351395739,Tony
1345280962176465700,Cozy private studio/ private bathroom(no kitchen),675976380,Jose Angel
1345301330530436e3,Hotel at Fisherman Wharf 1 Room Sleeps 4 People,9938767,Hung-Shin
1345328284731803600,Cozy Glen Park Retreat + Deck,231390167,Laurence
1345537519011144700,Mission Bay 1 BR w/ Office by Anyplace - 11673,415840703,Anyplace
1345774991090819e3,"Best Location, comfort, quiet, clean.",2287154,Lisa
1345806928871655400,Cole Valley Craftsman Home,383029,Steph
1346038538454443e3,Sunset Haven: Corner House with lots of Light,676160094,Jie
1346353621569353700,"Central San Francisco, MUNI & Golden Gate Park",11820504,John
1346443366915834400,Stylish Escape in the Heart of San Francisco,468914943,RoomPicks
134644748487961e4,Spacious haven in Mission Bay!,2343138,Alikiah Barclay
1346571654994897200,* * * 50% OFF Private Room in San Francisco,225081901,Angela
1347753296056542e3,3BR Home at The RC SF,675787631,Erica
1348007778195188700,Sunny & Central Premier Downtown SF Location,317540106,Mk
1348123788865238300,Mission Charm,56204533,Lizette
134851738446711e4,Private Bathroom - Ensuite room in central SF,669489459,Joyce
1348596009084608e3,Union Square address – in the heart of the city,675545345,Hotel Stratford
1349528322726514700,North Beach 1 Bd/1Ba Apt: Casita Lombardia,677047263,Khaled
1350080857288892e3,Amazing 2BR Home Next to Park + Stunning Yard,677180570,Kit
135009198878208e4,Guest suite in Outer Richmond,418509031,Andy
1350434586216614100,"Central San Francisco, Golden Gate Park & Muni",11820504,John
1350739176604530400,Luxury Designer Loft – Ideal for Remote Work!,224905323,Hillary
1350780315324888300,Marriott Vacation Club San Francisco | Hotel Room,480237365,LiveSuites
1350780632380215600,Marriott Vacation Club San Francisco | Hotel Room,480237365,LiveSuites
1350879932702618e3,"Live, Loft, Love in SF",2141383,Jeremy
1350953788877627e3,"Luxury Stay in Union Square, San Francisco",676079762,Jemuel
1350953840736149800,Upscale Union Square Haven in San Francisco,676079762,Jemuel
1350954031378297900,Sophisticated Luxury in Union Square SF,676079762,Jemuel
1350969664905237500,Stylish Union Square Escape in San Francisco,676079762,Jemuel
1350970429256203300,Where Luxury Meets Comfort. In Union Square,676079762,Jemuel
1350970528629871600,Elevated Experience in San Francisco,676079762,Jemuel
1350970635414533600,High-Rise Elegance in San Francisco's Union Square,676079762,Jemuel
1351401468351202e3,Nob Hill Junior 1 BR w/ Office by Anyplace - 11676,415840703,Anyplace
1351441987440461800,Mission Bay 1 BR w/ Office by Anyplace - 11677,415840703,Anyplace
1351442314435612e3,Mission Bay 1 BR w/ Office by Anyplace - 11678,415840703,Anyplace
1351531973498425600,Canterbury 1 Bedroom,240078487,Steven
1351620117894947300,Heart of Mission Sunny Apartment,6706234,Lilia
1352467887842893600,Castro Room with private bathroom & balcony,19198556,Rabih
1352974139174739700,Quaint sunny room & private bath,17496261,Celia
1353015876946142700,Unique Hotel Inn at the Opera,434236194,Serenity
1353747802470307800,Downtown SF Co-Work Retreat on Ellis-Pebble & Fern,666201291,Dustin
1353886845180944600,Hayes Valley Haven,25478741,Alexandra
1354147849334958600,Luxury Apt W/Spectacular Views,110325955,Paulo
1354317045656367e3,Walk to Ocean Beach: Modern Home w/ Fenced Yard,126644773,Evolve
1354419716407929900,Accessible Private Room #344 A,533234561,Tina
1354424781386491600,Practical Private Room #315 D,533234561,Tina
1354488919869297400,Mission Garden Apartment !,189799327,Robert
1354640244692106200,Shared Dorm For Hostel Travelers,329072,James & Friends
1354643051301940700,Working Class Victorian Flat,661169937,Janice LaRee
1354679382500073e3,Modern 1 bed/1 living near SFSU,674880825,YuQun
1354828421568054300,308 - Modern 3BR Duplex w/ Elevator & Full Kitchen,560608092,Lijia
1355387919412424200,Chic Hotel Room for 2,671093262,Heather
1355450224842795800,"Central, Bright & Quiet Loft Townhouse",2310061,Hanna
1356187598784717e3,Private Room near Golden Gate Park UCSF,548927680,Tony
1356667256190708700,Sheila’s Chapeau Room,191024298,Sheila
1.3572224967684001e+18,Stylish 1 Bedroom w/Yard in Prime Location,3029397,Kseniya
1357624263458763e3,Private Bath - Modern Ensuite Room in Downtown,567425287,Tuyet
13581740634438e5,"Private Suite-Stunning City View, Pet friendly",36752,Teresa
1358328444818197e3,Downtown SF Co-Work Retreat on Ellis-Cobalt & Clay,666201291,Dustin
1358367388662464e3,Spacious Loft with outdoor patio,32601201,Andrea
1358746428682017500,Cozy private studio cottage,74125906,Tay
1358852566470231300,Standard Queen Room - Nob Hill Inn,679400312,Srikanth
1358961763733919700,Hidden Gem in quite neighborhood,516068747,Yeni
1358975002159657700,Cozy Bedroom in Great Neighborhood w/ Fast Commute,585967888,Yong Qiang
1358988202239462100,Deluxe Queen Room - Nob Hill Inn,679400312,Srikanth
1358992145111844900,Suite - Nob Hill Inn,679400312,Srikanth
1359463349635689500,"Blueground | South Beach, pool, nr baseball field",107434423,
1359473348638218500,1 Bedroom Apartment Nob Hill Inn,679400312,Srikanth
1359489535656972300,2 Bedroom Apartment Nob Hill Inn,679400312,Srikanth
1359632357143606800,Noe Valley Gem – Steps to 24th Street & J Train,677532793,James
1360254377030299400,Explore near Golden Gt Park + Museums in Airy Apt,667485835,Alfred
1360860109883224e3,"Blueground | South Beach, pool & w/d, nr museum",107434423,
1360986007171641300,Stylish modern resort by Union Square,351591614,Kim
1361289762363194600,Heart of SF - Cozy Bedroom,17054038,Stefan
1361299672613941e3,Heart of SF - Big Bedroom,17054038,Stefan
1361307765949623600,SF Skyline,17054038,Stefan
1361546646120548600,"Blueground | South Beach, pool & w/d, nr SF bay",107434423,
136180412242451e4,Sunset 3 Br King Suite with Parking Plus,543748196,Queens Canyon
1362066884795419100,Stylish modern resort by Union Square,351591614,Kim
1362643581214178300,Historic charm in central SF,9483925,Thomas Foard
1363135445623336200,Bed in 4-Bed mixed dorm with AC,584693452,Craig
1363155048208821200,Bed in 6-Bed Female Dorm with AC,584693452,Craig
1363194627320952e3,Bed in 6-Bed Mixed Dorm with AC,584693452,Craig
1363273105477e6,2BD/1BA Unit with View in Excelsior,671956906,Yan Hong
1363917884307576800,Marriott Vacation Club San Francisco | Hotel Room,482174715,Suite Life
1363918205189525500,Marriott Vacation Club San Francisco | Hotel Room,482174715,Suite Life
1363918474249764900,Marriott Vacation Club San Francisco | Hotel Room,482174715,Suite Life
1363918750784179700,Marriott Vacation Club San Francisco | Hotel Room,482174715,Suite Life
1363923227109615e3,Marriott Vacation Club SF | 2BR/2BA Suite,482174715,Suite Life
1363923392546065200,Marriott Vacation Club SF | 2BR/2BA Suite,482174715,Suite Life
1363923543872113200,Marriott Vacation Club SF | 2BR/2BA Suite,482174715,Suite Life
1363923700009892400,Marriott Vacation Club SF | 2BR/2BA Suite,482174715,Suite Life
1364687357762797800,"Marriott Vac Club, San Francisco",38851182,Jatinder
1364877436101897200,In-laws near China & Ocean Beach,473999663,Yvonne
1364939470864785e3,Downtown SF Co-Work Retreat on Ellis-Stone & Moss,666201291,Dustin
1365311680550199300,Quiet & Cozy | in the Heart of SF,343259152,Milica
1366335216687625500,Outdoor View Sunny&Cozy bedroom,588683840,Miki
1366649687996340500,Colorful Room in Central SF,531251711,Joyce
1366964925348899300,Private Room with Queen Bed with 1/2 bath,670167675,Shing
1367124021224002800,3000A - 3B2B Ground Unit near HW1 SFSU Stonestown,396251035,Lifang
1367125745334768400,3000B- Private Master Bedroom near SFSU Stonestown,396251035,Lifang
1367774075356651300,Downtown SF Co-Work Retreat on Ellis-Sage,666201291,Dustin
1368400822928999200,3 Bedroom 2 Bath Nob Hill Condo,487630574,Crishia
1368524188638812e3,Room in North Beach,212075336,Erik
1369297924623927e3,Cozy Apartment in Eureka Valley,156863365,Seyedamin
1369668596295431400,Place to stay Sunset San Francisco,234121920,Ederson
1369700549253796600,Room in Bayview,27123550,Jacquelyn
1370204376093273600,Furnished Private Bedroom in the Mission,682515378,Anneke
1370734973893074e3,SF Entire 1BR Suite | Easy SFO & Downtown Access,682674261,Zhiyi
1370811302198286e3,Cozy Bedroom in SOMA,303118342,Jesse
1371118336223580700,Broadmoor Studio 316,502034331,Larkin
1.3719333464074399e+18,Quiet Cozy SF Studio,579840945,Lucy
1371947068420379e3,Restored Victorian in SF,56859317,Nikki
1371987586858234400,Downtown SF Co-Work Retreat on Ellis-Lotus,666201291,Dustin
1372028695354562300,Luxury Awaits! 1 bdrm 1 bath SF charmer,8832908,Mark
1372242222173571800,Great room in GREAT location! Mission District SF,1792651,Bernard
1372580380426961700,Charming 2BR Apt - San Francisco,366976006,Katherine
137273754470218e4,Full and Queen Beds 2 Rooms 2 Bath 2 Pvt Entrances,11609628,Isaac
137277683165035e4,"Private suite, steps to the Presidio & the Palace!",84387679,Aaron
1373300527942510600,Beautiful Private Guest Suite,48055331,Daniel
1373388175178338600,Luxury Executive Condo w/parking in the Mission,674872898,Geneva Nkechi
1373473253077770200,Apartment in Design District,3554567,Amy
1373594767402274e3,Stylish Room with Pool & Free Breakfast in SF SoMa,681534187,Aishat
1373598459457766400,Modern Unit with Pool Access & Free Breakfast,681534187,Aishat
1373601606994221800,Modern Room with Pool Access & Free Breakfast,681534187,Aishat
1373603196893986300,"Victorian Room with Pool Access, Free Breakfast",681534187,Aishat
1373607218991733e3,Charming Unit with Pool Fireplace & Free Breakfast,681534187,Aishat
1373612678830472400,Spacious Unit with Pool Fireplace & Free Breakfast,681534187,Aishat
1373618806629662200,"Stylish Unit with Pool, Fireplace & Free Breakfast",681534187,Aishat
1.3736213361286239e+18,"Family Room with Pool & Fireplace, Free Breakfast",681534187,Aishat
1373936842787426e3,Updated Home in Heart of Castro,70019808,Neill
1374194933915517700,New and clean,20861491,Hien
1374272257187784200,Modern Luxe Retreat Near Chase Center & SF Airport,428261568,T Y
1374655923149681200,Ideal for Groups: Cozy Room w/ Near Alcatraz Ferry,673608015,Ilya
137466116177315e4,2 Inviting Rooms w/ Natural Light Near Attractions,673608015,Ilya
1374664890340255200,Vintage Charm! Walk to Ghirardelli and Wharf,673608015,Ilya
1374664891534682400,Stylish Fisherman’s Wharf Room Ideal for Explorers,673608015,Ilya
1374792498661254700,Broadmoor King Suite 401,502034331,Larkin
1374824169465719e3,Penthouse Studio Fully Furnished on Market Street,225462111,Ravinesh
1374900857326528800,Luxury 2BD/1BA remodeled penthouse,450802168,Isabella
1375120602792468e3,Downtown SF Co-Work Retreat on Ellis-Calypso,666201291,Dustin
1375387309805868500,Market St Rooms w Shared Baths,351395739,Tony
1375403283386775600,Elegant 2BR@ Marriott San Francisco,104401000,Maxx
137545108316294e4,Nob Hill modern studio apt,221456255,Jenny
1375641066776673800,Noe Valley 3Br & 2Bath Flat,921356,Ray
1376056617519774200,Downtown SF Co-Work Retreat on Ellis-Nomadica,666201291,Dustin
1376117689524799500,"Blueground | Rincon Hill, pool & EV, nr Ferry",107434423,
137615853160429e4,Broadmoor Suite 209,502034331,Larkin
1376169915914092800,Broadmoor King Studio 445,502034331,Larkin
1376783036450276400,Charming And Comfortable Retreat | Rooftop Deck,682733052,Shaira Mae Nicar
1376783184239358e3,Enjoy A Wonderland Of Fog And Fabulousness,682733052,Shaira Mae Nicar
1377813931093970400,Cozy Guesthouse in Noe Valley,50528547,Cassie Jingyi
1379198565963645200,The Peacock Palace (Hosted),205780984,Pritam
1379243130659698200,Cozy Retreat in Hayes Valley - Room 1,97286709,Dao
1379384687600384800,Downtown SF Co-Work Retreat on Ellis-Luna,666201291,Dustin
1379993892208956200,"Bright, Modern In-Law Suite w/ Gym & Garden",12322731,Hannah
1380226790275722800,"Beautiful Room, Breakfast, Steps from Union Square",681534187,Aishat
1380338454936842800,"Blueground | Rincon Hill, EV charge, nr Ferry",107434423,
1380357250006291500,Mission Bay 1 BR w/ Office by Anyplace - 11685,415840703,Anyplace
1380531582465708e3,Broadmoor Studio 227,502034331,Larkin
1381374052117155600,Historic Home in West Portal,183605554,Annette
1.3821481311952161e+18,Shipyard-chic Fisherman’s Wharf digs & bay views,545642415,Hotel Zephyr
1382148131408434e3,8000sf outdoor play area with fire pits,545642415,Hotel Zephyr
1382148364164870400,Mod maritime vibes and Pier 39 discounts,545642415,Hotel Zephyr
1382148643128201700,Private balcony on the world-famous Wharf,545642415,Hotel Zephyr
1382148688250339600,More water views than nearly any other SF hotel,545642415,Hotel Zephyr
1382148859481255e3,Roll-in shower & prime San Fran location,545642415,Hotel Zephyr
1382148895592499200,Accessible features near Ghirardelli Square,545642415,Hotel Zephyr
1382149061327626800,Accessible features & breakfast on the Bay,545642415,Hotel Zephyr
1382149100151120600,Indoor game room & accessible room features,545642415,Hotel Zephyr
1382522853477663500,The Peacock Palace (Hosted B&B),205780984,Pritam
1382680960870906600,CozyRoom 5min to City College SF,588683840,Miki
1383181744916792e3,Cozy Nob Hill Cottage - Heart of SF,39478169,Fangying
1383440968963046400,Spacious 2-Room Suite • King + 2 Queens | Prime Fi,13794009,Michael
1383506379003124200,Outer Richmond Getaway,428341774,Elizabeth
1383561245101865500,Casa Xochitl,28241595,Antonio
1383564583463074e3,Cozy 2 Bedroom - San Francisco,685960282,Xiao Hong
1383720377582196700,Pristine & beautiful  family friendly flat,219008966,Ubaldo
1383812861963336e3,Downtown SF Co-Work Retreat on Ellis-Terracotta,666201291,Dustin
1384182934114756e3,Peaceful Stay w/ Outdoor Charm,5147400,Lisa
1384257746442616e3,Modern 1BR Walk to Waterfront,24093274,Randy
1384423089668989e3,Mission Designer Dream Pad,2420711,John
1384548391688993500,Family-Friendly 3-Bedroom Home,10623554,Can Akin
1384894530534589200,Entire Condo Unit in SF 2BR 1BA,405637334,Arlene
1384909571865398800,Topfloor In Great Neighborhood,8145777,Michael
1384971593203539500,Winter – Four Seasons Victorian,2559230,Tjarko
1.3855219549205919e+18,Deluxe One Bedroom One Bath,422101923,Christos
1385690494469225200,Little Hollywood Cottage,48211447,Estella
1385693018146878500,Broadmoor Luxe King Suite 440,502034331,Larkin
1385716572221258800,Broadmoor Studio 319,502034331,Larkin
1385728741434707500,Charming & Cozy Central Stay,450765852,Ariel
1385949593815008800,Downtown SF Co-Work Retreat on Ellis-Fern,666201291,Dustin
1386225868221123800,1BR Suite with Separate LR / BR near Union Square!,675590165,Karen
1386262097741655e3,"Elegant 2 bdrm, office, 2 bath luxury",11820504,John
1386278990727389400,Studio Hotel Suite near Union Sq & Moscone Center!,675590165,Karen
1386351886491797200,Mediterranean Oasis - 10 mins from downtown SF,21744769,Ting
1386496612945243e3,Modern 2 bd home w office,242986140,Cesaire
1386999114401306400,Broadmoor Studio 406,502034331,Larkin
138702333348228e4,Downtown SF Co-Work Retreat on Ellis-Solstice,666201291,Dustin
1.3874214120202081e+18,Cozy 2 Private Room with Shared Kitchen & Bath,492170624,Jerry
1387764046391678e3,Luxury SF Waterfront Panoramic Views,47935195,Daniel
1387910085478281e3,Charming 3BR Glen Park Apartment,687042852,Denise
1387925267848276500,1BR Suite - Separate Bedroom + 2 Baths!,675590165,Karen
1388048780605142800,Nob Hill 1 BR w walk-in closet,1257432,San Francisco Life
1388816793368287200,Newly remodel suite in SF,687270898,Bitao
1389164438323885800,Beauty on the Bay,48371704,Adam
1389171102222488e3,Shared Retreat | Twin Peaks. Adults Only,581207394,Rolando
1389237281463894300,Enjoy The Vibrant Civic Center,148427269,Robb
1389392369819251e3,North Beach Work and Live,687442045,Laurenz
1389658156591607600,Petite Suite 2 blocks from Union Square,545598180,Andrews Hotel
1389860666799718700,Queen ADA Room 2 blocks from Union Square,545598180,Andrews Hotel
1389860666852070700,Double Bed 2 blocks from Union Square,545598180,Andrews Hotel
1389860848554417200,Queen Bedded Room 2 blocks from Union Square,545598180,Andrews Hotel
1389860849190515700,Two Twin Bedroom,545598180,Andrews Hotel
1389861026091429400,King Bedded Room 2 blocks from Union Square,545598180,Andrews Hotel
1389861038725795600,Corner King 2 blocks from Union Square,545598180,Andrews Hotel
1389926975503040500,The Tree House,39129470,Bradley
1390006865583657200,The Garden Cabana,191024298,Sheila
1390022326916209700,The View,191024298,Sheila
1390028895913928200,The Celebrity Suite,191024298,Sheila
1390287901700257300,"2 Stylish Rooms, Breakfast & Walk to Coit Tower",681534187,Aishat
1390306829030146e3,Luxurious Bay View Suite Near San Francisco’s Best,681534187,Aishat
1390706923562179e3,Charming European-style Studio,148427269,Robb
1390732541579657500,"Penthouse Loft Modern & Bright 1,150 SQ FT+parking",91340975,Nadir
1390813440821061e3,Street or courtyard views & spacious sitting area,686315424,Hotel Zelos Deluxe Suite
1390813609732870100,"Dining area for 4, wet bar, sofa bed & city views",686316489,Hotel Zetta Zetta Suite
1390813654796815400,The Zeppelin Apartment with private roof deck,686315964,Zeppelin Suite Hotel Zeppelin
1390878378866211800,Spacious Room,156102468,Nanthana
1391134512575226600,"Comfortable Room, Near Oracle Park & Rooftop Pool",681534187,Aishat
1391140481377446700,"Modern Room, Near Oracle Park & Rooftop Pool",681534187,Aishat
1391311155640994800,Cozy & Scenic Bay View Hilltop,4318590,Angela
1392150004402693600,Luminous SF Home | Excelsior | 2B 2BA Kit & LR,541165414,Alyssa
1392444726361193700,"1bd, 1ba, living room, SF",269951355,Adam
1392849723164388400,Downtown SF Co-Work Retreat on Ellis-Botanica,666201291,Dustin
1392864259282703600,"Chic, Walkable SF Studio",96597524,Nicole
1392961260455811600,Luxury High-Rise | Views+Hot Tub,123012015,Sumeyra
1393629618957510100,Chateau Esme (Hosted),688522892,Ksenia
1394260732874219300,Functional Private Room #315 E,533234561,Tina
1394260792296851200,Comfortable Private Room #315 B,533234561,Tina
1394538057884244500,Bright & Modern 2BR/2BA | Near SFSU & Transit,674880825,YuQun
1394683566310156e3,Boutique Room with Stunning Bay Views in SF,681534187,Aishat
1394683581187105300,Classic European Room Near Financial District,681534187,Aishat
1394684212393532200,2 Elegant Rooms with City View and Great Location,681534187,Aishat
1394685663537886200,Stylish Suite Near San Francisco’s Embarcadero,681534187,Aishat
1394685663810455e3,2 Luxury Rooms & Modern Amenities in San Francisco,681534187,Aishat
1394685667639547e3,"2 Relaxing Units in Cozy, Historic SF Escape",681534187,Aishat
1394685668805301500,Classic European Room Near Financial District,681534187,Aishat
1394900528323030800,Relaxing Stay! Near Wharf and Ghirardelli Square,673608015,Ilya
1394963473593055200,Downtown SF Co-Work Retreat on Ellis-Redwood,666201291,Dustin
1395122141889063700,Large House Safe+GGP+Presidio,594839920,Carlos Eduardo
1395122463825758700,Chic North Beach En-Suite with Patio 1bd/1br,167037749,Rasim
1395136333980200400,"Peaceful Getaway | Pets Allowed, Onsite Restaurant",501999278,RoomPicks
1395853837321038300,Monroe Studio 225,502034331,Larkin
1395862432676278e3,Broadmoor Studio 327,502034331,Larkin
1396414782315263700,"Cozy Retreat | Pet-friendly, Near Union Square",501999278,RoomPicks
1396424336475738400,Broadmoor Studio 219,502034331,Larkin
1396465976575065e3,Monroe Suite 329,502034331,Larkin
1397152998746032400,2 Mi to Civic Center: Luxe Home in San Francisco,126644773,Evolve
1397287424796620500,"One Bedroom, Private  Bath, in our Edwardian Home",21963542,Rosana
1397925901963575800,"2Br Dolores Park, best location!",9632192,Susan
1398030722261746700,Extended Stay Nob Hill Oasis | Walk to Everything,9861051,Nasim
1398115326541693400,Inner Sunset Home: Fireplace+Patio+Garage Parking,43224924,Anna
1398823149594915600,Oceanview Oasis,56928547,Yvi
1398840633798637300,King Room w/ City Views near Fisherman’s Wharf,399559018,Aiden
1398840665674191e3,1 King Bed w/ Courtyard View near Wharf,399559018,Aiden
1398843583277637e3,2 Queen Beds w/ City Views near Fisherman’s Wharf,399559018,Aiden
1398843621473657300,Spacious 2 Room Suite Prime Fisherman’s Wharf Stay,399559018,Aiden
1398960528663154700,1BD in the Heart of the City of San Francisco!,434236194,Serenity
1399016202694106600,Guest Suite in Central Sunset,60793527,Yang
1399467748066467e3,Kendra West,191024298,Sheila
1399548337489677300,2 Private Rooms | Stylish & Serene Shared SF Home,97286709,Dao
1399880161350611e3,Elegant Queen Room Near Union Square,501999278,RoomPicks
1399967467597238e3,Tranquility in Corona Heights,7921903,Fu Han
1400228420686635800,Victorian Haven In-Law,405441167,Aristos
1400297540320027600,2 Stylish Units with Pool & Free Breakfast in SF,681534187,Aishat
1400297540425576700,"2 Units with Pool & Fireplace, Free Breakfast SF",681534187,Aishat
1400528586851526700,"Premium Room, Steps from Union Square Attractions",681534187,Aishat
1400528748249257500,Luxurious Room for Your Perfect SF Getaway,681534187,Aishat
1400528748331571e3,Beautiful Room in the Heart of San Francisco,681534187,Aishat
1400528749800696e3,Modern Executive Room in Renovated Boutique Hotel,681534187,Aishat
1400528752436817200,Historic Unit in Prime San Francisco Location,681534187,Aishat
1400529553211517200,Nob Hill Hotel Room by Union Square & Attractions,681534187,Aishat
1400529553407903700,Executive Room with Comfort & Style in Nob Hill,681534187,Aishat
1400529553430045e3,2 Boutique Room Near San Francisco’s Iconic Spots,681534187,Aishat
1400529553613128400,"2 Cozy Room Near Union Square, San Francisco",681534187,Aishat
1400529555152742100,Elegant Stay Near Grace Cathedral & Wharf SF,681534187,Aishat
1400529555308290300,"Vintage-Inspired Room w/ A Modern Touch, Nob Hill",681534187,Aishat
1400626570370707700,Lovely Retreat w/Panoramic Hills & Cityscape Views,690338037,Jingwen
1401258832150589200,Stylish Unit Near Embarcadero & Alcatraz,681534187,Aishat
1401258834016409300,Classic SF Room Near Powell BART & Museums,681534187,Aishat
1401258834856701e3,Stylish Room Near Ferry Building & Embarcadero,681534187,Aishat
1401258835303318500,Bay View Suite by Oracle Park & Union Square,681534187,Aishat
1401258843030266e3,Historic SF Unit Near Union Square & Embarcadero,681534187,Aishat
1401258843516849700,Historic Room Near Ghirardelli & Lombard St,681534187,Aishat
1401468799393115100,Design 2BR | Walk/Transit Score 100,25028139,Tom
1401590291489905700,Relaxing Stay! Inviting Unit Near Alcatraz Island,673608015,Ilya
1401590352732686e3,Relaxing Stay! Inviting Unit Near Alcatraz Ferry,673608015,Ilya
1401676505518355500,Stylish Retreat with Heated Rooftop Pool in SF,681534187,Aishat
1401676506154594600,Modern Comfort Room & Rooftop Pool in Downtown SF,681534187,Aishat
1401676506869393200,"Chic Stay w/ Heated Pool, Steps from Union Square",681534187,Aishat
1401676509314173e3,"Relax by Heated Rooftop Pool, Walk to Union Square",681534187,Aishat
1401676509615997200,Heated Rooftop Pool & Modern Amenities in SF,681534187,Aishat
1401676510001770200,Sunny Getaway with Rooftop Pool in San Francisco,681534187,Aishat
1401676510710888200,Downtown SF Stay with Heated Pool & Great Views,681534187,Aishat
1401676511103019500,Downtown SF Stay with Heated Pool & Great Views,681534187,Aishat
1401676519680769300,2 Modern Units with Heated Pool Near San Francisco,681534187,Aishat
1401676519995826200,2 Cozy Units with Heated Pools & City Views in SF,681534187,Aishat
1401676525089143e3,"2 Relaxing Units with Pools, Walk to SF Attraction",681534187,Aishat
1401698398387206400,"Boutique Stay Near Moscone, Pool at SoMa House",681534187,Aishat
1401698400564484900,"Stylish Room, Free Breakfast, Near Civic Ctr",681534187,Aishat
1401698405135018500,"Victorian Charm, Rooftop Pool, Union Sq",681534187,Aishat
1401698405653809400,"Free Breakfast, Rooftop Pool, Walk to Shops",681534187,Aishat
1401698409226577700,Elegant SoMa Room w Pool Access Near Theaters,681534187,Aishat
1401698414515388200,"Relaxing Unit Free Breakfast, Near AT&T, SoMa Pool",681534187,Aishat
1401698415858666200,"Stylish Unit w Free Breakfast Near AT&T, SoMa Pool",681534187,Aishat
1401698416200204e3,"Rooftop Pool Access, Relaxing Room, Free Breakfast",681534187,Aishat
1402337614863868200,Glen Park Retreat,44360783,Kelly
1402611520111660500,GGHWarmbnb #3,490194796,William
1402915968439949e3,SOMA 2 bedroom 2 bath Tehama ST,303118342,Jesse
1402997839718004500,Cozy Retreat – Perfect for Your San Francisco Stay,685025353,Aishat
1403006429764225e3,Spacious Room Near Union Square – 5 Min Walk,685025353,Aishat
1403006524039674400,Modern Hotel Room Close to SF’s Cultural Gems,685025353,Aishat
1403006549492742400,2 Contemporary Hotel Rooms with City Views,685025353,Aishat
1403025580978179300,50% Discount Private Room in SF,225081901,Angela
1404590071926622700,Charming Laurel Heights 1BR Apt,8934786,James
1405130297680329200,Newly remodeled room V with view,429013475,Sam
1405169968748308e3,Mission Bay 1BD Retreat,2343138,Alikiah Barclay
1405276306049854e3,2 Queen Beds w/ Courtyard View near Wharf,399559018,Aiden
1405862838883537e3,Market St Rooms with Shared Bathrooms,351395739,Tony
1406154616111103700,Cozy Queen Studio near Kaiser,78910325,Li
1406752819870349800,Stunning Modern 2BR/1BA home in Glen Park,450765852,Ariel
1406774394701329400,Private-Entry Studio near Kaiser,78910325,Li
1.4073713936902559e+18,Mission Bay Studio w/ Office by Anyplace - 11693,415840703,Anyplace
1408073747955614200,Victorian Retreat in rare Noe Valley location,283473,Janice
1408424976810441200,Room 5min walkto City College SF,588683840,Miki
1409020323466544400,3Bdrm Presidential Apt at SF Canterbury Hotel,89534299,Janice
1409387382493078300,Casa Claytonia,1125797,Siobhann
1409491286221226800,Entire 1br/1bath condo in SF SOMA,1928915,Vita
1409523867986764300,Great Room in Ideal Location,4026717,John
1409575341503594200,Marriott Club Pulse Condo,426756132,Christopher
1409622334641577200,"A2 | Private Room Near UCSF, Tech Hubs, & Park",664154386,Fulati
1409645921869353e3,Superbowl Home Ritz Residence,79350825,Adrian
1409898344650408400,Blue Mood Room,1125797,Siobhann
1410037873830023700,Pink Patterns Room,1125797,Siobhann
1410210639947037200,Marriott Vacation Club SF |  Two Hotel Rooms,442029804,Live Suite
1410210959589265400,Marriott Vacation Club SF |  Two Hotel Rooms,442029804,Live Suite
1410211278241144300,Marriott Vacation Club SF |  Two Hotel Rooms,442029804,Live Suite
1410211599507153400,Marriott Vacation Club SF |  Two Hotel Rooms,442029804,Live Suite
141021191728148e4,Marriott Vacation Club SF |  Two Hotel Rooms,442029804,Live Suite
1410212224010889200,Marriott Vacation Club SF |  Three Hotel Rooms,442029804,Live Suite
1410212567156710700,Marriott Vacation Club SF |  Three Hotel Rooms,442029804,Live Suite
1410212879016098600,Marriott Vacation Club SF |  Three Hotel Rooms,442029804,Live Suite
1410213209275216600,Marriott Vacation Club SF |  Three Hotel Rooms,442029804,Live Suite
1410213539542790400,Marriott Vacation Club SF |  Three Hotel Rooms,442029804,Live Suite
1410213889119022600,Marriott Vacation Club SF | Four Hotel Rooms,442029804,Live Suite
1410214241919697700,Marriott Vacation Club SF | Four Hotel Rooms,442029804,Live Suite
1410214593175505700,Marriott Vacation Club SF | Four Hotel Rooms,442029804,Live Suite
1410214994054853e3,Marriott Vacation Club SF | Four Hotel Rooms,442029804,Live Suite
1410216145887389700,Marriott Vacation Club SF | Four Hotel Rooms,442029804,Live Suite
1410216969429748500,Marriott Vacation Club SF |  Five Hotel Rooms,442029804,Live Suite
1410217310064013e3,Marriott Vacation Club SF |  Five Hotel Rooms,442029804,Live Suite
1410217351893270300,Marriott Vacation Club SF |  Five Hotel Rooms,442029804,Live Suite
1410217669450017e3,Marriott Vacation Club SF |  Five Hotel Rooms,442029804,Live Suite
1410611404812271e3,A Spacious Gem at Nob Hill in the Heart of SF,29591034,Brian
1411086684039418e3,Spacious & Cozy Boho Vibes,89685111,Natasja
1411662512994392300,Bright Room near Golden Gate Park,588683840,Miki
1411667962437867e3,Amazing City Views & Free Parking w/KingBed,693155804,Dionne
1411962179638063e3,Master Bed+Bath Mission Terrace,48729832,Richard
1411979980271556400,Beautiful Room in Perfect Location,4026717,John
1412438755438835500,Cozy 2 BD in the Mission,5690420,Ashley
1412470592526126e3,At Mine - Geary Double Suite in San Francisco,693377971,Niccolo'
1412525448669004300,At Mine - Golden State Park Suite,693377971,Niccolo'
1412554958454180600,The Donatello-Studio,510746254,Jackson
1412996080890016800,Redwood Suite | Private Bath| W/D| Wkly Clean!,2146719,Nikki
1413091817508165e3,"Modern, Chic, Views, Snacks.",120248703,Lena
1.4131143764122399e+18,Peaceful home in Telegraph Hill,23623611,Andrea
1413217387888891100,"New Ground Floor 2 Bed, 2-Bath Apt, Inner Sunset",988375,Jennifer
1413231636435324200,Cottage getaway in heart of SF!,123081611,Katie
141340180912562e4,Comfortable Room Great Location,4026717,John
1414060987551261e3,Chateau Esme,688522892,Ksenia
1414159145074700300,Buena Vista Park Condo with View,58637530,Royce
1414752772421418200,Private Studio Perfect Location,3772252,Timothy Jay
1415310540631400700,Lux & Serene Marina 2BR +Garden,46671662,Kathryn
1415340595712585700,2 Bedrooms Unit Golden Gate Park,457392547,Zhihui
1415348247957509600,San Francisco Suites Studio V on Nob Hill,579634175,Cynthia
1415350383336227800,2842 - Cozy 2Br Unit Golden Gate Park,457392547,Zhihui
1415351018665579800,Market St. Rooms w. Shared Bath,351395739,Tony
1415356980499124200,Market St Rooms w/ Shared Bath,351395739,Tony
1415384601282028500,The Tree House,39129470,Bradley
1415902497888436500,"Matisse Casa Castro |Private Bath, Wkly Clean, W/D",2146719,Nikki
1415981385449876200,House of Anzen 安全,300639840,Mirela
1416100687791462400,Hidden Peaceful Victorian Studio Nest,23195770,Celia
1416208886986493200,Bright Modern 2BR Apt in SF,694323377,Rui
1416611422210477300,Villa Fontaine,19476144,Robert
1416661501978562800,LUX Modern Bedroom near SFO&BART&Dwntwn SF,73133543,Stephannie
1416700479491888600,Muir Casa Castro | Private Bath |W/D |Weekly Clean,2146719,Nikki
1416738270353411300,"Private room S, shared bathroom",429013475,Sam
1416815048928904200,At Mine - Golden Suite In San Francisco,693377971,Niccolo'
1416905461700593e3,"Glen Park Glory, House w Garage, Deck, Views!",988375,Jennifer
1416953713053901e3,Spacious 2BR in Alamo Square,7757149,Cassidy
1.4173720425947679e+18,1 Bedroom 1 Bath in North Beach,445697747,Tim
1417633711995126800,Market St Rooms w| Shared Baths,351395739,Tony
1417660666908180700,Rooms with Shared Bath Market St,351395739,Tony
1418176939809276700,Modern SF 2Bed 1Ba Yard+Steps to Golden Gate Park,35334906,Sonam
1419125184909660700,1 BR @ The Club Wyndham Canterbury,104401000,Maxx
1419256010620662300,Bright charming 2-Bedroom Unit,508792882,Donna
1419434976800529e3,Well furnished central apartment,15696879,Glenda
1419630278318164200,Private Suite w/Ocean View&Patio,8803885,Eugene
1419637242764246800,Private 6-Bed ensuite room,584693452,Craig
1419677964523125800,"Market St Rooms, Private Bathroom",351395739,Tony
1419913074102411500,Beautiful room in Central SF,531251711,Joyce
1419983355400276700,Modern Comfort | 1BR with Living Near SFSU,523997837,Daniel
1420241769221160400,"Blueground | Civic Center, pool, nr Civic Center",107434423,
1420242490613947e3,"Blueground | Civic Center, pool, nr Civic Center",107434423,
1420527030343842600,Grand Victorian · 2500 sqft · Car Garage,46107941,Robert
1421112290662614800,Mission District 'Treat' (min. 30 day stay),1680848,Emilie
1421153949734251300,Great location in downtown SF,375982708,Serene
1421185851894304500,Stylish Furnished Jr. 1BR Condo w/Bay Bridge Views,445697747,Tim
1421296146219476700,Detached Cottage | Hosted Stay | Complete Privacy,3014352,Grace
1421909511775715e3,SOMA Room w Shared Bathroom,351395739,Tony
1421937828560132e3,SF private room 5 mins Walk2BART,588683840,Miki
1421996979644678700,2 Bed Urban Oasis,26602240,Sharon
1422171451138201900,"1BR+Den | Pool, Gym, Concierge | NEMA SF | SoMA",37148481,Tobie
1422626054846685400,"Charming Noe Valley Studio, ideal for long stays!",391713921,Jessica
1422688635574549200,Rooms w Shared Baths. Market St,351395739,Tony
1423273122949994e3,Mr&MrsSinApt,440903240,Gladys
1423280346499117800,"Luxurious, Views, Nob Hill",13499994,Nick
1424675369615015400,"Private room-2, shared bathroom",429013475,Sam
1.4252646374502561e+18,Sunset City Bedroom,325755259,Melisa
1425557952326543400,Modern Wellness Oasis | Sauna • Spa • Remote Work,8516687,Tatjana
1426909667370091500,Lux 2BR/2BA Overlooking Oracle Park near Chase Ctr,101491,William
1426962677568861400,Cozy private living room at SF,293025002,Bi
1427057282418287600,SOMA ROOMS w/ Shared bathrooms,351395739,Tony
1427228934801166800,The Beach House,3829461,Shae
1427627193530118100,Fully Remodeled | 2 Bedroom | 1 Bathroom,574099376,Loc
1427964500224529700,Convenient home in heart of SF,26931033,Dung My Thi
1428263244626399200,Spacious Studio Near Golden Gate Park,304721494,HostWell
1429057007687617500,Main Bedroom at Monticello Residence,11703073,Christiane
1429318966657314600,2bd/2ba Modern Garden Cottage Retreat!,562582584,Dani
1429876471011170300,In-Law Unit With Amazing Views!,10508610,Daria
1430029236685441800,#2 Charming SF Studio Near BART & Attractions,474861965,Echo
1430149959283768600,"Luxurious New-Built Home-Garage Parking, Near SFO",508792882,Donna
1430444768790502400,Bed & Bath with separate entry,8812791,Maria
1431295875595809800,Blue Room · Victorian Home · Mission/Noe/Castro,46107941,Robert
1431313987987770400,Beautiful House near Golden Gate Park,698074083,Dalen
1431332352590844200,Vibrant Victorian Home · Mission/Noe/Castro,46107941,Robert
1432876244642902800,Stunning SF view,698431164,Fabricio
1434295916348621800,Bright & quiet Mission condo,196455417,Margaret
1434477034494916400,Welcome to your cozy home in San Francisco,698841455,Liqiang
1434997199455077600,Bright & Modern 2BR/2BA | Near SFSU & Transit,523997837,Daniel
1434998720390770400,Private room near Dolores Park,221930525,Suhasni
143519799383406e4,Cozy Private Room and Bathroom,64946886,Zoila
1435212799294404600,Lux Suite + Lush Patio: Central SF - 99 Walk Score,699045507,Raj
1435562460144655400,Single Bed in 4 Bed Female Capsule Room,102523118,Music City
1435579259960601600,Single Bed in 4 Bed Male Capsule Room,102523118,Music City
1435605194880235e3,Single Bed in 6 Bed Female Room,102523118,Music City
1435622950408243500,Single Bed in 6 Bed Male Room,102523118,Music City
1435627798362233e3,Single Bed in 2 Bed Female Capsule Room,102523118,Music City
1435635968740089e3,Single Bed in 2 Bed Male Capsule Room,102523118,Music City
1435642399696092400,Green Day Room with Shared Restroom,102523118,Music City
1435707270082187800,Spacious Mission Condo Oasis,699186016,Kelsey
1436606259241441e3,Tech Life in SOMA - Shared Baths,351395739,Tony
1437723408107858400,Urban Sanctuary,596756931,Vered
1437792873608658400,Market St Rooms with Shared bathrooms,351395739,Tony
1437941581726485800,Luxury SF Retreat! Private Patio-2bd-Full Kitchen,666201291,Dustin
1438661589143331300,Elegant Victorian Flat,4026717,John
1438665588810446e3,Cozy Private Room in Modern Homestay,697570943,Shervin
1439568333467538700,Deluxe Room with Private Bathroom & Fast WiFi,697570943,Shervin
1439601331862076200,Central location in Soma,24169082,Dario
1439716943480361700,Cozy Quiet 2BR/1BA Suite in a Safe Neighborhood,30427315,Mengyi
1440006445651293700,Spacious one bedroom SF condo,700306519,Anne
1440168125666757400,Bright 3BR in Historic Victorian Home | Sleeps 5,481336222,Czerelle
1440168242699308e3,Charming 3BR in Historic Victorian Home |Sleeps 6,481336222,Czerelle
1440494925200902700,"Stylish Unit, Steps to Civic Center & Rooftop Pool",681534187,Aishat
1440494928346830800,"Bright Unit with Rooftop Pool,Walk to Civic Center",681534187,Aishat
1440494937903037400,"Charming Room, Walk to Union Square & Rooftop Pool",681534187,Aishat
1440494943329945900,"Stylish Room, Near Yerba Buena & Rooftop Pool",681534187,Aishat
1440494995202321700,"Chic Room with Rooftop Pool, Near Oracle Park",681534187,Aishat
1440494998984279800,"2 Relaxing Unit with Pool Access, Near Golden Gate",681534187,Aishat
1440494999974017500,"2 Comfortable Room, Near Pier 39 & Rooftop Pool",681534187,Aishat
1440495007426854400,"2 Comfortable Room, Near Oracle Park, Rooftop Pool",681534187,Aishat
1440495267267548200,2 Modern Units Near Union Square & Top SF Spots,681534187,Aishat
1440723222624752600,Cozy 1BR Home Clarendon Heights,450765852,Ariel
1441012459908527600,Charming Bernal Suite,52025286,Christian
1441321470667060500,Bernal Bliss! 2 bedroom 1 block to Cortland St,215646,Scott
1441477498968192e3,Broadmoor King Suite 234,502034331,Larkin
144150506283916e4,Coastal Parkside 4BR+/4BA Retreat,316202062,Lawrence Kwong-Wung
1442191494539202e3,Beautiful Luxury Apt - NoeValley,7225450,Serena
1442204924666506200,VIEW! Grand Penthouse Unit in Presidio Heights,387789822,Johnson
1442225581121296600,"Architectural Luxury w/ Views, Walkable & Central",7628285,Brandon
1442872745918981e3,bigger room,24169082,Dario
1443910903675025200,SF Spacious KING w/Private Bathroom & EZ Parking,226555948,Gino Angelo Timpog
1443937655530029800,"Vibrant 2BR retreat Walk to Coffee,Transit, & eats",35334906,Sonam
1444503049425643800,Russian Hill Retreat,373185347,Daniel
1444538447707095300,Centrally Located Shared Room,69722580,Mitch
1445152771328261400,Bright Private Studio,20859407,Doris
1445839512375995100,1 Bedroom & 1 Bath In Beautiful Bernal Heights,24869255,Nikhil
1446309614365953500,Rincon Hill 1 BR w/ Office by Anyplace - 11705,415840703,Anyplace
1446657123455059200,Luxe Retreat In The Heart of SF,40368141,Christopher
1447095195477958e3,Near Golden Gate Bridge + On-site Café & Brewery,700772996,Donald
1447095343554538500,Near Union Square + On-site Café & Brewery,700772996,Donald
1447189613902856400,NOPA Stunning Bi-level Penthouse 4BD/4BA Pano View,450802168,Isabella
1447626670941074e3,Nob Hill Junior 1 BR w/ Office by Anyplace - 11706,415840703,Anyplace
1447626767562284e3,Nob Hill Junior 1 BR w/ Office by Anyplace - 11707,415840703,Anyplace
1447824140303415e3,Centrally located city views!,279717,Angelo
1447945944112280300,Newly Remodeled 2BR - Portola Terrace,543748196,Queens Canyon
1447957558402453200,Newly Remodeled Studio - Portola Terrace,543748196,Queens Canyon
1447962438451622100,Newly Remodeled Garden Studio - Portola Terrace,543748196,Queens Canyon
1448103197656114700,Contact for Short term- December: Iconic SF Loft,20781636,Xiao
1449057193490835e3,Donatello Hotel San Francisco,434236194,Serenity
1449063538643421e3,Modern Studio Donatello San Francisco,434236194,Serenity
1449073543119446500,1 BR Deluxe in Canterbury,434236194,Serenity
1449078425396603400,Pulse 2 Queen Bed or 1 King Hotel in San Francisco,434236194,Serenity
1449815666069080300,Flexible 3BR (2+1 Attic) Near Top Attractions,474861965,Echo
1449992266173014800,"Stunning, Luxe Bay+Bridge Views",2146719,Nikki
1450815872208785400,Near Market St | Well-Located. Daily Cleanings.,702285456,Alex
1450816051647135700,Union Square | Clean. Affordable. Great Staff.,702285456,Alex
1450859622430944500,Cozy Hidden Gem in Mission,170206683,Sally
1450951066216213e3,"Entire Ground Level 1Br/1Ba Suite Near UCSF, SFSU",134724373,Alex
1451577711202549e3,Studio at Marina/Cow Hollow,157999191,Berlin
1452370310385769e3,Room 316,93714995,Daniel Lee
1452528640906157800,Cozy Creative NeonForest Rooftop,4264928,Mark
1453271471298486800,1BR King Villa near Fisherman’s Wharf,399559018,Aiden
1453634310971800800,Huge Sunny BD in Mission Dolores,433787438,Diana
1453722136888564e3,"Urban SF Condo, Walk to All",84772220,Jacqueline
1453735021806211e3,Victorian Gem/City View/Hot Tub,7124421,Tina
1454006910443474200,Luxury Designer Flat | Bright + Walkable,7918569,Sonja
1454720504689576200,Sunset Hill Haven on Ashton Ave M#42438,126824075,Yongxiang
1455493311564315100,Rm4 Cozy private Br 5min to Bart,588683840,Miki
1455857971834086e3,Spacious 1BR/2BA Corona Heights Garden Home,84764490,Yuki
1456092578049915400,SF Skyline Views from Cozy 1BR,7629167,Kelly
1456166048879369500,Marina | 2BR/2BA Full-Floor Flat,38956179,Matt
1456491198280345600,Sophisticated Stay | Cable Cars Tours. Gym,568078521,Hyatt Regency SF Downtown Soma
1456493522895423e3,Urban Retreat | Twin Peaks. Restaurant,568078521,Hyatt Regency SF Downtown Soma
145651879694913e4,Enjoy coastal Italian fare at the onsite Corzetti,543732460,Hotel
1456518797070527500,Lifestyle boutique hotel in Union Square,543732460,Hotel
1456519120442583800,Sip elevated cocktails at the Valley Club lounge,543732460,Hotel
1456886571650233900,SF Luxe Escape: Cozy & Elegant,560790028,Christian
1456951872504008200,Cozy Outer Richmond Condo,524387667,Yvette
1457313900215166700,The Stateroom,701077503,Stella
1457345699124339700,Noe Valley Great location,194777159,James
1457384651926275800,Cozy 1bedroom unit CCSF Bart New,273848435,Qini
1458061474377554700,Noe valley,194777159,James
1458171013662063e3,Skyline & Ocean Views | Faith-Filled SF Stay + Gym,521657587,Boma
1458344807417892900,large study-room with queen bed,189127657,Dennis
1459828793005234700,Cozy Studio Apt by Union Square,350864458,Daniel
1460106271770224600,New Sanctuary In The City | Rooftop Bar,674389472,Angel Lou
1.4601083189201121e+18,Urban Sanctuary in San Francisco’s Mid-Market,674389472,Angel Lou
1460109865667501300,Retreat for Creative Spirits In San Francisco,674389472,Angel Lou
1460111388194021600,Iconic View | Close to Moscone Center,674389472,Angel Lou
1460962176783566e3,Private Room near Golden Gate Park UCSF.,548927680,Tony
1461017291780893700,Captivating Hotel at the Opera,687189854,Jessica
1461034474420889900,Private First Floor Near West Portal,5547561,Gregory
1461279816460833800,Stunning Victorian home in Pacific Heights,20654060,Stephanie
1461554754282698e3,California Spirit | Cable Cars | Chinatown,567040150,Hotel Caza Fisherman Wharf
1461557043965779700,California Adventure | North Beach | Outdoor Pool,567040150,Hotel Caza Fisherman Wharf
1461577466660787700,California Vibes | Waterfront Fun | Outdoor Pool,567040150,Hotel Caza Fisherman Wharf
1461578785374029e3,Warm Journey | Waterfront Fun | Outdoor Pool,567040150,Hotel Caza Fisherman Wharf
1461580238444116e3,Relaxed Vibes | Alcatraz | Picnic,567040150,Hotel Caza Fisherman Wharf
1461581909005853e3,City By The Bay | Picnic | Outdoor Pool,567040150,Hotel Caza Fisherman Wharf
1461612831326986200,Newly reimagined Union Square home base,703315834,Staypineapple An Elegant Hotel
1461612831745547500,Signature pineapple treats in the lobby daily,703315834,Staypineapple An Elegant Hotel
1461613271519943e3,Snacks and craft beer for purchase in the lobby,703315834,Staypineapple An Elegant Hotel
1461613365556838100,In-room PATH water bottle & lobby Water Bar,703315834,Staypineapple An Elegant Hotel
1461613628376103200,In-room lightweight robes & coffee/tea,703315834,Staypineapple An Elegant Hotel
1461613679605818400,Pet-friendly boutique in the heart of San Fran,703315834,Staypineapple An Elegant Hotel
1461613900967766500,Historic jewel box charmer with central location,703315834,Staypineapple An Elegant Hotel
1461613940462305800,Stylish house bikes & a welcome drink,703315834,Staypineapple An Elegant Hotel
1461796715780946e3,Quiet Modern studio. Tech HQs BART+Muni YerbaBuena,98090855,Trevor
1462256707509461e3,The Champagne Room in Boutique Luxury Hotel,491406090,Neighbourgood
1462295661859469300,The Corner Suite with City Views in a Luxe Mansion,491406090,Neighbourgood
1462295711245616400,Open-Concept Juliet Room | Perfect for Families,491406090,Neighbourgood
1462436150344046300,543a - convenient cozy private room for 1 person,456991164,Sylvia
146250962684919e4,Modern 2BR Apartment Near Golden Gate Park & UCSF,548927680,Tony
1462898203013283800,The Gold Den | Stylish & Sweeping City Views,491406090,Neighbourgood
1462914596361187800,The Bay Suite - Fireplace & Sweeping City Views,491406090,Neighbourgood
1462931931259732500,Romantic Stay in Historic Mansion,491406090,Neighbourgood
1462955932854126600,Joie de Vivre Suite with Bright City Views,491406090,Neighbourgood
1462964897329998300,The Noir Suite | Stylish City Retreat on Sutter,491406090,Neighbourgood
1462986668258305500,The Lavender Room | Cosy Deluxe King Retreat,491406090,Neighbourgood
1462996728750133800,The Sun King Room with Moroccan-Inspired Shower,491406090,Neighbourgood
1463009139499773400,Royal Suite | Skylit Lounge & City-View Balcony,491406090,Neighbourgood
1463015397228926700,The Rose Room | King Bed & Victorian Bath,491406090,Neighbourgood
1463144926558437400,Inn at the Opera Resort San Francisco,545799519,Selda
1463151702049929500,Furnished Bedroom in NOPA,682515378,Anneke
1463180019740299500,Beautiful one bed room @ HQ,2343138,Alikiah Barclay
1463208255506592500,"2BR SF Studio Near BART, Zoo & Downtown",520036473,Xin
1463250855267580200,DixieTigerLand,17290247,Dimitri
1463850545583881e3,Studio apt walkable to Oracle Park,700695652,John
1463871806163755e3,The Canterbury Resort 1 Bedroom,545799519,Selda
1.4643360523634721e+18,Cottage 1 BR cozy in SF,588683840,Miki
1464878229923025200,Sun-Drenched Mission Home,25015078,Rebecca
1465227021115694e3,Sunny/Stylish Nob Hill Dream Apt,16866,Nicholas
1465318531163807700,Elegant Pacific Heights Studio,560790028,Christian
1465589985555154400,Stylish 2bd next Kaiser/UCSF/USF,78910325,Li
1466190953052690400,Primary Suite City View,863303,Dana
1466398594743081500,Sunny room by the month near Golden Gate Park.,446325458,Ven
1466723449431643600,The Donatello Resort Union Square area of San Fran,545799519,Selda
1467408837729887500,BEI SF | King Exec High Floor | Near Union Square,699580416,Aishat
1467408844079613200,King Exec High Floor | BEI SF | Pets Welcome,699580416,Aishat
1467408847299796500,King Exec City View | BEI SF | near Chase Center,699580416,Aishat
1467408847682560800,BEI SF | King Exec City View | Pets are Welcome,699580416,Aishat
1467408897109923600,BEI SF | King Superior | Arts District Stay,699580416,Aishat
1467408902871840500,King Superior | BEI SF | near Union Square,699580416,Aishat
1467408904055100700,BEI SF | King Studio Terrace | Pets are Welcome,699580416,Aishat
1467408906290607e3,King Studio Terrace | BEI SF | near SF Attractions,699580416,Aishat
1467408938442747100,BEI SF | 2 Doubles Superior Room | Central Stay,699580416,Aishat
1467408945789735700,2 Doubles Superior Room | BEI SF | near City Hall,699580416,Aishat
1467408953036371700,BEI SF | 2 Queen Exec City View | Pets Allowed,699580416,Aishat
1467408955145996800,2 Queen Exec City View | BEI SF | Panoramic Views,699580416,Aishat
1467408957131819800,BEI SF | 2 Queen Exec High Floor | Pet-friendly,699580416,Aishat
1467408958925174500,2 Queen Exec High Floor | BEI SF | Near Union Sq,699580416,Aishat
1467408962784225500,2 Pet-friendly Rooms | Minutes to Pier 39,699580416,Aishat
1467408965815127e3,2 Executive Queen Rooms | BEI SF | Near Union Sq.,699580416,Aishat
1467408971795055400,2 Double Rooms | Pet-Friendly & Great for Families,699580416,Aishat
1.4674323104727841e+18,Travelodge SF Bay | 2 Queen Beds | Pet-friendly,699580570,Aishat
1467432315659916500,Pet-friendly Stay | Travelodge SF | 2 Queen Beds,699580570,Aishat
1467432329293693700,2 Queen Beds | Travelodge SF | Kitchenette,699580570,Aishat
1467432333425690600,Studio Suite | Travelodge SF Bay | Sleeps 6,699580570,Aishat
1467432335071712500,Travelodge SF | 2 Queen Beds | near Union Square,699580570,Aishat
146743233632406e4,Travelodge SF Bay | Studio Ste | Ideal for Groups,699580570,Aishat
1467432346110498600,Travelodge SF Bay | 2 Double Beds | Pets Allowed,699580570,Aishat
1467432347921962800,2 Double Beds | Travelodge SF Bay | near SF Fun,699580570,Aishat
1467432349593254100,Queen Bed | Travelodge SF Bay | Budget Friendly,699580570,Aishat
1467432360809113900,Central Stay | Travelodge SF Bay | 1 Queen Bed,699580570,Aishat
1467432367548406e3,King Bed | Travelodge SF Bay | Near Chase Center,699580570,Aishat
1467432371568703700,Travelodge SF Bay | King Bed | Near Golden Gate,699580570,Aishat
1467432373852513e3,1 King Bed | Travelodge SF Bay | near Fort Mason,699580570,Aishat
1467432374685267e3,Travelodge SF Bay | 1 King Bed | Pet Allowed,699580570,Aishat
1467480600213036e3,The Green Street Cottage,31998552,Joshua
1467526806808598500,Private Room with Queen Bed,523997837,Daniel
1467700091741981400,#A3 BR in SF Sunset | Near UCSF & Golden Gate Park,520036473,Xin
1467924895564471e3,Stylish 3BR3B｜Gated Community｜Garage AccessE#42438,414420881,Eric
1467939815409095e3,Spacious 3BR3B｜Pet-Friendly｜Office & Study G#42438,504252105,Guesty
1468203205364612e3,BIG & Sunny - Classic SF Mission BR,2001297,Urs Leonhardt
1468501013952269600,Victorian in the Lower Haight,30597445,Lloyd Campbell
1468530889514080500,Creative Soul’s Dream Retreat,5822506,Ivan C
146881823297804e4,Wyndham's Inn at the Opera!,175004196,Andrea
1469628689148389600,Edge of Dogpatch SF Living,121572473,Jeanette
1469668930186799400,Cozy Sunset 2BR · Walk to Beach & Park,68258429,Junxi
1470426734891569400,Inn at the Opera Resort San Fran,336576760,Tim
1470660025597194800,Spacious and Comfortable Room,708836605,Jifen
1470997715412430800,Wyndham Canterbury 1 Bedroom Suite San Francisco,690613240,Charles
1471130499500943e3,Comfortable Home by Golden Gate Park,58690462,Kimberly
1471913976947268900,Modern & Private 1BR w/ Bath in SF-Monthly Stay A1,523997837,Daniel
1471923658142855700,Room/Bath in an art & plant-filled central SF home,182547,Manoj
147247822431653e4,"4 bedroom, 3 bathroom Modern Historic Horse Stable",5977527,Emily
1472540892534467600,Modern & Private 1BR w/ Bath in SF-Monthly Stay A3,523997837,Daniel
1472552089176241400,Private Downstairs Hosted Suite,531869034,Daryl
1472580603278398200,Private room with private bath by Golden Gate Park,709385812,Hong Xin
1472587831682045400,Golden Gate Lux 5BR (30+ day bookings only),685284821,Jonathan
1472588479883199700,SF Studio • Furnished • Gym • WiFi • 60+ Nights,697497425,Angel
1472660150764819200,Modern & Private 1BR w/ Bath in SF-Monthly Stay A2,523997837,Daniel
1472747497138464800,Beautiful Condo in Noe Valley,8014822,Carrie
1472901511714249e3,Cozy Bedroom for One Person,708836605,Jifen
1473306687844743700,Beautiful Nob Hill Apartment,462094388,Lucas
1.4733800824518241e+18,"Cozy studio near SFSU, shops & Golden Gate Park!",674880825,YuQun
1474035612640905200,Victorian Jewel Box Pac Hts I/U laundry & AC,138016358,Danielle
1474629887161652500,1br 1ba suite - Union Square,14289186,Ryan
1474666157525753600,2br Executive Suite - Union Square,14289186,Ryan
1474909908766295300,Pac Hts Haven w I/U laundry & AC in Victorian,138016358,Danielle
1474989818215363300,Vibrant Victorian Jr 1bdr Pac Hts I/U laundry & AC,138016358,Danielle
1475107621784689700,Modern Studio in Heart of SF|Gym Rooftop | Monthly,61781702,Luis
1475375698402268700,Garden suite in sunny Dogpatch,4350761,Jean
1475840144636700700,Nice clean quiet private room,210212078,Armando
1476263767642753500,"1 BR w R/T Deck, A/C and Gym",1257432,San Francisco Life
1476459948146718e3,SOMA Penthouse Bedroom,303118342,Jesse
1476930786069111e3,Garden Retreat-Prv 1BRGood Neighbors. Great Stays,16259296,Salustiano
1476975255911817200,Modern Home in Noe Valley,6716520,Bryan
1477839840297696800,Art apartment with a view,670351026,Tatiana
1479212320837318700,Modern Victorian Home in Noe Valley,44946301,Stephanie
1479759636995852500,Cozy Sunset Studio by UCSF Parnassus,544777279,Cindy
1480087288531713500,Sunny Upgraded and Modern 1Bed In Soma w/ Rooftop,674872898,Geneva Nkechi
1480139552782947300,Comfy 2 bedroom with backyard,7443050,Christina
1480842129090484200,1679 - Beachside 1BR • Walk to Ocean & Park,139764807,Zhen
1481322631751263e3,Cozy private studio,153991338,Daniel
1481359342914974e3,1 Bedroom Suite near Union Square,573172119,George
1481443026220505300,Serene Cole Valley Flat in the heart of SF,711839741,Jacob Tucker
1481724213852375e3,"Blueground | Telegraph Hill, garden, nr Coit Tower",107434423,
1481967041409706500,"Gorgeous en-suite rooms, great views, easy parking",15376205,Simon
1482028145776057900,Ocean view apartment,1120983,Heather
1482100897489051600,1 Bedroom Suite near Union Square,573172119,George
1482729542364139300,SF_Huge Oceanview room #1_Long Term Rental,56731063,Peter
1482791245792007200,SF_Oceanview Suite #3_Long Term  Rental,56731063,Peter
1482805576786374400,SF_Peaceful Room A_Long Term Rental,56731063,Peter
1482817674772557300,SF_Garden Room #B_Long T Rental,56731063,Peter
1482912545327858200,20%OFF| Long Stays Welcome – at SoMa Stay,712228636,Ramzi
1483007383896295e3,Cozy 1bedroom unit CCSF Bart New - MT,523997837,Daniel
148302978514791e4,Comfy Room for Two,708836605,Jifen
1483102601875562200,Private Room near Golden Gate Park UCSF,548927680,Tony
1483107619546908700,City Lights Loft,9194498,Robin
1483591401661662500,Taylor Street Retreat @ Union Square,710458493,Salman
1484189155964362500,"Charming, Cozy Downtown SF Hideaway",710458493,Salman
1484849528730449400,North Beach SF Luxe 2BR/1BA with Deck,167037749,Rasim
1485003081502508800,Luxury 1 Bed Apt-Pool Gym @ Caltrain & Oracle Park,350862525,Chris
1485078032298043600,Startup Stay in Downtown San Francisco,710458493,Salman
1485273045511588600,Cozy n Comfy Room @ Union Square,710458493,Salman
1485380179631774e3,Chic Potrero Hill Victorian,10431718,Philippine
1485549338521433300,Economy Double Room with Private External Bathroom,309730457,Edwardian Hotel
1485657596684069400,Quiet & Private 2BD/2BA + Patio,5977527,Emily
1485789610708972300,Noe Hills 1BR (2 rooms/2 queen beds) w/ pvt patio,1669546,Charles
1485822729270498800,Boutique and Cozy Hotel Room,710458493,Salman
1485968824848281300,Home in the Heart of Downtown,710458493,Salman
1486438256092706e3,Cozy Private Suite in Outer Richmond,480019409,Sunny
1487759190143622700,Serene Family Space | Three Rooms Near Pier 39,174792040,RoomPicks By Victoria
1487759289055206100,Bay Retreat near Fisherman's Wharf | Pet Friendly!,174792040,RoomPicks By Victoria
1487759296425720800,3 Deluxe Partial Bay View Units | Pet Friendly!,174792040,RoomPicks By Victoria
1487934492883667200,Bright & Cozy SF Getaway,710458493,Salman
1487941963350390800,Relaxing Union Square Launchpad,710458493,Salman
1488077032787546400,SF Treehouse | Hot Tub + Pet friendly | 5 min BART,9599078,Avery
1488333128653162e3,Central SF Stay | 1 Unit | Near Civic Center,685025353,Aishat
1488333145737429800,Downtown SF Stay | 1 Unit | Near Union Square,685025353,Aishat
1488333151356804600,San Francisco Stay | 1 Unit | Central Location,685025353,Aishat
1488336156649631500,2 Modern Rooms | City Views | Downtown SF,685025353,Aishat
1488612938637308200,Cozy Home In SF•4 Queen Beds Near Beach & GG Park,594391943,Andy
1489425477349522400,Cozy Studio|Historic Bld|Walker's Paradise|Central,436543529,Laura
148943759428222e4,Large King Bedroom,58382427,Shaelene
1489897185596821800,SuperHost Spacious Bedroom Cow Hollow,2228453,Ellen
1489946255836499200,Hosted Hayes Valley Haven,25478741,Alexandra
1490291158790740500,Luxury condo + spacious patio,291217150,Katie
1490297612953145600,Furnished 2BR/1BA in Ingleside,141228523,Candy
1490311309358730800,Homely Oasis with Peace of Mind,47693777,Rajdip
1490393224208348700,Mission Bay 1 BR w/ Office by Anyplace - 11717,415840703,Anyplace
1490937856427509e3,-:Top Fl 4 Bedrooms Home in SF:-,709243287,Alice
1491349251715431e3,Downtown SF Co-Work Retreat on Ellis-Air,666201291,Dustin
1491560789996641300,New Luxury Mid Century Mdrn Jr/ 1 Bdrm Nr Union Sq,118572305,Hoai
1491575356526938400,New Luxury Mdrn. Large 1 Bdrm in SF Nr. Union Sq,118572305,Hoai
1491732759627431700,Large Room in Soma with Private Bathroom,122922522,Diego
1491775199230981e3,Cozy Private Room near Golden Gate Park UCSF,674880825,YuQun
1492263795364932e3,The Donatello-Studio,510746254,Jackson
1492453558266393e3,Gorgeous Views in the Mission,485574338,Margaret
1492700907464481500,"Blueground | Civic Center, pool, nr City Hall",107434423,
1492947781687052e3,Mission Bay 1 BR w/ Office by Anyplace - 11722,415840703,Anyplace
1493039153859771100,41 - Classy 3 Bedroom unit near FWY & Transit,146232658,Annie Wei Ping
1493185960849482e3,Dolores Heights Cottage w/ VIEWS,39759525,Maria
1493810889637612300,Fabulous 2bd/1bth located in SoMa w/ Parking/Patio,350864458,Daniel
1494298384100031200,Stylish High-Rise W/Skyline View,715166016,Pejman
1494935665535250700,Charming San Francisco Apartment,36011015,Mikayla
1495364213823611e3,Private Room near Golden Gate Park UCSF,548927680,Tony
1495790616219606500,North Beach private room.,429575203,Jesse
14960690537977e5,Downtown SF Work Hub,710458493,Salman
1496196850146935800,Modern Downtown Hotel Haven,710458493,Salman
1496410790640111600,Russian Hill clean private room,210212078,Armando
1496474594644744400,Nice private room in Russian Hill,210212078,Armando
1496616802893383700,Deluxe Home for Executives & Families,560790028,Christian
1496704074377725200,"Modern Luxury Furnished 2BR, #8",9965793,The Twist
1496802463065004e3,Bright 2 Bed Potrero Hill Apt w/Patio,5669540,Jaron
1496824614227705300,"Marriott Vacation Club, Pulse-SF Historic Downtown",666607567,Rachhit
1497184196520679200,【 Walk Score 80 】Wrap-Around Deck【Next to GG Park】,304721494,HostWell
1497250149597076700,2288n - Small 2BR Ground Unit near Ocean & GG Park,714865261,Bai Qing
1497327654430958e3,Private Queen Size Room in SF,670167675,Shing
1497516992137480400,Private Room with Queen bed SFA1,670167675,Shing
1497528664341611e3,Private Room with Queen bed A3,670167675,Shing
1497559559362883e3,3BR5bedsFlat Near Chase Center & DT SF + Parking,670167675,Shing
1497834689219593e3,"Blueground | SoMa, fitness center, nr Civic Center",107434423,
1498013412043371300,2 bed/2 bath in the heart of Bernal Heights,716069750,Allison
1498733247901516800,40%OFF Monthly Stay:2B1B Close to UCSF & Hospitals,47291779,Wai
1498836009608916200,Mission Vibes | Bright 1BR + Sutro Tower Views,10782382,Cassie
1498890967225433300,Golden Hour Escape /Pink house near beach & GGpark,182770575,Sunny
1498958112086931700,"House w/2 king beds, private baths, and a hot tub",9194713,Lance
1499023105718953e3,Top-Floor Bedroom w/ Rooftop View & Great Location,3107918,Minh
1499423145653829e3,"Quiet, Modern Room Available",27357569,James
1499470790798587600,Club Wyndham Suites at Fisherman’s Wharf,76556371,Raul
1499581470510980600,Chic & Plant filled apartment in Russian Hill,98894458,Tulika
1499677890538721e3,Sunny Bernal Heights Home with Amazing Views,16496456,Jason
1500300301718901500,Spacious Marina Gem with Modern Comforts,13832870,International
1500977892271460900,New & Cozy Private Room Near SF Public Transit,662393316,Kingston
1501012055006932200,Affordable Private Room- Easy Access to SF Transit,662393316,Kingston
1.5010171880385759e+18,New SF Private Room w/Fast Wifi & Close to Transit,662393316,Kingston
1501352922080219100,"Blueground | SoMa, fitness center, nr Civic Center",107434423,
1501476205348736300,Inn at the Opera Hotel Room,457152913,Todd
1501667068346692e3,North Beach private room 3.,429575203,Jesse
1502200882453690400,Donatello Resort Studio,457152913,Todd
1502309369822255600,"The Donatello Hotel, a block from Union Square",77606360,Christine
1502347295705761500,North Beach private room 4.,429575203,Jesse
1502461016149035800,2Bed-2Bath Private space in SF House,22742594,Sachin
1502537336297096700,Modern Victorian Retreat in Bernal Heights,6342146,Joelle
1503022237566697200,3br 2ba Presidential Suite - Union Square,14289186,Ryan
1503096713331158800,3 Bedroom Cozy Home,126283237,Christine
1503180416806971e3,"Your Zen Retreat, a Little Bigger",6165979,Bill
1503823927081773300,North Beach private room 5.,429575203,Jesse
1504007172634501400,Stylish Mission/Valencia 1BR – Prime Location,252174987,Julio
1504015475074187800,Entire 2-Bedroom Flat in Vibrant Mission District,252174987,Julio
1504024881306946800,Private 1 Bedroom 1 Bathroom with Garage Parking,708836605,Jifen
150421069236199e4,Modern Luxury & True San Francisco Living,46188711,Zhilin
1504742679425942800,The Sutro Vista | Luxury Twin Peaks Stay,121915753,Carolina
1505101692175465500,Bright Mission Flat – 2BR/2BA (Family Friendly),67216,Laura
1505187048371736800,North Beach private room 6.,429575203,Jesse
1505488461371804200,GGHWarmbnb #1,490194796,William
1505523525275477500,Getaway by SF City Hall & Opera House - 50% Off,24502182,Hao
1506523478645998800,Cozy Private Guesthouse in Potrero Hill,49247271,Yeimy
1506603120558194200,Premium apartment in Noe Valley,375311855,Alfonso
1507255092397012e3,Central Hotel Suite@ San Francisco Pulse,541440760,Lillian
1.5073134339798241e+18,Central Hotel Suite@ Club Wyndham Inn at the Opera,541440760,Lillian
1507322091313968400,Spacious 1BR Deluxe@ Club Wyndham Inn at the Opera,541440760,Lillian
1507352073793096400,*SF* Modern Bay View Loft • King Bed • 2 Baths,197191149,Kyle
1507448829852483800,"Cozy Stay with Rooftop Pool, Near Pier 39",681534187,Aishat
1508153968348247e3,Corner Unit with BayViews in Prime Marina Location,13832870,International
1508154012718396e3,Monroe Studio 325,502034331,Larkin
1508367879610727700,Penthouse golden gate view Alcatraz with rooftop,18945511,Andrea
1508906492806301400,2br 2ba Presidential Suite - Union Square,14289186,Ryan
1508970324012821800,North Beach private room 7.,429575203,Jesse
1509885963363586300,1BR Retreat | Open Layout + Comfort Near The Pier,718890299,Sumeet
1510198571282143700,Lone Mountain Penthouse,71374012,Suzanne
1510240210093522400,1890's Alamo Square Vic Beauty 4BRs (30-365 days),2242443,Michelle
1510808319935692500,"Hayes Valley/ Lower Haight, 1500 sq ft flat.",880855,Tony
1510987224435278e3,North Beach private room 8.,429575203,Jesse
1511080117782124800,3 story Executive Designer Loft in Hayes Valley,119672440,Felix
1511114104543483100,Modern Private Room w/ Bath in Vibrant Castro,7645896,Conglei
1511289987160113e3,Private Bedroom in luxurious shared unit,450566236,Helen
151131178186789e4,Turnkey North Beach Furnished 1BR - Utilities Incl,40144809,Sebastien
1511348742437328600,Downtown SF Startup Stay,710458493,Salman
1511440806935691300,Mission Bay 1 BR w/ Office by Anyplace - 11725,415840703,Anyplace
1511441390581322e3,Mission Bay 1 BR w/ Office by Anyplace - 11726,415840703,Anyplace
1511599892237497900,"Blueground | SoMa, fitness center, nr Civic Center",107434423,
1511683762605754e3,Bayshore Skyline Home – 4BR in South San Francisco,31763323,Garrett
1513156278048258300,The Royal Bohemian,32615893,Misha
1513221484184173600,1 Bedroom Luxury Suite near Union Square,573172119,George
1513285163669644300,Luxury 1BR apartment next to Oracle Park,31650717,Alba
1.5133486511120481e+18,A quiet unit in a central location,596756931,Vered
1513480669603329300,"Dolores Heights Gem | Walk to Food, Art & Bars",68136752,Kevin
1515036754604921600,Restful Union Square Live-Work Hub,710458493,Salman
1516115797871890400,1145 - Charming 4BR Home near Golden Gate Park,481973559,Lai Chi Wong
1516198924855550200,Quiet NOPA Beauty,25545123,Sharon
1516208603138875400,Buena Vista Park 1 Bed 2 Bath Newly Remodeled!,521108484,Alberto
1516345475180609e3,San Francisco Union Square Urban Haven,710458493,Salman
1516351671011609e3,Agile Union Square Live-Work Nook,710458493,Salman
1516579329831843800,Park View Victorian · Noe/Mission/Castro · Garage,46107941,Robert
1516629232996529e3,Private Room | Mission near Dolores Park,682515378,Anneke
1516740539324903e3,Sunny Private Room Russian Hill SF,18013550,Juan
1516784499740617700,"Blueground | Civic Center, pool, nr City Hall",107434423,
1517011945075870200,"Charming 2BR + Office in the Mission, Near Castro",255954548,Kevin
1517359667527321300,"Blueground | Civic Center, pool, nr SF Opera",107434423,
1517430002222408e3,"Private room-1, shared bathroom",429013475,Sam
1517483851248343600,Welcome to Powell Place in the Heart of SF,216459848,Hector
1517631552178619e3,"Room in Quiet Neighborhood, walkable to transit!",2204728,George
1518075518494818e3,"Blueground | SoMa, fitness center, nr Civic Center",107434423,
1518206756726021e3,Tech Life in SOMA SF - Shared Baths,351395739,Tony
1518317524268874200,"Sunny City Sanctuary | Near Warriors, Giants, UCSF",406508,Inke
1518406816331116500,Donatello San Francisco Studio - Great location!,21265745,Brad And Sarah
1518442122737374200,Central SF Union Square Hideaway,710458493,Salman
1518452013922510300,Everyday SF Mini Suite @ Union Square,710458493,Salman
1518875081166278e3,Nob Hill Edwardian,168228645,Lee
1518880498691424500,The Hyde Hill Hideaway | San Francisco,720986563,Nadezda
1518942769735104e3,Noe's Nest - Perched above the clouds,580236,Vladislav
1519650899718183200,Famous Prime Russian Hill Flat with outdoor space.,7873769,Marty
1519742687603396900,Great Location,3541694,Susan
1520471580798990600,Compact bright Glen Park efficiency studio!,7252485,Linda
1520594129910461700,Garden View Villa | San Francisco Artist's Studio,9599078,Avery
1521113742340477e3,Iconic Twin Peaks Home W/ Garden Views of Downtown,671125048,Patricia Henderson
1521120018096292e3,"Home in San Francisco near golf, lake, beach",74412685,Tiffany
1521958149796144600,Island apt with resort vibes - 30 days min. stay,240397,Denis
1522031277201368e3,Fully Furnished 4BR Bayview Unit | 30 Nights,169087871,Hongxia
1522099542455658e3,Bright & Stylish Renovated Stay | Central SF,6001465,Danae
1522198988002658800,Cozy Chic Twin Room Heart of San Francisco,6001465,Danae
1522489472556759600,Stunning San Francisco Bay View House,276523715,Karen
1522766599352503600,Suite with Stunning Views & Yard,3965399,Chi Wai
1522781984745447700,Private quiet room in Russian Hill,210212078,Armando
1523322339331819300,The Work-Ready Stay in Union Square,710458493,Salman
1523333311503350300,Union Square Focus & Rest Loft,710458493,Salman
1523357249151472400,1bd in Fisherman's Wharf,434236194,Serenity
1523390138881155e3,"1 bedroom in Fisherman's Wharf, San Francisco",434236194,Serenity
1524024128780261400,Crosspoint Mini Suite in Union Square,710458493,Salman
1524054896798097700,Cozy luxury apartment building in San Francisco,18917466,Vincent
1524241202349830100,The Canterbury Resort San Francisco 2BR/1BA Suite,369892331,Byron
1524249596926132700,Charming Lower Pacific Heights Apartment,722217744,McKenzie
1524383643821917e3,Mid-Century Modern Flat - Millow Suite,1789683,Thomas
1524580912472391e3,"Art Deco Flat - View - 3 bedroom, 2 baths & garage",399251647,Judy
1524630307733606700,Cozy SF Apartment - Steps to trails,399251647,Judy
152483364749385e4,North Beach private room 9.,429575203,Jesse
1524906386945746e3,"Stylish Loft in San Francisco, Balcony/Parking",18095236,Brian
1526237762560802600,Exquisite designer loft in historic Mill Building,3179232,Jordie
1526243277446018300,Pac Heights Paradise. 3 King Beds. Super Walkable!,115417467,Mykolas
1526283250703769900,Overflow 6,875221,Jessica
1527040139644613400,"SF Classic Craftsman 3BR/2Bath, Great Location",4656446,Air Concierge
1527954810777664300,1BR/1BA in-law suite with ocean views,410372839,Andrea
1527973638807795e3,RoomsOn21,723096904,Michael
1528517192280020700,Elegant Apartment in the Heart of San Francisco,19534291,Lota
1528691154489831400,"Aloha Haven, Sunny Private Suite by Ocean & Trails",34828416,Justin
1528720953767181800,Peaceful Garden 1bd/1ba in SF’s Best Neighborhood,7261337,David
1530161737648835800,Beautiful cozy penthouse w/ 2 large decks & views!,4707258,Spencer
1530581347532549600,Winter special $395/night NOPA Penthouse 5BR/2BA,450802168,Isabella
1530606569804910800,"Centrally located historic house, parking",9286454,Russell
15306561198598e5,Perfect Stay | Spacious 3BR/2BA w/ Modern Design,15033953,Vincent
1531298741163701800,Cozy 2 bedroom flat minutes from Glen Park.,61894994,Liliane
1531317471202198500,North Beach private room 11.,429575203,Jesse
1531503664350571300,RoomsOn21,723096904,Michael
1532316592703481600,Canterbury 1BR/1BA Suites,369892331,Byron
1532876824393791e3,Cozy Stylish Entire Home | Stunning View,149438243,Hao
1533368073812723e3,The Donatello Studio,444732174,Sheryl
1533384726793335600,The Overlook – Modern Rooftop Suite with City View,717501574,Yuli
1533555250309343200,Cozy & Spacious Studio Apt. overlooking Japantown,193858881,Rishabh
1534541015124874e3,Hotel at Inn at the Opera,688304085,Jeremy
1534547501103078700,1 BR at Inn at the Opera,688304085,Jeremy
1534550960395744500,Gorgeous Hotel at Inn at the Opera,688304085,Jeremy
1535696340038864600,Charming Spanish house 2B1B+office+free parking,656816789,Xiang
1535702406965591800,"Russian Hill Nest Private Room, Prime SF",18013550,Juan
1536305683745043700,Spacious Hayes Valley Apartment,9632192,Susan
1536416943189982e3,2BR 2BA Condo in Cow Hollow,1257432,San Francisco Life
1536612029371320800,Ashbury Heights Studio,303118342,Jesse
1537150221008893e3,Bright Russian Hill Retreat,18013550,Juan
1537379863112898e3,Sanctuary Mission Bay,181128204,Daniel
1537403734764908500,Central & Unique House w/ Yard + City Views,725245328,Jonathan
1537455241866974200,SOMA Urban Living 2 bedroom 2 Bath,303118342,Jesse
1537760032514745300,Bright Spacious 2BR (GGP and Presidio),117954292,Chan
1537989489420138200,Inn at the Opera Hotel Room,457152913,Todd
1538130402254852400,Cozy studio next to Kaiser UCSF Little Chinatown,78910325,Li
1538435981214905e3,"Hayes 2BR, 2BA with balcony, A/C and rooftop deck",1257432,San Francisco Life
1540112153964171800,"Bright 1BR w/ Balcony, Private garage + Amenities",1302031,Sandra
1540296161945288200,Lovely 3 BR at the Canterbury,688304085,Jeremy
1541024119982623700,Serene home with mountain and bay views,43648899,Morgan
1541080404668959700,"Private apartment 1 br, sunny potrero hill.",74125906,Tay
1541279260192608e3,Donatello Resort Studio,457152913,Todd
1541406479499311400,Beautiful 2 Bedroom Condo in the heart of Mission,3076907,Elsa
1541521029021234400,San Fran Union Square Studio on Lovely Resort,303719667,Chris
1541558942346620700,32nd floor luxury apartment next to Hayes Valley,43375717,Alex
1541754955495395800,Cozy top-floor room with private deck & great view,3107918,Minh
1542163284989693200,Gorgeous Victorian Steps to Dolores Park!,726347666,Susan
1542571808906049300,Tech Traveler Mini Suite,710458493,Salman
1542681394991054600,Hayes Valley Studio,10699902,Kevin Michael
1542958822055322600,Prime SF Stay for Conferences: Work & Recharge!,85770067,Jared
1543803272274943500,Bay-View Haven | Modern 1BR High-Rise | Balcony,276281445,Anahita
1543872989450708700,543-2 - 3BR Inner Richmond Flat w/ Desks & Laundry,456991164,Sylvia
1544275064644134e3,Noe Valley Studio,303118342,Jesse
1544601109683360300,Fully furnished extra large private room,210212078,Armando
1544913725841594e3,Elegant Ensuite in Designer Victorian,10081093,Cameron
1544967386543823400,Master bedroom in RinconHill FiDI,699926603,Leandro
1545096283012104700,"Peaceful, spacious, BRAND NEW, 2 bedroom unit",56718442,Brielle
1545344612421781500,Business Hub Mini Suite @ Union Square,710458493,Salman
1545350136028061e3,Easy and Cozy SF Stay @ Union Square,710458493,Salman
1545928595724789800,Modern Mission Bay Loft Near Oracle Park,294225873,Mikaela
1545942024110452500,Essential Union Square Live Work Stay,710458493,Salman
1546479533236793300,Single Rooms in Soma - Shared Bathrooms,351395739,Tony
1546831468775454e3,Garden Retreat • Easy Transit to Downtown & UCSF,115109717,Heng
1547553177187925e3,SF Oasis | 4BR Modern Home w/ Parking & Movie,710489090,Lac Binh
1549420236853819e3,two bedroom in Super location,3509116,Monty
1.5495906735202719e+18,Warm and Cozy 1 Bedroom Suite w/ Private Bathroom,107082058,Ricky
1549604172123590700,Nob Hill Modern Condo,13499994,Nick
1550793001190313e3,Classy 1 Bedroom in the Canterbury San Francisco,406414334,Zachary
1550797312373664800,Minimalist Victorian Architecture | Park | Netflix,365002350,Megan
1550847339979755800,1 Bedroom at Canterbury San Francisco,406414334,Zachary
1551025889635110700,1BHK in Potrero Hills w/ 2 workstations + monitors,336887494,Agam
1551444077670095600,Urban Chic 1-Bedroom - Prime SoMa Location,504878421,Karan
1551490821599455200,Hilltop Property w Breathtaking City & Bay Views,86172098,Mary
1551719080785623800,Artist’s Victorian in the Heart of SF,2178010,Ann
1551862285027260200,Modern Studio Hotel in the Heart of San Francisco,149639732,Faraz
1552309549948273700,Marriott Vacation Club San Francisco Pulse,508540604,Vince
1552626195729228800,2 BR at Fisherman's Wharf,688304085,Jeremy
1552631914974644500,1 BR at Fisherman's Wharf,688304085,Jeremy
1552638416675223800,Lovely 1 BR at Fisherman's Wharf,688304085,Jeremy
1552648613257183500,Spacious 1 Bedroom at Canterbury San Francisco,723898434,Christopher
1553031514824950500,Urban Bay Retreat—Chase Center & Downtown!,10685036,Holly
1553078140835022300,Luxurious Marina Waterfront Home With Views,1764502,Neil
1553149119121730800,#2 Ocean Beach Retreat | Surf & Work | Fast Wifi,279705220,Shi
1553151212686687200,Unobstructed Alcatraz/SF Bay View Full Floor Flat,113483038,Wade
1553171482916880400,#5 Light Rail at Doorstep | Fast Wi-Fi | Beach,279705220,Shi
1553207112240490800,#1 Light Rail at Doorstep | Fast Wi-Fi | Beach,279705220,Shi
1553214121902975700,#3 Steps to Muni • Quiet Sunset Room w/ Fast Wi-Fi,279705220,Shi
1553248900717867800,Ritz-Carlton Club: Luxury Super Bowl LX Residence,475517872,Jessica
1553629700711641900,Donatello Resort Studio,457152913,Todd
1553672281078366e3,Travelodge Presidio SF| King Bed| See Golden Gate,699580570,Aishat
1553672294598195200,King Bed| Travelodge Presidio SF| Budget-Friendly,699580570,Aishat
1553672310367093200,Travelodge Presidio SF | Queen Bed | Pet-Friendly,699580570,Aishat
1553672310813906700,Queen Bed | Travelodge Presidio SF | Free Parking,699580570,Aishat
1553672315234377700,2 Queen Beds | Travelodge Presidio SF Stay,699580570,Aishat
1553776838628840700,Entire 4BR Luxury Home | Prime Russian Hill,18013550,Juan
1553925730740074800,Central Convenient Bright Room Mission Dolores,433787438,Diana
1553926302954609200,Upper Haight Getaway,59069925,Joleen
1553952967157709600,3 bedroom in upper Haight SF,59069925,Joleen
1554095687517889500,Remote-Ready Union Square Stay,710458493,Salman
1554334223054582300,Presidential 3BD in Canterbury,406414334,Zachary
1554488733329504500,"Apart-hotel @ California Street, Close to Union Sq",2676835,Luis Higinio
1555094228127873500,Deluxe 1BD Inn at the Opera,406414334,Zachary
1555121625374858200,Deluxe Queen Room at the Opera,406414334,Zachary
1555321566526887400,Casa Paz,23195770,Celia
1555851431207443700,"Apart-hotel @California Street, Close to Union Sq2",2676835,Luis Higinio
1555877396323839e3,"Apart-hotel @California Street, Close to Union Sq3",2676835,Luis Higinio
1555980995221016e3,1br/1ba South Beach Condo,72601337,Clifford
1556049950352817400,All-inclusive resort style room in South Beach,449132247,Mary
1556622687405337300,Apart-hotel@California Street Close to Union Sq 1a,2676835,Luis Higinio
1557346150611246600,"Apart-hotel @California Street, Close to Union Sq4",2676835,Luis Higinio
1557436509276816400,Entire 1BR Steps from Moscone Center,676993442,Noura
155811474332021e4,Spacious private room by Golden Gate Park & UCSF,709385812,Hong Xin
1558148534455008e3,Serene Master Suite 3 Blocks from Golden Gate Park,709385812,Hong Xin
1558374528063208700,San Fran Luxury Downtwn 1BR Condo on Lovely Resort,303719667,Chris
1558882652454104800,"Cozy 2BR Suite, Totally Private W/Parking",92075817,Zuoliang
1559035047851581700,Cozy Guesthouse with Modern Appliances & Private P,697570943,Shervin
1559671033290004200,Newly private newly 2 Bedroom with Pet friendly,339209014,Xiaojun
1559678590395750700,Luxury Two-Level 2BR/2BA in North Beach,511453456,Joy
1560252462858271200,"NEW Casa Castro Poppy | W/D, Wkly Clean, Pvt Bath",2146719,Nikki
1561042114783956200,San Fran Luxury Downtwn 1BR Condo on Lovely Resort,303719667,Chris
1561073068408376600,San Fran Luxury Downtwn 3BR Condo on Lovely Resort,303719667,Chris
1561098854215252700,San Fran Luxury Downtwn 3BR Condo on Lovely Resort,303719667,Chris
1561207773642781400,Private Room in Presidio Home (Bay & Bridge Views),117024100,Matthew
1561227020579191600,Chic SF Retreat Near Chase Center & Oracle Pk,3928438,Sarah
1561358834328145400,Sunny City Sanctuary | Room with downtown view,406508,Inke
1561478996497977e3,"Blueground | SoMa, fitness center, nr Civic Center",107434423,
1561542133055311e3,Amazing room in Central SF,531251711,Joyce
1561664832071149800,Cozy North Beach Gem — 1 BR / 1 BA Condo,445697747,Tim
1562075363017157400,TopFlr 2bdm near GGP/GGB/Beach,565984295,Daniel Y S
1562464103750679600,Lake street gem. Nicest street in San Francisco!,4326245,Jeff
1564483804277641e3,"Blueground | Civic Center, rooftop, nr City Hall",107434423,
1565383283381049e3,Richmd Top Flr Views. 1/2 blk GGP+Beach+Lndry Pkg!,596408433,Janet
1565718447321035800,Parkside SF 3bd FamilyGetaway near Kaiser/USF/UCSF,78910325,Li
1566121857681917400,1 bd in charming Victorian apt in Mission district,82404474,Avishek
1566177191036050200,Apartment in San Francisco Pacific Heights,17177060,Joseph
1566274130444879400,Stylish Modern Residence with Stunning Views,14702794,Charu
1566383361568621800,SF 2 Bedroom Pokemon House,107082058,Ricky
1566535123597603e3,Union Square Work + Sleep Base,710458493,Salman
1566700244753748700,Cozy Studio in SF,17177060,Joseph
1566745368151784700,Apart-hotel Single Studio Room @California Street,2676835,Luis Higinio
1.5670501832190241e+18,Lovely one bedroom unit in SF,670351026,Tatiana
1567088989890989800,Perfect crash pad in Heart of Marina / Cow Hollow,484187025,Lenox
1567112522858681600,Apart-hotel Jr Single Studio Rm @California Street,2676835,Luis Higinio
