listing_id,neighbourhood
958,Western Addition
5858,Bernal Heights
8142,Haight Ashbury
8339,Western Addition
10537,Bayview
10578,Nob Hill
11490,Nob Hill
12041,Haight Ashbury
12042,Haight Ashbury
12522,Castro/Upper Market
18231,Noe Valley
18904,Western Addition
21334,Nob Hill
24111,Parkside
24463,Potrero Hill
24723,Pacific Heights
25094,Glen Park
26488,Financial District
29557,Outer Richmond
32414,Bernal Heights
33578,Potrero Hill
38935,Mission
39418,Bernal Heights
40092,Mission
41423,Glen Park
41609,Downtown/Civic Center
42060,Western Addition
44032,Mission
45299,Castro/Upper Market
46060,Castro/Upper Market
47486,Ocean View
47682,Pacific Heights
51557,Western Addition
51773,Pacific Heights
54518,Financial District
54634,Pacific Heights
55632,Outer Richmond
55636,Twin Peaks
57561,Bernal Heights
57676,Mission
59831,Outer Sunset
60101,Bernal Heights
60365,Western Addition
63247,Mission
64165,Marina
68239,Mission
69410,Inner Richmond
70139,Bernal Heights
70753,Financial District
71645,Bernal Heights
72444,Financial District
77175,Glen Park
78651,Mission
80394,Haight Ashbury
81158,Western Addition
83257,Western Addition
91957,Haight Ashbury
96383,Pacific Heights
99094,Mission
105497,Outer Sunset
109883,West of Twin Peaks
121065,Western Addition
124011,Inner Sunset
130775,Haight Ashbury
132441,Bernal Heights
137129,Inner Richmond
138221,Inner Richmond
138592,Noe Valley
144978,Pacific Heights
147443,Diamond Heights
148627,Marina
148769,Twin Peaks
150347,Mission
166771,Haight Ashbury
175090,Financial District
175102,Chinatown
183859,Glen Park
193292,Noe Valley
199480,Bernal Heights
208714,Downtown/Civic Center
208831,Russian Hill
209514,Haight Ashbury
212783,Haight Ashbury
213532,Haight Ashbury
218006,Excelsior
220418,Haight Ashbury
231129,Nob Hill
232060,Inner Sunset
238204,Parkside
256176,Inner Richmond
269463,Haight Ashbury
269756,Twin Peaks
271647,Outer Sunset
273530,Potrero Hill
274334,Outer Sunset
279184,Mission
308885,Financial District
314248,Pacific Heights
314368,North Beach
325478,Mission
326650,Western Addition
329020,South of Market
330535,Haight Ashbury
338849,Western Addition
348714,Haight Ashbury
350479,Mission
352165,Castro/Upper Market
353292,Western Addition
371595,Presidio Heights
379349,Haight Ashbury
394575,Bernal Heights
410762,Inner Richmond
415498,Pacific Heights
423300,Mission
424846,Inner Richmond
431862,Downtown/Civic Center
437385,Outer Richmond
438940,Castro/Upper Market
438967,Castro/Upper Market
442349,Western Addition
442397,Outer Sunset
455783,Outer Sunset
465723,Parkside
467507,Bernal Heights
468490,Russian Hill
474107,Excelsior
479049,Castro/Upper Market
487019,Potrero Hill
487499,Mission
493889,Outer Mission
494111,Outer Richmond
504146,Marina
519796,Russian Hill
522273,Bayview
531151,Bernal Heights
537133,Castro/Upper Market
545685,Outer Richmond
555596,Noe Valley
561148,Inner Richmond
561602,Bernal Heights
568161,Outer Mission
571042,Haight Ashbury
571142,Inner Sunset
578097,Western Addition
585326,Outer Richmond
589767,Russian Hill
591431,Mission
592883,Mission
593253,Western Addition
602535,Noe Valley
604221,Downtown/Civic Center
607500,Haight Ashbury
626349,South of Market
632303,Glen Park
633629,Outer Mission
642672,Bernal Heights
646275,Bernal Heights
648086,Bernal Heights
654279,Bayview
663623,Mission
664307,Mission
664315,Mission
671513,Inner Sunset
678556,Haight Ashbury
690872,Pacific Heights
691023,Castro/Upper Market
715543,Mission
719431,West of Twin Peaks
720811,Inner Richmond
727866,Parkside
727969,Noe Valley
728585,Noe Valley
728884,Noe Valley
734801,Pacific Heights
734839,North Beach
738547,Russian Hill
745957,Financial District
747167,Chinatown
752607,Mission
754117,Haight Ashbury
767506,West of Twin Peaks
769734,Mission
774323,Mission
781945,Financial District
783821,Castro/Upper Market
795254,Western Addition
806199,South of Market
810315,Marina
815183,Outer Mission
818395,Western Addition
819863,Inner Sunset
829185,Mission
830576,Pacific Heights
837045,Western Addition
838660,Chinatown
856123,Mission
859336,Castro/Upper Market
867499,Western Addition
878935,Inner Sunset
884770,Russian Hill
890875,Western Addition
895381,Downtown/Civic Center
900393,Potrero Hill
900941,Castro/Upper Market
905399,Mission
918341,Potrero Hill
931313,Mission
934012,Inner Richmond
943851,Mission
945748,Presidio Heights
950094,Bayview
961900,South of Market
968037,North Beach
980783,Potrero Hill
982298,Outer Sunset
997382,Haight Ashbury
998701,Outer Sunset
1001759,Castro/Upper Market
1005642,Mission
1016604,Inner Richmond
1018426,South of Market
1036860,Russian Hill
1037251,Bernal Heights
1038324,Mission
1053666,Mission
1059961,South of Market
1067031,Outer Mission
1074231,Haight Ashbury
1084068,South of Market
1087427,Outer Sunset
1087433,Outer Sunset
1094764,Inner Richmond
1098003,Western Addition
1103797,Western Addition
1104912,Outer Richmond
1121697,Western Addition
1126365,Western Addition
1138542,Bernal Heights
1141986,South of Market
1148370,Parkside
1151237,Castro/Upper Market
1159284,North Beach
1163946,Mission
1174701,Downtown/Civic Center
1178260,North Beach
1195173,Nob Hill
1195374,Castro/Upper Market
1198464,West of Twin Peaks
1200068,Outer Mission
1201159,South of Market
1202686,Mission
1209738,Golden Gate Park
1212513,Castro/Upper Market
1212746,Castro/Upper Market
1212822,Marina
1223704,South of Market
1225969,Potrero Hill
1229606,South of Market
1237143,Russian Hill
1245838,Bernal Heights
1267206,Glen Park
1276953,Western Addition
1277771,Inner Richmond
1291092,Marina
1292217,Western Addition
1299759,Western Addition
1309496,Western Addition
1323983,Castro/Upper Market
1328186,Castro/Upper Market
1336998,Western Addition
1344243,Inner Richmond
1351626,Outer Mission
1351783,Outer Sunset
1352111,Pacific Heights
1388523,Mission
1392204,West of Twin Peaks
1407881,Castro/Upper Market
1408932,Bernal Heights
1409218,South of Market
1421671,Mission
1421774,Castro/Upper Market
1421937,West of Twin Peaks
1428465,Noe Valley
1428553,Castro/Upper Market
1433011,Russian Hill
1433917,Castro/Upper Market
1434314,Noe Valley
1434425,Castro/Upper Market
1439445,Inner Richmond
1442027,Downtown/Civic Center
1450899,Castro/Upper Market
1456153,Bernal Heights
1460174,Western Addition
1460628,Inner Richmond
1467522,Western Addition
1470340,Crocker Amazon
1471683,Western Addition
1480015,Haight Ashbury
1482730,Bernal Heights
1484149,Nob Hill
1484792,Western Addition
1487849,Bernal Heights
1494503,Haight Ashbury
1506702,Marina
1510363,Outer Mission
1520929,Potrero Hill
1525137,Pacific Heights
1535946,Castro/Upper Market
1537497,South of Market
1547477,Western Addition
1574848,North Beach
1575184,Outer Mission
1578597,Potrero Hill
1584021,Mission
1589228,Noe Valley
1605483,Haight Ashbury
1606292,Western Addition
1614622,Western Addition
1623609,Mission
1629330,South of Market
1633173,Excelsior
1633225,Excelsior
1633933,Haight Ashbury
1637487,Castro/Upper Market
1641060,West of Twin Peaks
1645724,Ocean View
1665516,Outer Richmond
1672055,Twin Peaks
1673011,Castro/Upper Market
1673777,Western Addition
1687330,Inner Richmond
1725833,South of Market
1725853,Outer Sunset
1728497,Western Addition
1738415,Western Addition
1750809,Nob Hill
1752371,Bernal Heights
1752552,Outer Sunset
1759087,Potrero Hill
1762727,Castro/Upper Market
1764449,Western Addition
1769688,Western Addition
1774026,Castro/Upper Market
1785463,West of Twin Peaks
1807493,South of Market
1814061,Noe Valley
1827638,Mission
1830541,Inner Richmond
1841832,Nob Hill
1851403,Marina
1855096,Potrero Hill
1864390,Western Addition
1868880,Pacific Heights
1887206,Bayview
1892360,North Beach
1892956,Mission
1898486,Noe Valley
1907229,Western Addition
1914841,Western Addition
1925206,Excelsior
1928125,Mission
1931763,Mission
1956312,Castro/Upper Market
1970257,Mission
1970756,Bernal Heights
1979461,South of Market
1985338,Bernal Heights
2001534,Bernal Heights
2023326,Inner Richmond
2026910,Haight Ashbury
2042095,Outer Mission
2046807,Mission
2049955,Inner Richmond
2058119,Mission
2062696,Mission
2077982,Western Addition
2105840,Castro/Upper Market
2111361,Downtown/Civic Center
2115503,Outer Richmond
2123469,Golden Gate Park
2124182,Potrero Hill
2130640,Western Addition
2134475,Presidio
2135871,Excelsior
2139562,West of Twin Peaks
2166428,Haight Ashbury
2175930,Bernal Heights
2178509,Bernal Heights
2182851,Mission
2188919,Mission
2188976,Mission
2198399,Mission
2203283,Inner Richmond
2209751,Western Addition
2221057,Outer Sunset
2234256,Bayview
2236226,North Beach
2244652,North Beach
2257205,Pacific Heights
2279254,Downtown/Civic Center
2298930,Marina
2299196,Western Addition
2310765,South of Market
2314849,Presidio
2315086,Western Addition
2340335,Downtown/Civic Center
2366182,Nob Hill
2371394,Western Addition
2371573,Pacific Heights
2374361,Glen Park
2404647,Noe Valley
2412158,Noe Valley
2432104,Ocean View
2460904,South of Market
2468125,Downtown/Civic Center
2478558,Downtown/Civic Center
2483759,Western Addition
2486953,Noe Valley
2518781,Bernal Heights
2538807,West of Twin Peaks
2558763,Marina
2559297,Western Addition
2562034,Ocean View
2564006,Nob Hill
2578122,Castro/Upper Market
2592518,South of Market
2620371,Pacific Heights
2620499,Potrero Hill
2636716,Pacific Heights
2658295,Downtown/Civic Center
2677273,Inner Richmond
2683857,Outer Richmond
2694526,Golden Gate Park
2702606,South of Market
2709883,Bayview
2723005,Russian Hill
2736358,Haight Ashbury
2738331,Haight Ashbury
2739477,Castro/Upper Market
2783251,Russian Hill
2802418,Outer Richmond
2825966,Haight Ashbury
2890120,Bernal Heights
2910159,Noe Valley
2912402,Bernal Heights
2935400,Nob Hill
2936884,Castro/Upper Market
2939849,Castro/Upper Market
2949280,Noe Valley
2950592,Twin Peaks
2965433,Russian Hill
2970253,Bernal Heights
2980184,Outer Sunset
2980416,Bernal Heights
3013427,Western Addition
3013520,Inner Richmond
3015450,Lakeshore
3068285,Financial District
3073038,Castro/Upper Market
3079929,Mission
3081324,Glen Park
3081560,Mission
3093070,Bernal Heights
3093543,Presidio
3105998,Mission
3112427,Outer Sunset
3114387,Outer Sunset
3115424,Western Addition
3116974,Russian Hill
3124541,Castro/Upper Market
3133266,Haight Ashbury
3175769,Marina
3176619,Russian Hill
3205059,Potrero Hill
3221082,Outer Mission
3230459,Noe Valley
3240016,Haight Ashbury
3250833,Russian Hill
3257886,Outer Sunset
3263219,Bernal Heights
3290739,Marina
3311711,Mission
3325741,Noe Valley
3333870,Haight Ashbury
3344631,Mission
3354928,Pacific Heights
3391368,Potrero Hill
3416013,Bayview
3442439,Bernal Heights
3475515,Pacific Heights
3479568,Haight Ashbury
3486460,Potrero Hill
3509878,Mission
3512817,Diamond Heights
3520817,Castro/Upper Market
3563261,Noe Valley
3569985,Bernal Heights
3571735,Bernal Heights
3655811,Russian Hill
3664261,Castro/Upper Market
3672198,Russian Hill
3689632,Downtown/Civic Center
3697738,Haight Ashbury
3712976,Glen Park
3716504,Mission
3719923,Noe Valley
3720392,Inner Sunset
3721927,Inner Sunset
3727061,Mission
3743219,Noe Valley
3755730,Pacific Heights
3757966,Haight Ashbury
3759368,Castro/Upper Market
3761446,Nob Hill
3775090,Marina
3780418,South of Market
3808193,Inner Sunset
3811916,Noe Valley
3812931,Potrero Hill
3826407,Bernal Heights
3882632,Western Addition
3895335,Bernal Heights
3906145,Western Addition
3907307,Western Addition
3994686,Potrero Hill
4022209,Pacific Heights
4022990,Pacific Heights
4023585,Ocean View
4026354,Parkside
4059549,Marina
4061312,Haight Ashbury
4093967,Bernal Heights
4097700,Marina
4100473,Western Addition
4103906,Potrero Hill
4105892,Bernal Heights
4106442,Mission
4110344,Pacific Heights
4144343,Mission
4152054,Outer Richmond
4157192,Bernal Heights
4157431,Russian Hill
4184406,Castro/Upper Market
4191242,North Beach
4191459,Diamond Heights
4243837,Outer Sunset
4250927,Noe Valley
4252808,Outer Sunset
4269254,Western Addition
4277696,Mission
4280408,Pacific Heights
4287481,Outer Sunset
4302138,Inner Richmond
4305042,West of Twin Peaks
4335379,Glen Park
4343722,Downtown/Civic Center
4359078,Pacific Heights
4378102,Western Addition
4402199,Western Addition
4416566,Noe Valley
4417901,North Beach
4429475,Inner Sunset
4429527,West of Twin Peaks
4445540,Twin Peaks
4464347,North Beach
4470873,Western Addition
4476390,Bernal Heights
4477314,Haight Ashbury
4518031,North Beach
4533440,Mission
4533652,Bernal Heights
4549330,Haight Ashbury
4550843,Presidio Heights
4558566,Mission
4575906,Nob Hill
4576076,Nob Hill
4576288,Inner Richmond
4576487,Inner Richmond
4588670,Mission
4597675,Western Addition
4598364,Western Addition
4607282,West of Twin Peaks
4614763,Mission
4616040,Mission
4616596,Mission
4617719,Excelsior
4631873,Russian Hill
4632133,Pacific Heights
4650391,Excelsior
4653332,Noe Valley
4663060,Noe Valley
4663132,Noe Valley
4701489,Downtown/Civic Center
4713319,Potrero Hill
4718629,Outer Sunset
4748287,Mission
4807817,Bernal Heights
4825026,Bernal Heights
4838843,Marina
4879719,Glen Park
4880988,Castro/Upper Market
4887475,Financial District
4892016,Pacific Heights
4896087,Russian Hill
4959980,Outer Sunset
4987668,Mission
5005692,Nob Hill
5025420,Nob Hill
5027016,Outer Sunset
5031660,Nob Hill
5031745,Nob Hill
5037937,West of Twin Peaks
5039986,Nob Hill
5086367,Western Addition
5114942,Chinatown
5117701,Nob Hill
5123765,Marina
5144482,West of Twin Peaks
5154242,Crocker Amazon
5195922,Outer Mission
5196070,Crocker Amazon
5196116,Crocker Amazon
5196233,Crocker Amazon
5217164,Bayview
5242394,Potrero Hill
5251589,North Beach
5253001,South of Market
5272750,North Beach
5327231,Western Addition
5413930,Mission
5443493,Castro/Upper Market
5480795,Marina
5505643,Castro/Upper Market
5522423,Russian Hill
5547500,Twin Peaks
5557316,South of Market
5560256,Mission
5561787,West of Twin Peaks
5572169,Marina
5581254,Parkside
5592675,Marina
5592754,Marina
5619003,Marina
5632275,Noe Valley
5632452,Inner Sunset
5650515,West of Twin Peaks
5666413,Nob Hill
5666454,Chinatown
5707532,Pacific Heights
5788099,North Beach
5821380,Mission
5861266,Inner Richmond
5933430,Bernal Heights
5944989,Financial District
5945396,Financial District
5945812,Financial District
5955398,Russian Hill
5970639,Bayview
5970775,Bayview
5978964,Excelsior
5998790,Bernal Heights
6006768,Presidio Heights
6015077,Outer Sunset
6072767,Inner Sunset
6091945,West of Twin Peaks
6092049,Castro/Upper Market
6092596,Castro/Upper Market
6107258,Pacific Heights
6117147,Outer Sunset
6119086,Mission
6145605,Visitacion Valley
6154096,Russian Hill
6156195,Castro/Upper Market
6169292,Pacific Heights
6188428,North Beach
6238514,Noe Valley
6245649,Outer Sunset
6269649,Inner Richmond
6272183,Inner Sunset
6301675,Nob Hill
6316753,Outer Mission
6329340,Western Addition
6329731,Western Addition
6335352,Noe Valley
6336315,South of Market
6344096,Noe Valley
6348742,Noe Valley
6360976,Russian Hill
6373849,Nob Hill
6374167,Haight Ashbury
6376338,Inner Sunset
6423158,West of Twin Peaks
6430646,Twin Peaks
6435497,Marina
6453774,Downtown/Civic Center
6472998,Potrero Hill
6473013,Potrero Hill
6473215,Potrero Hill
6494663,Outer Sunset
6505426,Noe Valley
6512986,Bernal Heights
6516295,South of Market
6522477,Noe Valley
6523507,Noe Valley
6526129,Pacific Heights
6526344,Mission
6529234,Bernal Heights
6557736,Outer Sunset
6628985,Western Addition
6648062,Bernal Heights
6649234,Downtown/Civic Center
6653474,Haight Ashbury
6684182,Mission
6702058,Mission
6705522,Parkside
6713990,Mission
6730473,Western Addition
6747672,Castro/Upper Market
6748645,Noe Valley
6749412,Potrero Hill
6798145,Bayview
6836411,Downtown/Civic Center
6836785,Mission
6836928,South of Market
6883183,Downtown/Civic Center
6884320,Haight Ashbury
6884454,Potrero Hill
6885422,Noe Valley
6886839,Mission
6887043,Castro/Upper Market
6898334,Pacific Heights
6915497,Mission
6934867,Outer Sunset
6934874,Outer Sunset
6938818,Outer Richmond
6940354,West of Twin Peaks
6957662,Noe Valley
6970746,Presidio Heights
6973383,Outer Mission
6985131,Ocean View
7003729,Marina
7004802,Mission
7007759,Ocean View
7009791,Inner Richmond
7027139,Outer Sunset
7028127,Bernal Heights
7034114,Noe Valley
7035672,Parkside
7068804,Ocean View
7072662,Haight Ashbury
7073115,Lakeshore
7086626,Lakeshore
7093018,Outer Mission
7146663,Downtown/Civic Center
7162627,Western Addition
7180020,South of Market
7181655,Castro/Upper Market
7182761,Potrero Hill
7202063,South of Market
7220035,Nob Hill
7227910,Pacific Heights
7292878,Bernal Heights
7309811,Western Addition
7327920,Potrero Hill
7331464,Noe Valley
7341076,Excelsior
7342996,Mission
7343245,Pacific Heights
7345170,Noe Valley
7348398,Castro/Upper Market
7386838,Potrero Hill
7393518,South of Market
7412555,Castro/Upper Market
7421008,Haight Ashbury
7436608,Marina
7459988,South of Market
7562249,Western Addition
7581918,West of Twin Peaks
7596529,Mission
7612118,Presidio Heights
7650309,Inner Richmond
7689528,Marina
7699276,Castro/Upper Market
7699910,Marina
7715542,Russian Hill
7715861,Financial District
7754018,Downtown/Civic Center
7764531,Castro/Upper Market
7785897,Bayview
7808104,Mission
7841744,Inner Richmond
7842771,Russian Hill
7845599,Western Addition
7884875,Twin Peaks
7923146,North Beach
7930461,West of Twin Peaks
7933807,Outer Sunset
7963103,Downtown/Civic Center
7968749,North Beach
7973781,Bernal Heights
8005452,Noe Valley
8054733,Marina
8068539,Mission
8082364,North Beach
8117667,Inner Sunset
8119395,Western Addition
8155586,Excelsior
8164773,Haight Ashbury
8167459,Outer Richmond
8184928,Potrero Hill
8186958,Haight Ashbury
8202578,Downtown/Civic Center
8208052,Western Addition
8221207,Bernal Heights
8255072,Bayview
8270952,Castro/Upper Market
8271855,Presidio Heights
8272458,Noe Valley
8275435,Marina
8275596,Outer Mission
8287266,Castro/Upper Market
8306331,Western Addition
8309401,Western Addition
8344020,Financial District
8351923,West of Twin Peaks
8382187,Outer Richmond
8464365,Noe Valley
8472927,West of Twin Peaks
8474183,Outer Mission
8489712,Downtown/Civic Center
8500048,Inner Sunset
8556635,Bernal Heights
8557304,Mission
8568826,Bernal Heights
8578964,South of Market
8584000,Western Addition
8592609,Noe Valley
8627179,South of Market
8653346,Western Addition
8717641,Inner Richmond
8735636,Russian Hill
8760949,South of Market
8799100,Mission
8800012,Downtown/Civic Center
8864274,Pacific Heights
8869066,Noe Valley
8886022,Mission
8904047,Castro/Upper Market
8926150,Nob Hill
8974563,Noe Valley
8987674,Pacific Heights
9021715,Western Addition
9051149,Western Addition
9075976,Parkside
9110654,West of Twin Peaks
9119249,Downtown/Civic Center
9127072,Noe Valley
9150562,Ocean View
9187534,Bernal Heights
9196933,Mission
9197404,Mission
9256506,Pacific Heights
9261548,Outer Mission
9275385,Downtown/Civic Center
9293284,Russian Hill
9296524,Ocean View
9316584,Chinatown
9328077,Twin Peaks
9364688,South of Market
9433478,Nob Hill
9463113,Inner Richmond
9477823,Lakeshore
9488665,Western Addition
9489347,Western Addition
9593326,Mission
9605720,Chinatown
9611854,Outer Sunset
9631802,Western Addition
9650878,Western Addition
9695480,Parkside
9716652,Downtown/Civic Center
9717679,Western Addition
9735841,Excelsior
9841955,Downtown/Civic Center
9844630,Noe Valley
9903046,Mission
9905129,Inner Sunset
9909627,Russian Hill
9910056,Potrero Hill
9945149,Presidio Heights
9949873,Bernal Heights
9971053,South of Market
9974744,Noe Valley
9990865,Castro/Upper Market
10058059,Noe Valley
10058568,Haight Ashbury
10067187,Downtown/Civic Center
10071349,Nob Hill
10099733,Downtown/Civic Center
10103881,South of Market
10105531,Castro/Upper Market
10126146,Marina
10136690,Twin Peaks
10149591,Downtown/Civic Center
10156101,Downtown/Civic Center
10164802,Downtown/Civic Center
10227655,Inner Richmond
10280573,Mission
10281987,West of Twin Peaks
10282326,Downtown/Civic Center
10282371,Downtown/Civic Center
10344354,Glen Park
10347570,Noe Valley
10362654,Russian Hill
10382015,Bernal Heights
10393552,Downtown/Civic Center
10427768,Western Addition
10431578,Russian Hill
10437411,Haight Ashbury
10454172,Noe Valley
10454632,Bernal Heights
10455934,Mission
10455995,Potrero Hill
10458279,Inner Sunset
10469182,Outer Richmond
10477007,Downtown/Civic Center
10502323,Outer Richmond
10550345,Downtown/Civic Center
10567595,Bernal Heights
10572287,Potrero Hill
10577391,Downtown/Civic Center
10578137,Noe Valley
10617542,Ocean View
10632584,Bernal Heights
10634387,Visitacion Valley
10661953,Bernal Heights
10681956,Outer Sunset
10698325,Bernal Heights
10729994,Mission
10747219,Nob Hill
10749747,Outer Mission
10750598,Excelsior
10752189,Haight Ashbury
10789339,Nob Hill
10806778,Inner Richmond
10810544,Inner Richmond
10812630,Outer Richmond
10823468,Russian Hill
10828944,Western Addition
10829828,Presidio Heights
10832295,Haight Ashbury
10835637,Western Addition
10862977,Marina
10864914,Noe Valley
10876562,Castro/Upper Market
10897864,Marina
10905721,Inner Richmond
10925833,Twin Peaks
10930490,Bayview
10968239,Parkside
10968324,Visitacion Valley
10974118,Lakeshore
10985925,North Beach
10989099,Inner Sunset
10992778,Russian Hill
11021711,Noe Valley
11037546,Ocean View
11048190,Mission
11152754,Bernal Heights
11163298,Ocean View
11185685,Mission
11190379,North Beach
11191951,Haight Ashbury
11228828,Pacific Heights
11241173,Potrero Hill
11241452,Nob Hill
11241509,Nob Hill
11241809,Nob Hill
11242044,Nob Hill
11284679,Bayview
11301106,Pacific Heights
11305302,Haight Ashbury
11315222,North Beach
11338538,Western Addition
11343122,Presidio Heights
11377611,Bernal Heights
11378998,Marina
11421711,Potrero Hill
11437138,South of Market
11437331,South of Market
11437442,South of Market
11437509,South of Market
11439120,Chinatown
11439599,Chinatown
11442567,Mission
11446614,Mission
11452461,Parkside
11493791,Mission
11494067,Bernal Heights
11495344,Outer Mission
11531859,Parkside
11532945,Noe Valley
11553527,Western Addition
11556239,Outer Richmond
11605954,West of Twin Peaks
11606260,Mission
11610521,Bernal Heights
11659435,Potrero Hill
11701569,Castro/Upper Market
11741776,Nob Hill
11834467,Russian Hill
11851112,Inner Richmond
11890712,Outer Sunset
11918849,Western Addition
11988777,Haight Ashbury
12004930,Chinatown
12025717,Outer Sunset
12026110,Noe Valley
12037978,Bernal Heights
12041223,Bernal Heights
12041358,Noe Valley
12126766,Nob Hill
12151600,Excelsior
12154955,Outer Sunset
12156553,Noe Valley
12159120,Mission
12176844,North Beach
12266463,Mission
12270642,Financial District
12368621,Pacific Heights
12382688,Bernal Heights
12382918,Downtown/Civic Center
12400754,Western Addition
12404809,Western Addition
12425557,Inner Richmond
12425911,Inner Richmond
12429503,Pacific Heights
12467839,Nob Hill
12484859,Excelsior
12588515,Castro/Upper Market
12607119,Marina
12614397,Marina
12677241,Mission
12679234,Parkside
12725886,Inner Sunset
12750864,North Beach
12797906,Inner Sunset
12835527,Bernal Heights
12866962,Mission
12910183,Russian Hill
12930338,Outer Sunset
12956379,Parkside
12956380,Downtown/Civic Center
12987777,North Beach
12999869,Potrero Hill
13096400,Downtown/Civic Center
13100047,Downtown/Civic Center
13120626,Mission
13127954,Potrero Hill
13128357,Potrero Hill
13153289,Noe Valley
13190103,Marina
13204198,Mission
13224465,Russian Hill
13233167,Inner Sunset
13233712,Castro/Upper Market
13239272,Inner Richmond
13239943,Pacific Heights
13263750,Marina
13264364,Downtown/Civic Center
13265498,Russian Hill
13284332,Downtown/Civic Center
13284618,Downtown/Civic Center
13299858,Mission
13318584,Excelsior
13332858,Potrero Hill
13335441,Castro/Upper Market
13343657,Inner Richmond
13344003,Inner Richmond
13393846,Downtown/Civic Center
13430730,Castro/Upper Market
13574259,Castro/Upper Market
13624046,Downtown/Civic Center
13654134,Pacific Heights
13658915,Chinatown
13676473,Western Addition
13711175,Western Addition
13734123,Parkside
13735115,Western Addition
13748136,Western Addition
13749078,Bayview
13764695,West of Twin Peaks
13768233,Noe Valley
13769493,Bayview
13774014,Bayview
13788581,Pacific Heights
13810224,Noe Valley
13815533,Parkside
13845578,Visitacion Valley
13883766,Downtown/Civic Center
13884730,Chinatown
13896608,Downtown/Civic Center
13973341,Downtown/Civic Center
14139656,Mission
14153586,Inner Richmond
14180539,Outer Sunset
14189398,Outer Sunset
14190524,Mission
14206695,Nob Hill
14221934,Downtown/Civic Center
14225205,South of Market
14255278,Inner Richmond
14266916,Bernal Heights
14294502,Noe Valley
14299097,Mission
14339856,South of Market
14373123,Inner Richmond
14406178,Outer Richmond
14452358,Outer Sunset
14488234,Castro/Upper Market
14490343,Chinatown
14501193,Marina
14501673,Downtown/Civic Center
14505006,North Beach
14538591,Outer Sunset
14553088,Downtown/Civic Center
14553693,Haight Ashbury
14588279,Parkside
14591947,Financial District
14611058,Crocker Amazon
14619235,Noe Valley
14653250,Outer Richmond
14673134,Bernal Heights
14691164,Castro/Upper Market
14705126,Outer Sunset
14759973,Mission
14760041,Inner Sunset
14773919,West of Twin Peaks
14802586,Western Addition
14804950,Bernal Heights
14841442,West of Twin Peaks
14869325,West of Twin Peaks
14884457,West of Twin Peaks
14903530,Diamond Heights
14953903,Outer Mission
14983353,Western Addition
14990478,Outer Mission
14996188,Inner Sunset
15024335,Potrero Hill
15051965,West of Twin Peaks
15052541,Russian Hill
15054072,Downtown/Civic Center
15055277,Financial District
15060615,Ocean View
15072528,Inner Richmond
15111599,Western Addition
15132100,Financial District
15132855,Marina
15162895,Western Addition
15166182,West of Twin Peaks
15174265,Financial District
15177460,Haight Ashbury
15179182,Bayview
15220043,Noe Valley
15258331,South of Market
15267186,Financial District
15268492,Downtown/Civic Center
15269286,Western Addition
15270397,Bernal Heights
15282659,Crocker Amazon
15283495,Western Addition
15297353,Bernal Heights
15299001,Mission
15327674,Inner Richmond
15330348,Diamond Heights
15346313,Mission
15363435,North Beach
15383658,Bernal Heights
15393846,North Beach
15394942,Mission
15400940,Downtown/Civic Center
15432669,Inner Sunset
15512995,Bernal Heights
15523355,Mission
15567704,Castro/Upper Market
15603503,Inner Richmond
15603829,Inner Richmond
15603927,Inner Richmond
15604207,Nob Hill
15604358,Nob Hill
15613006,Inner Richmond
15663411,Financial District
15664146,Outer Richmond
15675279,Mission
15708231,Twin Peaks
15718115,Haight Ashbury
15722690,Inner Richmond
15770116,Pacific Heights
15774694,Haight Ashbury
15776727,Castro/Upper Market
15832358,Castro/Upper Market
15843007,Visitacion Valley
15849484,Outer Richmond
15873231,Financial District
15903424,Parkside
15920878,Parkside
15939264,Visitacion Valley
15939487,Visitacion Valley
15957963,Financial District
15984328,Potrero Hill
15987415,South of Market
15999597,Castro/Upper Market
16001051,South of Market
16068498,Haight Ashbury
16073836,Haight Ashbury
16079346,Haight Ashbury
16086843,Financial District
16088064,Nob Hill
16096747,Western Addition
16160696,Castro/Upper Market
16162625,Financial District
16176101,Financial District
16178751,Mission
16190202,Bernal Heights
16204265,Mission
16228848,Financial District
16255081,Financial District
16287044,Inner Richmond
16305055,Parkside
16312844,Lakeshore
16348139,Russian Hill
16362304,Outer Richmond
16392395,Chinatown
16407735,Parkside
16426353,Financial District
16427484,Haight Ashbury
16443034,Nob Hill
16469515,Lakeshore
16497229,North Beach
16498921,Haight Ashbury
16529602,Parkside
16542790,Western Addition
16560870,Western Addition
16570521,Seacliff
16587632,North Beach
16649876,Outer Mission
16652268,Haight Ashbury
16678379,Outer Sunset
16688334,Russian Hill
16690768,North Beach
16700935,Potrero Hill
16738680,North Beach
16778737,Parkside
16779057,Parkside
16779078,Financial District
16839850,Nob Hill
16868984,Bernal Heights
16872797,Diamond Heights
16944002,Nob Hill
16987679,Downtown/Civic Center
17011295,South of Market
17016281,Downtown/Civic Center
17016637,Lakeshore
17120944,Pacific Heights
17139721,South of Market
17157954,Bernal Heights
17188701,Nob Hill
17192720,Downtown/Civic Center
17193522,Bernal Heights
17207000,Downtown/Civic Center
17267153,Mission
17271591,Russian Hill
17288451,Castro/Upper Market
17301795,Inner Richmond
17305040,Bernal Heights
17318005,Castro/Upper Market
17343208,Haight Ashbury
17345722,Castro/Upper Market
17367829,Outer Sunset
17369805,Castro/Upper Market
17405370,Russian Hill
17408793,Outer Sunset
17419327,Downtown/Civic Center
17419803,Downtown/Civic Center
17420087,Downtown/Civic Center
17430696,Outer Mission
17433075,Haight Ashbury
17434665,West of Twin Peaks
17444964,Noe Valley
17445405,Potrero Hill
17516202,Downtown/Civic Center
17518933,Downtown/Civic Center
17570252,Castro/Upper Market
17585947,Outer Richmond
17622881,Excelsior
17626794,Nob Hill
17626853,Nob Hill
17626927,Nob Hill
17642091,Bernal Heights
17642555,Nob Hill
17642620,Nob Hill
17651619,North Beach
17668130,Outer Sunset
17670655,Glen Park
17696905,Haight Ashbury
17717979,Downtown/Civic Center
17722015,Western Addition
17723975,West of Twin Peaks
17753503,Bernal Heights
17767353,Haight Ashbury
17767863,Haight Ashbury
17807709,Pacific Heights
17811571,Bernal Heights
17826404,Western Addition
17833058,North Beach
17863112,Mission
17925808,Marina
17944621,Haight Ashbury
17965243,Outer Sunset
17979286,West of Twin Peaks
17982304,Castro/Upper Market
17991554,Outer Sunset
18021096,Outer Richmond
18037180,Haight Ashbury
18059324,Nob Hill
18063783,Haight Ashbury
18069283,Bayview
18111498,Bayview
18124506,South of Market
18126981,Inner Richmond
18153554,Nob Hill
18156135,Outer Sunset
18199221,Outer Richmond
18209966,Western Addition
18212346,Inner Richmond
18221524,Nob Hill
18231981,South of Market
18286171,Lakeshore
18333674,Downtown/Civic Center
18349074,Haight Ashbury
18359884,Castro/Upper Market
18450289,Mission
18459919,Chinatown
18464444,Noe Valley
18470412,Chinatown
18471072,Chinatown
18471840,Chinatown
18472576,Chinatown
18473036,Financial District
18474596,Chinatown
18475014,Financial District
18475146,Inner Richmond
18504951,Mission
18527258,Crocker Amazon
18546459,Outer Mission
18567881,North Beach
18571224,Outer Sunset
18582383,Noe Valley
18615032,Castro/Upper Market
18669935,Western Addition
18718406,Castro/Upper Market
18735080,Russian Hill
18738360,Outer Sunset
18739271,Outer Mission
18753198,Noe Valley
18757990,Pacific Heights
18778187,Outer Richmond
18794629,Haight Ashbury
18810290,Inner Sunset
18810325,Outer Sunset
18828466,Bayview
18848430,Potrero Hill
18851429,Pacific Heights
18853563,Chinatown
18856637,Outer Sunset
18856887,South of Market
18873809,Parkside
18874472,Outer Sunset
18874655,Russian Hill
18916029,Bernal Heights
18926777,Financial District
18931048,Castro/Upper Market
18971467,Haight Ashbury
18981477,Pacific Heights
18986977,Noe Valley
19012658,Noe Valley
19014320,Mission
19014669,Castro/Upper Market
19023994,South of Market
19026673,Haight Ashbury
19029310,South of Market
19038261,South of Market
19050152,Bayview
19073405,Outer Sunset
19084255,Bayview
19125378,Downtown/Civic Center
19175066,Mission
19236730,Downtown/Civic Center
19273465,Excelsior
19285250,Noe Valley
19307356,Parkside
19309607,Western Addition
19331975,Ocean View
19332338,Nob Hill
19363609,Outer Mission
19364007,Outer Mission
19365066,Outer Mission
19368789,Lakeshore
19388714,North Beach
19403989,Outer Sunset
19404355,Marina
19404978,Outer Sunset
19416507,Outer Sunset
19432832,Russian Hill
19459929,Inner Richmond
19475051,Inner Richmond
19478755,Outer Sunset
19499099,Chinatown
19553430,Mission
19564659,Mission
19570849,West of Twin Peaks
19588004,Seacliff
19611889,Outer Sunset
19623750,Inner Richmond
19626323,Outer Sunset
19637695,Mission
19658833,Inner Richmond
19680922,Chinatown
19704114,Bayview
19714276,Nob Hill
19721174,Western Addition
19764548,Bernal Heights
19810694,Pacific Heights
19813606,Pacific Heights
19828873,Potrero Hill
19830610,Potrero Hill
19891435,Nob Hill
19892991,Twin Peaks
19933216,Mission
19934941,Nob Hill
19954872,Inner Richmond
20002651,Nob Hill
20059569,Inner Richmond
20093004,Western Addition
20096735,Western Addition
20121985,Nob Hill
20155822,Nob Hill
20167050,Parkside
20169868,Outer Sunset
20194233,Castro/Upper Market
20195883,Inner Richmond
20257216,Outer Sunset
20269012,Outer Sunset
20269328,Downtown/Civic Center
20287325,Haight Ashbury
20305889,Bernal Heights
20311264,Mission
20331804,Bernal Heights
20335923,Nob Hill
20355620,Bernal Heights
20361588,West of Twin Peaks
20393341,Castro/Upper Market
20408951,Russian Hill
20424542,West of Twin Peaks
20425693,Castro/Upper Market
20460402,Excelsior
20478011,Noe Valley
20497174,Downtown/Civic Center
20501065,Mission
20543892,Outer Sunset
20563658,West of Twin Peaks
20571008,Outer Richmond
20575733,Outer Sunset
20576493,Outer Richmond
20591785,Nob Hill
20608608,Glen Park
20663782,Marina
20664630,Western Addition
20667176,Potrero Hill
20695687,Bernal Heights
20696391,Noe Valley
20724784,North Beach
20750111,Castro/Upper Market
20776056,North Beach
20805606,Mission
20817603,Downtown/Civic Center
20818261,Downtown/Civic Center
20847212,Haight Ashbury
20851055,Financial District
20866502,Western Addition
20873957,South of Market
20874967,Downtown/Civic Center
20906522,Inner Richmond
20933318,Russian Hill
20957462,Nob Hill
20960130,Bayview
20990167,Marina
20990790,Outer Richmond
20996848,Western Addition
21010862,South of Market
21011550,Presidio Heights
21022837,Inner Richmond
21024486,Western Addition
21026079,Haight Ashbury
21026964,Haight Ashbury
21028247,West of Twin Peaks
21047729,Noe Valley
21058406,Western Addition
21066691,Outer Sunset
21082676,Castro/Upper Market
21098885,South of Market
21111630,Chinatown
21165478,Haight Ashbury
21177827,Castro/Upper Market
21186680,Western Addition
21187925,Bayview
21189031,Noe Valley
21191232,Ocean View
21203146,Outer Sunset
21218038,Potrero Hill
21231615,Outer Sunset
21233544,Outer Sunset
21253864,Ocean View
21279801,Bernal Heights
21292744,Castro/Upper Market
21297037,Western Addition
21298312,Glen Park
21307662,Outer Sunset
21312569,Bernal Heights
21314282,Castro/Upper Market
21323311,Castro/Upper Market
21323468,Mission
21327347,Outer Sunset
21348008,Marina
21370662,Castro/Upper Market
21377089,Western Addition
21380403,Bernal Heights
21389519,Outer Mission
21399171,Noe Valley
21425660,Visitacion Valley
21449226,Haight Ashbury
21464833,Western Addition
21502035,Presidio Heights
21514950,Inner Richmond
21526852,Mission
21529297,Western Addition
21530578,Western Addition
21552181,Glen Park
21561809,Outer Mission
21578559,Downtown/Civic Center
21579309,Downtown/Civic Center
21583195,Downtown/Civic Center
21584555,Western Addition
21591945,Inner Sunset
21592081,Inner Sunset
21596397,Potrero Hill
21620847,South of Market
21625713,Lakeshore
21635395,Nob Hill
21645603,Mission
21648684,Bayview
21650740,Parkside
21674820,Mission
21727562,Outer Richmond
21729398,Outer Richmond
21730409,Outer Richmond
21766603,Outer Richmond
21784407,Downtown/Civic Center
21785138,Downtown/Civic Center
21785328,Downtown/Civic Center
21786000,Western Addition
21804276,Excelsior
21827349,Presidio Heights
21836601,Castro/Upper Market
21897971,Mission
21919621,Downtown/Civic Center
21964157,Bayview
21966303,Mission
22016717,Mission
22032438,Western Addition
22032808,Pacific Heights
22032836,Pacific Heights
22048292,Downtown/Civic Center
22067613,Pacific Heights
22068547,Inner Sunset
22104756,Nob Hill
22175258,Bernal Heights
22179656,Twin Peaks
22189205,Haight Ashbury
22190418,Outer Mission
22193833,Haight Ashbury
22229654,Outer Sunset
22245431,Potrero Hill
22328157,Castro/Upper Market
22340219,Pacific Heights
22355943,Russian Hill
22375226,Castro/Upper Market
22389574,Mission
22396454,Downtown/Civic Center
22402266,Outer Sunset
22403752,Inner Richmond
22430481,Outer Sunset
22435235,Castro/Upper Market
22483206,Castro/Upper Market
22495406,Castro/Upper Market
22507343,Castro/Upper Market
22507454,Nob Hill
22512581,Western Addition
22525784,Outer Mission
22532009,Twin Peaks
22546291,Outer Mission
22548614,Castro/Upper Market
22551762,Outer Mission
22555972,Western Addition
22563498,Pacific Heights
22565419,South of Market
22626810,Downtown/Civic Center
22630205,Nob Hill
22653093,Downtown/Civic Center
22676805,Haight Ashbury
22694237,Parkside
22704895,Outer Mission
22706971,Financial District
22718099,Outer Sunset
22764131,Castro/Upper Market
22792806,Pacific Heights
22800066,Castro/Upper Market
22815676,Mission
22826843,Inner Richmond
22864701,Mission
22903941,Nob Hill
22944965,Haight Ashbury
22953350,Noe Valley
22970151,Russian Hill
22972604,Crocker Amazon
22981152,Bernal Heights
23004935,Haight Ashbury
23020140,Downtown/Civic Center
23025299,Outer Mission
23027174,Western Addition
23087617,Castro/Upper Market
23095049,Castro/Upper Market
23106655,Potrero Hill
23121061,Castro/Upper Market
23147212,Outer Richmond
23147423,Glen Park
23150717,Castro/Upper Market
23193998,Western Addition
23204343,Inner Sunset
23209264,Bayview
23217998,Castro/Upper Market
23230950,Haight Ashbury
23240184,Outer Mission
23303083,Castro/Upper Market
23353721,Castro/Upper Market
23354077,Castro/Upper Market
23359001,Nob Hill
23373781,Inner Richmond
23431731,Outer Sunset
23453660,Chinatown
23470169,Inner Sunset
23470327,Lakeshore
23504233,Haight Ashbury
23505904,Mission
23550791,Crocker Amazon
23567834,Western Addition
23568246,Noe Valley
23581401,Crocker Amazon
23599466,Nob Hill
23650448,South of Market
23665283,Mission
23672181,Mission
23681212,Downtown/Civic Center
23681672,Western Addition
23683696,Mission
23684260,Bernal Heights
23684463,Downtown/Civic Center
23684875,Downtown/Civic Center
23685499,Downtown/Civic Center
23685560,Bernal Heights
23686129,Downtown/Civic Center
23686364,Western Addition
23699151,Downtown/Civic Center
23700802,Outer Sunset
23714398,Haight Ashbury
23746795,Downtown/Civic Center
23751274,Mission
23763871,Western Addition
23773339,Western Addition
23781534,Western Addition
23789066,Inner Sunset
23813739,Bayview
23827071,Downtown/Civic Center
23838746,Outer Mission
23854289,Downtown/Civic Center
23883643,Bernal Heights
23884346,Downtown/Civic Center
23907104,Outer Sunset
23942828,Outer Mission
23946104,Inner Richmond
23963992,Western Addition
24000340,Bernal Heights
24034368,Haight Ashbury
24036794,Bernal Heights
24043927,Castro/Upper Market
24065926,Downtown/Civic Center
24099520,Twin Peaks
24129914,Western Addition
24149977,Parkside
24153144,Downtown/Civic Center
24162068,Mission
24162999,Mission
24163232,Mission
24181120,Marina
24230206,South of Market
24231921,Mission
24249961,Noe Valley
24270270,Marina
24309390,Inner Richmond
24337398,Downtown/Civic Center
24361125,Bernal Heights
24376665,Inner Richmond
24379811,Lakeshore
24408036,Downtown/Civic Center
24412150,Downtown/Civic Center
24412267,Nob Hill
24429125,Downtown/Civic Center
24468179,Bayview
24475148,Downtown/Civic Center
24491303,South of Market
24495307,Bernal Heights
24499851,Nob Hill
24541927,Pacific Heights
24599232,Twin Peaks
24626225,Western Addition
24651682,Outer Sunset
24651782,Pacific Heights
24653881,Western Addition
24670819,Haight Ashbury
24722081,Western Addition
24793296,Bernal Heights
24828324,Bernal Heights
24890095,Parkside
24917420,Western Addition
25234139,Mission
25237201,Mission
25238517,Bernal Heights
25254687,South of Market
25288190,Outer Richmond
25355368,Bernal Heights
25356099,Crocker Amazon
25367860,Western Addition
25376401,Castro/Upper Market
25380342,Pacific Heights
25403706,Russian Hill
25405200,Pacific Heights
25419563,Ocean View
25422628,Financial District
25427084,Outer Sunset
25432313,Parkside
25432375,Parkside
25434591,Outer Sunset
25443874,Outer Sunset
25554933,Chinatown
25592607,Outer Sunset
25621756,South of Market
25723504,North Beach
25730240,Castro/Upper Market
25808640,Visitacion Valley
25840507,Downtown/Civic Center
25842694,Visitacion Valley
25869469,South of Market
25907508,West of Twin Peaks
25912297,Inner Richmond
25948779,Financial District
25976748,Chinatown
25979052,Inner Richmond
26003720,Downtown/Civic Center
26004362,Inner Sunset
26008354,Haight Ashbury
26029679,Nob Hill
26058962,Downtown/Civic Center
26095551,Twin Peaks
26099225,Outer Sunset
26105960,Mission
26134644,Russian Hill
26140890,Outer Sunset
26171533,Crocker Amazon
26252036,Nob Hill
26252354,Nob Hill
26259702,Lakeshore
26261610,Outer Sunset
26273977,South of Market
26276374,Downtown/Civic Center
26303324,Excelsior
26323995,Twin Peaks
26328350,Inner Richmond
26329118,Inner Richmond
26334584,Nob Hill
26334587,Nob Hill
26334653,Nob Hill
26334655,Nob Hill
26334733,Nob Hill
26334834,Nob Hill
26334835,Nob Hill
26334895,Nob Hill
26334899,Nob Hill
26334945,Nob Hill
26334949,Nob Hill
26335031,Nob Hill
26335033,Nob Hill
26336274,Downtown/Civic Center
26396972,Mission
26415089,Castro/Upper Market
26468572,Outer Sunset
26522687,Twin Peaks
26566885,Bernal Heights
26571969,Haight Ashbury
26572144,Haight Ashbury
26709189,South of Market
26710943,Castro/Upper Market
26718900,West of Twin Peaks
26747021,Noe Valley
26785153,South of Market
26787002,Bernal Heights
26832092,Mission
26921699,Western Addition
26945594,Mission
26992096,Mission
27033826,Marina
27064878,North Beach
27065879,Bernal Heights
27107519,Mission
27111574,Pacific Heights
27155112,Pacific Heights
27192592,Parkside
27203318,South of Market
27225440,Outer Richmond
27260835,Outer Sunset
27293379,North Beach
27312690,Marina
27316091,Western Addition
27399170,Downtown/Civic Center
27399818,Downtown/Civic Center
27407557,Downtown/Civic Center
27432816,Downtown/Civic Center
27467934,Bayview
27491473,Mission
27508842,Mission
27510287,Haight Ashbury
27523751,Parkside
27530136,Inner Richmond
27555509,Mission
27558226,Outer Mission
27598470,South of Market
27611813,Outer Richmond
27639658,Haight Ashbury
27657432,South of Market
27701970,Inner Sunset
27705941,South of Market
27707954,Western Addition
27710210,Haight Ashbury
27725598,Nob Hill
27741340,South of Market
27808710,Downtown/Civic Center
27828332,South of Market
27832283,Outer Richmond
27834918,South of Market
27852325,Outer Richmond
27857184,Inner Richmond
27895671,Noe Valley
27898470,Mission
27905010,Pacific Heights
27928375,Pacific Heights
27933930,West of Twin Peaks
27937727,Chinatown
27938375,Chinatown
27960744,Castro/Upper Market
27980774,Castro/Upper Market
28009722,Western Addition
28028464,Inner Sunset
28047393,Castro/Upper Market
28050674,Chinatown
28053384,Parkside
28074409,Russian Hill
28085987,Mission
28105604,Marina
28121012,Mission
28160772,Noe Valley
28164026,Mission
28181442,Western Addition
28186675,Castro/Upper Market
28200634,Outer Richmond
28259229,Western Addition
28263206,Inner Richmond
28267650,South of Market
28368154,Castro/Upper Market
28384050,Excelsior
28388893,Noe Valley
28390797,Western Addition
28459122,Haight Ashbury
28462004,Bernal Heights
28472791,Western Addition
28517686,Downtown/Civic Center
28518540,Noe Valley
28581080,Mission
28603195,West of Twin Peaks
28673251,Castro/Upper Market
28694360,Bernal Heights
28696499,Outer Sunset
28712209,Bayview
28712636,Outer Sunset
28733771,Mission
28734043,Mission
28755204,South of Market
28758496,Financial District
28758712,Financial District
28781468,Outer Sunset
28784618,Pacific Heights
28919893,Outer Richmond
28932960,Outer Sunset
28935709,Russian Hill
28935882,Outer Sunset
29007305,Mission
29039496,Downtown/Civic Center
29059676,Mission
29107044,Inner Sunset
29125029,Outer Richmond
29192965,Potrero Hill
29221865,Outer Sunset
29241451,Parkside
29243902,Noe Valley
29261601,Chinatown
29316715,Noe Valley
29334689,Inner Sunset
29334701,Outer Richmond
29393766,Parkside
29421648,Mission
29435807,Excelsior
29459417,Outer Sunset
29465769,Nob Hill
29486775,Nob Hill
29488665,Nob Hill
29491521,Noe Valley
29494202,Marina
29515076,South of Market
29523351,Western Addition
29593658,Haight Ashbury
29594605,Bernal Heights
29610726,Noe Valley
29613683,Excelsior
29678261,Russian Hill
29704006,Noe Valley
29705268,Russian Hill
29757778,Parkside
29823880,Nob Hill
29824667,Castro/Upper Market
29843679,North Beach
29906225,Outer Sunset
29924753,Outer Mission
29924843,Parkside
29926752,Russian Hill
29928078,Castro/Upper Market
29963453,Financial District
29964346,Inner Sunset
29990041,Pacific Heights
29992190,Haight Ashbury
30042211,Potrero Hill
30043513,South of Market
30062514,Castro/Upper Market
30068468,Haight Ashbury
30069424,Excelsior
30069575,Financial District
30074578,West of Twin Peaks
30091565,Western Addition
30129780,Outer Richmond
30131296,Western Addition
30175141,Haight Ashbury
30212338,Parkside
30266695,Ocean View
30272345,Bernal Heights
30275221,Mission
30318695,Parkside
30346332,Crocker Amazon
30351194,Outer Sunset
30361406,South of Market
30365369,South of Market
30365397,North Beach
30368366,South of Market
30368629,South of Market
30397747,Marina
30399463,Mission
30505637,Inner Richmond
30506989,Bayview
30515115,Outer Sunset
30532741,Western Addition
30534155,Russian Hill
30534300,West of Twin Peaks
30564588,Western Addition
30687431,Chinatown
30696168,Bayview
30701028,Mission
30713782,Potrero Hill
30714980,Downtown/Civic Center
30745601,Potrero Hill
30774802,Excelsior
30776488,Haight Ashbury
30800214,Downtown/Civic Center
30801201,Inner Richmond
30801321,Downtown/Civic Center
30801433,Downtown/Civic Center
30803785,Downtown/Civic Center
30803873,Downtown/Civic Center
30805783,Haight Ashbury
30816842,Potrero Hill
30817227,Potrero Hill
30821293,South of Market
30851994,Potrero Hill
30881800,West of Twin Peaks
30890889,Mission
30906103,Western Addition
30913192,Outer Sunset
30913576,Outer Sunset
30913907,Outer Sunset
30984623,Inner Richmond
31017581,West of Twin Peaks
31055670,Noe Valley
31057117,Mission
31072163,Western Addition
31072911,Inner Sunset
31120211,Outer Sunset
31124126,Bayview
31124810,Bayview
31124937,Bayview
31127506,Financial District
31130054,Outer Sunset
31131163,Outer Sunset
31146290,Haight Ashbury
31157758,Nob Hill
31173023,Financial District
31206489,Noe Valley
31221757,Potrero Hill
31233442,Bernal Heights
31266646,Downtown/Civic Center
31281387,Western Addition
31294109,Bernal Heights
31331285,Potrero Hill
31336364,Downtown/Civic Center
31338594,Outer Sunset
31339864,Chinatown
31356493,Downtown/Civic Center
31424518,Potrero Hill
31437113,Potrero Hill
31439076,Outer Sunset
31440773,Downtown/Civic Center
31441024,Downtown/Civic Center
31441195,Downtown/Civic Center
31446628,Western Addition
31450281,Bernal Heights
31488238,Nob Hill
31566371,Castro/Upper Market
31568513,Outer Richmond
31571182,Russian Hill
31572917,Castro/Upper Market
31595144,Bernal Heights
31596642,Chinatown
31623662,Downtown/Civic Center
31624755,Financial District
31629533,Mission
31638887,Downtown/Civic Center
31652671,Haight Ashbury
31654235,Inner Sunset
31672520,Haight Ashbury
31674728,Inner Sunset
31695049,Outer Richmond
31708854,Western Addition
31717158,Visitacion Valley
31724787,North Beach
31738781,Parkside
31759412,Parkside
31762328,Visitacion Valley
31778644,Castro/Upper Market
31797168,Noe Valley
31798083,Excelsior
31803551,Castro/Upper Market
31827469,Downtown/Civic Center
31855825,Nob Hill
31924784,Downtown/Civic Center
31934354,Outer Mission
31985315,Haight Ashbury
31994853,Downtown/Civic Center
32017859,Inner Richmond
32024518,Mission
32033973,Mission
32042801,Ocean View
32072704,Inner Richmond
32088425,Excelsior
32113366,Parkside
32135550,Western Addition
32191720,Excelsior
32192128,Excelsior
32192300,Excelsior
32216182,Bernal Heights
32224581,Outer Sunset
32267818,Mission
32291443,Bernal Heights
32293596,Mission
32338483,Western Addition
32355301,South of Market
32355422,South of Market
32355456,South of Market
32369854,Downtown/Civic Center
32384648,Downtown/Civic Center
32389762,Outer Sunset
32404157,Nob Hill
32407014,Downtown/Civic Center
32441372,Bayview
32445292,Chinatown
32445598,Nob Hill
32450006,Downtown/Civic Center
32473990,West of Twin Peaks
32478529,Downtown/Civic Center
32496599,Outer Richmond
32497883,Downtown/Civic Center
32500819,Downtown/Civic Center
32501596,Downtown/Civic Center
32531823,Outer Richmond
32545896,Downtown/Civic Center
32554173,Bernal Heights
32557678,Downtown/Civic Center
32570386,Marina
32570904,Downtown/Civic Center
32570953,North Beach
32572501,Downtown/Civic Center
32577104,Downtown/Civic Center
32590109,Downtown/Civic Center
32616360,Downtown/Civic Center
32617088,Downtown/Civic Center
32620353,Bayview
32641065,Downtown/Civic Center
32643853,Downtown/Civic Center
32667541,Downtown/Civic Center
32716563,Downtown/Civic Center
32717018,Russian Hill
32717493,Russian Hill
32724526,Glen Park
32725950,Inner Sunset
32740903,Bernal Heights
32746725,Outer Richmond
32766699,Marina
32770430,Parkside
32783075,Outer Mission
32788121,Financial District
32791663,Bernal Heights
32795849,Crocker Amazon
32813435,Inner Richmond
32822227,Downtown/Civic Center
32823963,Russian Hill
32824201,Ocean View
32861856,Downtown/Civic Center
32867573,South of Market
32870699,Russian Hill
32920800,Downtown/Civic Center
32921329,Inner Sunset
32921792,Downtown/Civic Center
32941329,Downtown/Civic Center
32945280,Outer Richmond
32945668,Outer Richmond
32945670,South of Market
32983188,Diamond Heights
32984485,South of Market
33015887,Castro/Upper Market
33017026,Seacliff
33021274,Downtown/Civic Center
33021652,Downtown/Civic Center
33050224,Excelsior
33069292,Downtown/Civic Center
33078270,Visitacion Valley
33091231,Downtown/Civic Center
33115200,Haight Ashbury
33115368,South of Market
33185972,Russian Hill
33268331,Downtown/Civic Center
33269893,Downtown/Civic Center
33269979,Downtown/Civic Center
33271309,Haight Ashbury
33293217,South of Market
33310899,Castro/Upper Market
33311422,Mission
33311466,Outer Richmond
33368652,Pacific Heights
33370186,Downtown/Civic Center
33370525,Downtown/Civic Center
33386303,Financial District
33405043,Chinatown
33451367,Haight Ashbury
33451620,Haight Ashbury
33457138,Castro/Upper Market
33495561,Outer Richmond
33517793,Russian Hill
33534825,Nob Hill
33537651,Nob Hill
33537652,Nob Hill
33537653,Nob Hill
33537656,Nob Hill
33537657,Nob Hill
33537658,Nob Hill
33537659,Nob Hill
33537660,Nob Hill
33537661,Nob Hill
33563347,Nob Hill
33644460,Outer Sunset
33667375,Castro/Upper Market
33713266,Bayview
33773572,Bernal Heights
33818649,Bayview
33859591,Marina
33873677,Marina
33932253,Outer Sunset
33935404,Pacific Heights
33960503,Pacific Heights
33969918,Downtown/Civic Center
33969945,South of Market
33969998,South of Market
33970015,South of Market
33970040,South of Market
33970056,South of Market
33970108,Downtown/Civic Center
33970139,South of Market
33974085,Outer Richmond
33999573,Outer Sunset
34024828,Nob Hill
34066697,Downtown/Civic Center
34123156,Russian Hill
34127900,Bayview
34127928,Mission
34129571,Crocker Amazon
34176289,Outer Richmond
34189531,Nob Hill
34246050,Haight Ashbury
34247471,Outer Mission
34253243,Noe Valley
34255371,Bayview
34287875,Visitacion Valley
34289989,Visitacion Valley
34339911,Outer Sunset
34357888,Castro/Upper Market
34369013,Mission
34412659,Outer Sunset
34423592,South of Market
34446936,Potrero Hill
34450438,Mission
34468735,Outer Sunset
34470646,Western Addition
34534317,Marina
34536867,North Beach
34545696,North Beach
34601482,Outer Mission
34602962,Excelsior
34606745,Ocean View
34641118,Outer Mission
34646493,Ocean View
34656053,Ocean View
34680753,Haight Ashbury
34680770,Inner Sunset
34693459,Bernal Heights
34697298,Pacific Heights
34704352,South of Market
34785290,South of Market
34791677,Pacific Heights
34803248,Marina
34840354,Excelsior
34845930,Pacific Heights
34868915,Nob Hill
34878799,Nob Hill
34878846,Marina
34901719,Marina
34932707,Marina
34937940,Potrero Hill
34978904,Outer Mission
34981775,Crocker Amazon
35003596,Nob Hill
35045092,North Beach
35085928,Haight Ashbury
35091842,Haight Ashbury
35091972,Haight Ashbury
35092431,Haight Ashbury
35116393,Crocker Amazon
35124154,South of Market
35125616,Outer Mission
35132748,Bernal Heights
35190654,Castro/Upper Market
35195461,Financial District
35195793,Downtown/Civic Center
35198742,Western Addition
35222243,Russian Hill
35263886,Lakeshore
35266655,Outer Mission
35285751,Mission
35286441,Mission
35308634,Inner Sunset
35312287,Outer Sunset
35336292,Haight Ashbury
35355371,Bernal Heights
35372313,Inner Sunset
35376420,South of Market
35387067,Visitacion Valley
35429693,Castro/Upper Market
35466895,Nob Hill
35472694,Crocker Amazon
35473335,South of Market
35473369,South of Market
35478472,South of Market
35494267,Downtown/Civic Center
35494371,Downtown/Civic Center
35512958,Outer Richmond
35516989,Twin Peaks
35543186,Chinatown
35642179,Financial District
35642877,Chinatown
35643330,Financial District
35651959,Nob Hill
35652385,Nob Hill
35655138,Western Addition
35685982,Nob Hill
35691437,South of Market
35713376,Inner Sunset
35773104,Outer Sunset
35773458,Outer Sunset
35782434,Western Addition
35782679,Nob Hill
35782746,Nob Hill
35782803,Nob Hill
35783085,Nob Hill
35783140,Nob Hill
35783466,Nob Hill
35783618,Nob Hill
35783674,Nob Hill
35783730,Nob Hill
35809668,Outer Richmond
35826414,South of Market
35831509,Downtown/Civic Center
35831992,Downtown/Civic Center
35832211,Mission
35835707,Western Addition
35835827,Financial District
35836829,Chinatown
35837003,Chinatown
35837171,Downtown/Civic Center
35845746,Inner Sunset
35848747,Noe Valley
35863484,Downtown/Civic Center
35899798,Castro/Upper Market
35911250,North Beach
35916856,Nob Hill
35917031,Nob Hill
35917078,Nob Hill
35917405,Outer Sunset
35938695,Noe Valley
35944209,South of Market
35944593,Western Addition
35972743,Mission
36002747,Downtown/Civic Center
36002932,Nob Hill
36007807,South of Market
36024356,South of Market
36029332,Bernal Heights
36036473,Nob Hill
36067613,Mission
36078299,Visitacion Valley
36079270,Visitacion Valley
36083245,Bernal Heights
36087821,Mission
36104628,Western Addition
36116529,Downtown/Civic Center
36136157,Bayview
36140875,South of Market
36145583,Inner Richmond
36148137,South of Market
36148199,South of Market
36153778,Nob Hill
36179298,Inner Sunset
36184844,Outer Richmond
36201746,Downtown/Civic Center
36237325,Marina
36280429,Nob Hill
36301897,South of Market
36313431,Outer Sunset
36315852,Outer Richmond
36342436,South of Market
36376757,Outer Richmond
36388791,South of Market
36420256,Western Addition
36420593,Western Addition
36421114,Western Addition
36447750,Western Addition
36476134,Western Addition
36514213,Mission
36519291,Castro/Upper Market
36524556,Outer Richmond
36532979,Outer Sunset
36555022,Downtown/Civic Center
36556453,Chinatown
36560687,Downtown/Civic Center
36565301,North Beach
36565321,Downtown/Civic Center
36565331,Downtown/Civic Center
36565347,Downtown/Civic Center
36565368,Downtown/Civic Center
36566826,Downtown/Civic Center
36566860,Downtown/Civic Center
36566892,Russian Hill
36589481,Chinatown
36601074,Haight Ashbury
36603528,Castro/Upper Market
36637433,Financial District
36683638,Outer Sunset
36721448,Mission
36768594,Outer Mission
36778591,South of Market
36804819,Outer Sunset
36844711,Downtown/Civic Center
36854594,Russian Hill
36904149,Noe Valley
36910851,Nob Hill
36944347,Russian Hill
36944925,Castro/Upper Market
37048608,Downtown/Civic Center
37060483,Downtown/Civic Center
37093943,Financial District
37122067,North Beach
37155033,Downtown/Civic Center
37180404,Outer Sunset
37183606,Visitacion Valley
37236213,Noe Valley
37283928,Chinatown
37295413,North Beach
37296448,North Beach
37330492,Bernal Heights
37357200,Mission
37358745,Outer Sunset
37370763,Financial District
37399403,Mission
37427876,Western Addition
37463333,Financial District
37482927,Haight Ashbury
37501230,Bernal Heights
37524100,Nob Hill
37524638,Nob Hill
37526662,Chinatown
37527430,Downtown/Civic Center
37528409,Inner Richmond
37529706,Chinatown
37530012,Chinatown
37530303,Nob Hill
37530583,Chinatown
37531516,Chinatown
37538105,Ocean View
37571304,Downtown/Civic Center
37604044,Inner Sunset
37663203,Russian Hill
37674309,Downtown/Civic Center
37684875,Parkside
37686005,Russian Hill
37686008,Russian Hill
37686015,Russian Hill
37686023,Russian Hill
37686716,Marina
37719665,Inner Sunset
37719997,Nob Hill
37747959,Chinatown
37750486,Glen Park
37783256,Nob Hill
37785001,Noe Valley
37785091,Downtown/Civic Center
37859014,Bernal Heights
37860137,Outer Mission
37864340,Excelsior
37893350,Lakeshore
37904794,Noe Valley
37909467,Pacific Heights
37914754,Bayview
37933277,Nob Hill
37933847,Downtown/Civic Center
37972466,Western Addition
37972512,Mission
37972553,Western Addition
37972578,Western Addition
37972611,Nob Hill
37972793,Mission
37972909,Nob Hill
37973371,Marina
38022680,Downtown/Civic Center
38023342,Chinatown
38024311,Castro/Upper Market
38047206,Bayview
38077792,Downtown/Civic Center
38129278,Noe Valley
38158914,Ocean View
38167638,Pacific Heights
38204418,Downtown/Civic Center
38263835,Lakeshore
38289262,Outer Mission
38291977,Downtown/Civic Center
38328840,Ocean View
38336396,South of Market
38346769,Financial District
38347449,Financial District
38347615,Financial District
38347764,Financial District
38347847,Financial District
38348299,Financial District
38352784,Potrero Hill
38363453,North Beach
38409480,Russian Hill
38433279,Mission
38452578,North Beach
38574990,West of Twin Peaks
38579889,Russian Hill
38586329,Mission
38604619,Pacific Heights
38609924,Outer Mission
38616419,Pacific Heights
38646695,Western Addition
38672882,Nob Hill
38674128,Marina
38675099,Mission
38675356,Nob Hill
38676315,Nob Hill
38676491,Nob Hill
38703237,Outer Sunset
38728968,Western Addition
38753052,Downtown/Civic Center
38775805,Castro/Upper Market
38782076,Outer Sunset
38821683,Inner Sunset
38845850,South of Market
38856134,Bernal Heights
38884411,Mission
38919136,Financial District
38930864,Western Addition
38940717,Marina
38951144,Western Addition
38955191,Parkside
38956896,Downtown/Civic Center
38957437,Downtown/Civic Center
38957587,Nob Hill
39009446,Parkside
39036633,Downtown/Civic Center
39053001,Western Addition
39053254,Mission
39053397,Mission
39053559,Nob Hill
39058448,Glen Park
39061848,Inner Richmond
39083504,Nob Hill
39093552,Downtown/Civic Center
39106572,Castro/Upper Market
39109565,Mission
39110674,Haight Ashbury
39113720,Inner Sunset
39130529,South of Market
39204707,Russian Hill
39225843,Downtown/Civic Center
39226039,Noe Valley
39226144,Diamond Heights
39243166,Financial District
39243209,Financial District
39246715,South of Market
39253534,Western Addition
39265929,Financial District
39318438,Mission
39322308,Downtown/Civic Center
39337552,Haight Ashbury
39368926,Downtown/Civic Center
39390570,Chinatown
39390741,Downtown/Civic Center
39390788,Chinatown
39392535,Castro/Upper Market
39420371,Haight Ashbury
39424458,Excelsior
39424579,Excelsior
39425089,Downtown/Civic Center
39462194,Inner Richmond
39463871,Inner Sunset
39464601,Downtown/Civic Center
39465751,Outer Sunset
39470922,Downtown/Civic Center
39507387,Western Addition
39512393,Parkside
39522818,Downtown/Civic Center
39523262,Downtown/Civic Center
39523440,Downtown/Civic Center
39523530,Downtown/Civic Center
39523552,Downtown/Civic Center
39538536,Parkside
39551680,South of Market
39560330,Financial District
39578138,Mission
39580721,Western Addition
39586486,Marina
39607026,Mission
39614946,Mission
39653265,Outer Sunset
39655309,Downtown/Civic Center
39693894,Castro/Upper Market
39702316,Outer Sunset
39723266,Financial District
39727845,South of Market
39748000,Outer Sunset
39754090,Castro/Upper Market
39767170,North Beach
39769393,Financial District
39772280,Financial District
39777730,South of Market
39777786,South of Market
39798824,Russian Hill
39799335,South of Market
39799419,South of Market
39799475,South of Market
39799508,South of Market
39818312,South of Market
39818471,Marina
39818889,Downtown/Civic Center
39835801,Marina
39842492,Marina
39886593,Nob Hill
39896249,Excelsior
39911005,South of Market
39952962,Outer Richmond
39955614,Ocean View
39956343,Downtown/Civic Center
39969765,Western Addition
39981331,Inner Sunset
39991317,North Beach
39991558,North Beach
39996459,Visitacion Valley
39996711,Excelsior
39996718,Excelsior
39996721,Excelsior
39996724,Excelsior
40006970,Western Addition
40015534,Bayview
40017285,Inner Sunset
40029941,Mission
40030053,Western Addition
40057418,Outer Sunset
40062127,Outer Sunset
40067689,Castro/Upper Market
40076018,South of Market
40078710,South of Market
40086927,Russian Hill
40095558,Western Addition
40116682,Chinatown
40139205,South of Market
40139868,Western Addition
40142075,Western Addition
40156382,Castro/Upper Market
40165117,Noe Valley
40174192,Russian Hill
40191004,Mission
40191197,Nob Hill
40191265,Mission
40191346,Nob Hill
40191423,Nob Hill
40192456,Western Addition
40204501,Haight Ashbury
40226310,Noe Valley
40260940,Excelsior
40268500,West of Twin Peaks
40270240,Downtown/Civic Center
40274251,South of Market
40277323,Financial District
40290442,Nob Hill
40306940,Inner Richmond
40312754,Bayview
40348592,Outer Richmond
40358803,Financial District
40398227,Bernal Heights
40415075,Mission
40572183,Ocean View
40590422,North Beach
40603328,Financial District
40620073,Outer Mission
40621128,Bayview
40625854,South of Market
40674624,Presidio Heights
40693560,Lakeshore
40723160,South of Market
40728398,South of Market
40763935,Inner Richmond
40778457,Western Addition
40780889,Noe Valley
40816863,Outer Richmond
40821231,Outer Sunset
40890971,Mission
40898375,Russian Hill
40898622,Outer Sunset
40914346,Lakeshore
40937540,South of Market
40984396,Mission
40984912,Bernal Heights
40990757,Visitacion Valley
40991850,Downtown/Civic Center
41001930,Chinatown
41027260,South of Market
41084860,Outer Richmond
41086899,Downtown/Civic Center
41129756,North Beach
41176203,Excelsior
41176646,Chinatown
41178346,Haight Ashbury
41190385,Financial District
41209658,Excelsior
41320010,Western Addition
41342042,Bayview
41344043,Marina
41344071,Marina
41350491,Mission
41393913,Haight Ashbury
41394679,Potrero Hill
41395731,Outer Sunset
41415290,Downtown/Civic Center
41430833,Noe Valley
41431867,West of Twin Peaks
41452888,North Beach
41477788,Ocean View
41538482,Outer Sunset
41538612,Outer Sunset
41538628,Outer Sunset
41544562,North Beach
41544571,North Beach
41544572,North Beach
41544575,North Beach
41544912,North Beach
41545776,Mission
41545787,Mission
41545799,Mission
41545815,Mission
41560862,Western Addition
41569652,Outer Sunset
41570854,Inner Sunset
41571636,Downtown/Civic Center
41591955,Downtown/Civic Center
41630017,Chinatown
41642201,Mission
41690134,Downtown/Civic Center
41691063,Downtown/Civic Center
41696765,Downtown/Civic Center
41698721,Downtown/Civic Center
41714021,Bayview
41772072,Visitacion Valley
41785573,South of Market
41785575,South of Market
41785579,South of Market
41789520,Castro/Upper Market
41819493,Nob Hill
41886807,Mission
41887470,Bernal Heights
41890758,Bayview
41912080,Bayview
41915866,Western Addition
41931319,Nob Hill
41931392,Nob Hill
41938161,Bayview
41940743,Castro/Upper Market
41941670,West of Twin Peaks
41961599,Pacific Heights
41961843,Pacific Heights
41962430,Inner Sunset
41974184,Financial District
41976381,Excelsior
41976580,Excelsior
41979414,Inner Sunset
42015681,Outer Richmond
42016488,Twin Peaks
42038351,Russian Hill
42042067,Bernal Heights
42044647,Castro/Upper Market
42044769,Financial District
42046079,Castro/Upper Market
42067678,Downtown/Civic Center
42069436,Financial District
42073272,Haight Ashbury
42121425,Downtown/Civic Center
42139985,Castro/Upper Market
42140976,Ocean View
42161427,Mission
42203080,Financial District
42205156,Financial District
42205587,Chinatown
42206227,Financial District
42206528,Downtown/Civic Center
42207965,Pacific Heights
42209720,Bernal Heights
42226441,Russian Hill
42278240,West of Twin Peaks
42307530,Mission
42336333,Excelsior
42336611,Excelsior
42340184,South of Market
42353772,Outer Richmond
42355619,Mission
42362884,Marina
42366245,Outer Mission
42403122,South of Market
42403169,South of Market
42408462,Russian Hill
42414518,Lakeshore
42417490,Downtown/Civic Center
42419568,Financial District
42429191,Nob Hill
42429868,Nob Hill
42434687,Russian Hill
42448700,South of Market
42458125,Mission
42484367,Nob Hill
42484382,Nob Hill
42484387,Nob Hill
42515202,Chinatown
42515207,Financial District
42515322,Chinatown
42515328,Chinatown
42517778,Inner Sunset
42520602,Russian Hill
42536368,Russian Hill
42541579,Parkside
42585784,Bayview
42593418,Russian Hill
42624438,Downtown/Civic Center
42646014,Haight Ashbury
42662089,Downtown/Civic Center
42692601,Downtown/Civic Center
42693338,Inner Richmond
42697619,South of Market
42708820,Downtown/Civic Center
42720400,Noe Valley
42737862,Downtown/Civic Center
42807849,South of Market
42814290,Western Addition
42815848,Downtown/Civic Center
42841900,North Beach
42856533,Parkside
42857430,Castro/Upper Market
42867788,Downtown/Civic Center
42891780,Western Addition
42914481,Western Addition
42914792,Western Addition
42914809,Western Addition
42914824,Downtown/Civic Center
42917380,Noe Valley
42956000,Inner Richmond
42982252,Bayview
43031022,Bernal Heights
43054806,Castro/Upper Market
43059936,Downtown/Civic Center
43069186,Ocean View
43077495,Mission
43131853,South of Market
43147452,Nob Hill
43149204,Inner Richmond
43149731,South of Market
43157568,Downtown/Civic Center
43157614,Downtown/Civic Center
43200504,Western Addition
43220752,Mission
43221081,Bayview
43223129,South of Market
43223213,Russian Hill
43271982,Noe Valley
43335731,Nob Hill
43346862,Marina
43348706,Mission
43349696,Excelsior
43395762,Outer Sunset
43412641,Mission
43431631,Noe Valley
43442357,Excelsior
43471386,Parkside
43475468,Mission
43477163,Downtown/Civic Center
43477461,Nob Hill
43485535,Downtown/Civic Center
43488825,Outer Sunset
43500476,Outer Mission
43510827,Inner Sunset
43525924,Western Addition
43535706,Inner Sunset
43544022,Downtown/Civic Center
43547939,Noe Valley
43548028,Downtown/Civic Center
43565930,Noe Valley
43568590,Excelsior
43568824,Excelsior
43582741,South of Market
43635205,South of Market
43637265,South of Market
43667068,Financial District
43698429,Downtown/Civic Center
43703455,Inner Sunset
43710126,Inner Sunset
43712950,Western Addition
43714290,Russian Hill
43717711,Parkside
43729319,North Beach
43738007,Inner Richmond
43778249,Mission
43789407,Western Addition
43818989,Noe Valley
43821247,Parkside
43836180,Glen Park
43839602,Financial District
43840297,Downtown/Civic Center
43840352,Downtown/Civic Center
43840354,Downtown/Civic Center
43840355,Downtown/Civic Center
43849384,Inner Sunset
43879677,Nob Hill
43894729,Noe Valley
43910662,Marina
43916082,Crocker Amazon
43926564,Potrero Hill
43928758,Outer Richmond
43946559,Haight Ashbury
43947688,Visitacion Valley
44061995,Haight Ashbury
44100289,Twin Peaks
44106348,Downtown/Civic Center
44118516,Mission
44120283,Russian Hill
44139093,Marina
44210941,Western Addition
44262841,Bernal Heights
44278394,Noe Valley
44304989,Glen Park
44323000,South of Market
44323323,Outer Sunset
44341422,Potrero Hill
44354428,Castro/Upper Market
44377815,Mission
44388465,Western Addition
44493175,Outer Sunset
44523362,Twin Peaks
44530899,Castro/Upper Market
44553770,Castro/Upper Market
44562619,West of Twin Peaks
44599913,Western Addition
44599926,Western Addition
44599930,Western Addition
44599936,Western Addition
44599997,Western Addition
44600003,Western Addition
44600016,Western Addition
44609975,Mission
44618237,Noe Valley
44631455,North Beach
44640330,North Beach
44657842,Nob Hill
44667442,Excelsior
44683264,Mission
44683698,Potrero Hill
44907640,Bernal Heights
44966218,North Beach
44997657,Russian Hill
45000250,Russian Hill
45001059,Mission
45092739,Outer Richmond
45104646,Downtown/Civic Center
45105995,Potrero Hill
45106798,Noe Valley
45143062,Ocean View
45179395,Potrero Hill
45190995,Russian Hill
45202539,Bernal Heights
45223836,Noe Valley
45224017,Russian Hill
45236883,Diamond Heights
45241648,Western Addition
45284420,Bernal Heights
45324042,North Beach
45345653,Mission
45355127,Nob Hill
45369529,Financial District
45369733,Downtown/Civic Center
45377409,Haight Ashbury
45380601,Marina
45385423,Inner Sunset
45421974,Downtown/Civic Center
45423640,Outer Richmond
45466080,Western Addition
45467451,South of Market
45469961,Marina
45492650,Mission
45492947,North Beach
45498256,Financial District
45505675,Marina
45520374,Bayview
45540293,Russian Hill
45542268,Inner Sunset
45595687,South of Market
45614328,Outer Richmond
45624070,Noe Valley
45635976,Haight Ashbury
45637368,Western Addition
45641505,Outer Sunset
45654835,Excelsior
45657042,Outer Sunset
45658379,Outer Sunset
45675987,Western Addition
45713504,Outer Sunset
45745045,Mission
45745602,Mission
45745676,Mission
45745768,Mission
45766831,South of Market
45798438,Ocean View
45799555,Noe Valley
45805136,Crocker Amazon
45806097,Mission
45813759,Noe Valley
45814991,Mission
45830359,Bayview
45831278,Russian Hill
45832877,Mission
45843816,Mission
45867165,Noe Valley
45884692,South of Market
45889585,Bernal Heights
45913296,South of Market
45926438,Noe Valley
45941698,Bernal Heights
45957153,Bernal Heights
45969661,Pacific Heights
45975078,Western Addition
45993599,Haight Ashbury
45996800,Ocean View
46021069,Haight Ashbury
46037704,Castro/Upper Market
46037939,Mission
46057087,Mission
46091378,Haight Ashbury
46107966,Castro/Upper Market
46118226,Downtown/Civic Center
46119764,Chinatown
46119882,Outer Richmond
46146220,Noe Valley
46221320,Russian Hill
46233114,South of Market
46233171,South of Market
46233204,South of Market
46266088,Excelsior
46266736,Excelsior
46298609,Inner Sunset
46412007,Mission
46412534,Mission
46417292,Mission
46418088,Mission
46434914,Castro/Upper Market
46468461,Inner Richmond
46497687,Outer Richmond
46505554,Marina
46509101,West of Twin Peaks
46512891,Outer Sunset
46553625,Bayview
46601899,Financial District
46617563,Financial District
46623032,Mission
46640594,West of Twin Peaks
46640666,Bernal Heights
46644129,Marina
46676129,South of Market
46694062,South of Market
46732281,Marina
46780128,Twin Peaks
46877156,Ocean View
46920923,Bernal Heights
46927679,Noe Valley
46928150,Mission
46986918,Russian Hill
47003277,Castro/Upper Market
47049897,Outer Sunset
47052884,Nob Hill
47101484,West of Twin Peaks
47124930,Castro/Upper Market
47157599,Noe Valley
47216046,Mission
47242917,Castro/Upper Market
47392367,Mission
47394310,Nob Hill
47403596,Downtown/Civic Center
47476769,Outer Sunset
47520326,Financial District
47550223,Noe Valley
47578229,Seacliff
47583339,Western Addition
47586305,South of Market
47595966,Inner Sunset
47705504,Castro/Upper Market
47708045,Mission
47742973,Mission
47748204,Nob Hill
47863424,Financial District
47871031,Outer Richmond
47873934,Haight Ashbury
47877041,South of Market
47877053,South of Market
47877069,South of Market
47889278,Financial District
47907141,Noe Valley
47918191,Nob Hill
47918217,Nob Hill
47918229,Marina
47924635,Castro/Upper Market
47928069,Western Addition
47938763,Outer Richmond
47980567,Western Addition
47982211,Russian Hill
47982363,Chinatown
47991917,Western Addition
48012976,Russian Hill
48013359,Bernal Heights
48017416,Bernal Heights
48019016,Marina
48033302,Outer Sunset
48043930,Russian Hill
48047294,Outer Sunset
48047926,Downtown/Civic Center
48061960,Nob Hill
48076259,South of Market
48082869,Bayview
48101533,South of Market
48110320,West of Twin Peaks
48124606,Nob Hill
48135674,Mission
48184964,Noe Valley
48197124,Mission
48201577,Outer Sunset
48202229,Russian Hill
48202551,North Beach
48230046,Outer Richmond
48233813,Mission
48256170,Western Addition
48267727,Marina
48269918,Russian Hill
48274411,Marina
48274426,Marina
48274436,Marina
48299614,Parkside
48326392,South of Market
48326770,Pacific Heights
48341928,Potrero Hill
48382323,Downtown/Civic Center
48401828,Western Addition
48457858,South of Market
48458908,Russian Hill
48463238,Twin Peaks
48473036,Outer Sunset
48483623,Bernal Heights
48493716,Financial District
48512663,Bernal Heights
48524582,Bernal Heights
48530225,Outer Sunset
48567054,South of Market
48584558,Mission
48593282,Financial District
48593944,Financial District
48624676,South of Market
48626824,Potrero Hill
48631814,Lakeshore
48641804,Downtown/Civic Center
48664836,Outer Sunset
48715995,Inner Richmond
48736078,Diamond Heights
48753894,Inner Sunset
48863646,Twin Peaks
48890376,Presidio Heights
48905338,Downtown/Civic Center
48907152,Downtown/Civic Center
48916461,Outer Sunset
48942812,Inner Richmond
48944113,Russian Hill
48955947,Pacific Heights
48975571,Downtown/Civic Center
48975753,Mission
48981272,Marina
49011402,Outer Richmond
49015924,Bernal Heights
49016583,Russian Hill
49038059,South of Market
49041741,Inner Sunset
49043980,West of Twin Peaks
49058232,Presidio
49060748,Downtown/Civic Center
49061200,Pacific Heights
49062947,Noe Valley
49081860,Nob Hill
49081984,Downtown/Civic Center
49089497,Downtown/Civic Center
49090400,South of Market
49093030,Excelsior
49101007,West of Twin Peaks
49111995,Mission
49115658,Castro/Upper Market
49130015,Lakeshore
49131050,Marina
49158646,South of Market
49161676,Lakeshore
49180146,Twin Peaks
49200817,Pacific Heights
49212898,Parkside
49217813,Inner Sunset
49248632,Glen Park
49248688,Potrero Hill
49249440,Downtown/Civic Center
49255910,Parkside
49257231,Twin Peaks
49261813,Ocean View
49261963,Mission
49268830,Mission
49270960,Pacific Heights
49275786,Pacific Heights
49275820,Potrero Hill
49278321,Presidio Heights
49286754,Pacific Heights
49294011,Haight Ashbury
49296464,Pacific Heights
49318980,Haight Ashbury
49327047,Marina
49370364,Outer Sunset
49370884,Pacific Heights
49409072,Outer Sunset
49418236,Castro/Upper Market
49435568,Bernal Heights
49444697,Excelsior
49450915,Western Addition
49467562,Western Addition
49500530,Pacific Heights
49518431,Pacific Heights
49523008,Downtown/Civic Center
49546855,Castro/Upper Market
49548489,Inner Sunset
49549097,Potrero Hill
49552114,Inner Richmond
49563383,Outer Sunset
49571120,Potrero Hill
49592921,Bernal Heights
49593662,Castro/Upper Market
49595336,Outer Mission
49597213,Marina
49597911,Marina
49615500,Excelsior
49631521,Western Addition
49634091,Marina
49634141,Marina
49634202,Marina
49634228,Marina
49634255,Russian Hill
49634300,Marina
49634330,Marina
49634358,Marina
49634378,Marina
49634404,Marina
49634438,Marina
49635792,South of Market
49636107,Bayview
49640324,Western Addition
49708275,Castro/Upper Market
49714479,Castro/Upper Market
49715655,Marina
49718825,Glen Park
49740320,Mission
49752905,Russian Hill
49773913,Mission
49776258,Bernal Heights
49780180,Bernal Heights
49797916,Russian Hill
49832411,Crocker Amazon
49834625,Nob Hill
49835338,Bayview
49838960,Twin Peaks
49856430,South of Market
49859540,Western Addition
49862664,Mission
49864106,Noe Valley
49888745,Marina
49890263,Mission
49927223,Bayview
49933964,Visitacion Valley
49960883,Outer Richmond
49962794,Noe Valley
49987273,Bayview
50010586,Mission
50025652,Russian Hill
50034807,Marina
50037067,Inner Sunset
50057318,Inner Sunset
50064502,Marina
50067171,South of Market
50100184,South of Market
50115550,South of Market
50136259,Bayview
50138177,Western Addition
50159258,Visitacion Valley
50188513,North Beach
50191012,North Beach
50191488,Outer Richmond
50196447,Mission
50207641,Lakeshore
50212186,Mission
50216842,Castro/Upper Market
50232357,Bayview
50242959,Outer Sunset
50246512,Excelsior
50249557,Russian Hill
50265268,Outer Sunset
50271268,Western Addition
50285215,Parkside
50290160,South of Market
50292861,Outer Sunset
50306339,Russian Hill
50323617,Pacific Heights
50331188,Inner Richmond
50335212,South of Market
50338646,Downtown/Civic Center
50350639,Financial District
50365548,Outer Sunset
50376815,Visitacion Valley
50379946,South of Market
50380218,Inner Sunset
50384342,Downtown/Civic Center
50384491,Downtown/Civic Center
50384522,Downtown/Civic Center
50384553,Downtown/Civic Center
50384582,Downtown/Civic Center
50384606,Downtown/Civic Center
50384637,Downtown/Civic Center
50384670,Downtown/Civic Center
50429144,Lakeshore
50444103,Bernal Heights
50460894,Haight Ashbury
50471530,Glen Park
50488310,Downtown/Civic Center
50489340,Downtown/Civic Center
50489368,Chinatown
50498486,Mission
50509087,Financial District
50527012,South of Market
50540365,South of Market
50547275,Nob Hill
50547535,Nob Hill
50547559,Nob Hill
50547744,Nob Hill
50549243,Western Addition
50581810,Outer Sunset
50618497,Outer Sunset
50623131,Downtown/Civic Center
50623567,Downtown/Civic Center
50623787,Downtown/Civic Center
50661344,Haight Ashbury
50663591,Castro/Upper Market
50679278,Western Addition
50681643,South of Market
50700085,Inner Richmond
50725440,Bernal Heights
50730080,Haight Ashbury
50733860,Potrero Hill
50734589,Russian Hill
50749922,Bayview
50766515,Mission
50770499,Western Addition
50774565,Parkside
50799581,Outer Mission
50826010,Western Addition
50827199,West of Twin Peaks
50832759,Noe Valley
50834115,Outer Sunset
50880610,Downtown/Civic Center
50896231,Mission
50901173,Western Addition
50920396,Haight Ashbury
50936636,Parkside
50940300,Bayview
50998419,Bernal Heights
51002009,Outer Mission
51027403,Western Addition
51044188,Outer Richmond
51047517,Castro/Upper Market
51048784,Western Addition
51050512,Inner Sunset
51065674,Outer Richmond
51072776,Outer Mission
51099172,Chinatown
51103339,Nob Hill
51103827,Chinatown
51104031,Nob Hill
51104185,Chinatown
51104324,Nob Hill
51106622,Mission
51149828,Haight Ashbury
51171028,Haight Ashbury
51171654,Western Addition
51172223,Haight Ashbury
51172285,Marina
51172351,Haight Ashbury
51172461,Western Addition
51172867,Western Addition
51173285,Western Addition
51179922,Mission
51197292,Mission
51199210,South of Market
51216972,Noe Valley
51248089,Inner Richmond
51248658,Glen Park
51250970,Excelsior
51265257,Western Addition
51280287,Haight Ashbury
51285025,Outer Sunset
51285544,Noe Valley
51285891,Twin Peaks
51290168,Outer Mission
51293489,Bernal Heights
51309897,Bernal Heights
51324102,North Beach
51330973,Pacific Heights
51331893,Pacific Heights
51341006,West of Twin Peaks
51341129,Western Addition
51341671,West of Twin Peaks
51403713,Nob Hill
51433637,Nob Hill
51450305,Haight Ashbury
51453486,North Beach
51454716,South of Market
51473651,Outer Sunset
51474151,Excelsior
51478151,South of Market
51497434,Downtown/Civic Center
51499110,South of Market
51505215,Pacific Heights
51521830,Bernal Heights
51524837,Nob Hill
51575228,Glen Park
51639052,Excelsior
51639202,Excelsior
51669425,Chinatown
51692858,Castro/Upper Market
51698965,Inner Sunset
51725511,Crocker Amazon
51737149,Inner Sunset
51745961,Inner Sunset
51754361,Mission
51756252,Nob Hill
51765797,Western Addition
51771657,Chinatown
51783934,Western Addition
51786319,Western Addition
51786971,Haight Ashbury
51787922,Marina
51805390,Presidio Heights
51807010,Noe Valley
51817080,Parkside
51844022,Downtown/Civic Center
51851529,North Beach
51864093,Haight Ashbury
51864167,Downtown/Civic Center
51903225,Lakeshore
51906112,Lakeshore
51907045,Lakeshore
51910917,Potrero Hill
51923773,Haight Ashbury
51927761,Downtown/Civic Center
51929867,Lakeshore
51929944,Outer Richmond
51930358,Outer Richmond
51930674,Outer Richmond
51940665,South of Market
51986908,Outer Richmond
52008865,South of Market
52030447,Bernal Heights
52030809,South of Market
52073226,Bernal Heights
52076589,Western Addition
52085366,Excelsior
52095303,Excelsior
52125635,Nob Hill
52126879,Outer Richmond
52144102,Mission
52144461,Noe Valley
52144541,Western Addition
52155216,Bayview
52166080,Western Addition
52171550,Outer Richmond
52175564,South of Market
52220400,West of Twin Peaks
52241875,Nob Hill
52269214,South of Market
52269848,Financial District
52273857,North Beach
52302237,Haight Ashbury
52303229,Downtown/Civic Center
52321792,Parkside
52338790,Excelsior
52341301,Outer Sunset
52341302,Outer Sunset
52420670,Downtown/Civic Center
52421273,Presidio Heights
52424346,Bernal Heights
52425346,Western Addition
52425756,Western Addition
52426464,Western Addition
52434440,Lakeshore
52434895,Lakeshore
52533880,Outer Sunset
52547703,South of Market
52548710,Downtown/Civic Center
52569239,Chinatown
52574214,Russian Hill
52602240,Pacific Heights
52649335,Parkside
52662734,Downtown/Civic Center
52662781,Downtown/Civic Center
52662804,Downtown/Civic Center
52667150,South of Market
52667277,South of Market
52676932,Outer Sunset
52758762,Outer Richmond
52758981,Outer Richmond
52759127,Outer Richmond
52773447,Inner Sunset
52776439,Outer Richmond
52794880,Nob Hill
52808966,Chinatown
52859106,Pacific Heights
52859379,Pacific Heights
52860611,Inner Sunset
52861914,South of Market
52883651,Pacific Heights
52901955,Financial District
52917088,Outer Mission
52924955,Outer Sunset
52925646,Western Addition
52933960,South of Market
52935630,Financial District
52937622,Haight Ashbury
52952941,Outer Sunset
52952950,Outer Sunset
52974854,Excelsior
52985560,South of Market
52996565,Downtown/Civic Center
53008085,Mission
53025748,Downtown/Civic Center
53034831,Outer Mission
53044428,Haight Ashbury
53047143,Noe Valley
53065936,Mission
53066536,Financial District
53112260,Noe Valley
53114844,Downtown/Civic Center
53114925,Chinatown
53117893,Parkside
53156395,Downtown/Civic Center
53166508,Presidio Heights
53173870,West of Twin Peaks
53192747,Downtown/Civic Center
53214327,Noe Valley
53236790,Bayview
53238238,Marina
53241705,Western Addition
53255450,Castro/Upper Market
53258020,Noe Valley
53260411,Mission
53276646,South of Market
53277674,South of Market
53283176,Marina
53295282,Nob Hill
53299611,Noe Valley
53339798,Marina
53355303,South of Market
53356150,South of Market
53363512,Mission
53366945,Downtown/Civic Center
53394250,Chinatown
53405558,Western Addition
53416582,Inner Richmond
53450580,Haight Ashbury
53461380,Western Addition
53484134,Inner Sunset
53495313,Inner Sunset
53496125,Outer Richmond
53509489,Financial District
53517568,Outer Sunset
53521574,Downtown/Civic Center
53530799,Inner Sunset
53540148,Inner Richmond
53576136,Downtown/Civic Center
53576424,Downtown/Civic Center
53576452,Parkside
53591605,South of Market
53608038,Western Addition
53610005,Western Addition
53610090,South of Market
53610593,South of Market
53624229,Visitacion Valley
53627212,Crocker Amazon
53634136,Downtown/Civic Center
53644011,Inner Sunset
53660857,Bernal Heights
53662536,Mission
53663762,Excelsior
53674996,Noe Valley
53685139,South of Market
53700609,Inner Sunset
53726541,Marina
53745962,Financial District
53745973,Financial District
53745975,Financial District
53746023,Financial District
53746030,Financial District
53746038,Financial District
53746044,Financial District
53746048,Downtown/Civic Center
53747035,South of Market
53755061,Lakeshore
53756392,Outer Mission
53763980,South of Market
53774751,Castro/Upper Market
53774753,Castro/Upper Market
53774754,Castro/Upper Market
53801623,Mission
53811428,Potrero Hill
53814164,South of Market
53835580,Financial District
53839367,North Beach
53841418,North Beach
53842003,North Beach
53849558,South of Market
53850659,Outer Mission
53857897,Financial District
53864977,South of Market
53874238,Financial District
53877786,Pacific Heights
53894662,South of Market
53904925,Noe Valley
53921228,South of Market
53921709,South of Market
53922874,South of Market
53926070,North Beach
54003298,Pacific Heights
54004223,Western Addition
54014288,South of Market
54014361,South of Market
54020696,Castro/Upper Market
54064940,South of Market
54127186,Inner Sunset
54129274,Marina
54142922,Castro/Upper Market
54142926,Castro/Upper Market
54142946,Castro/Upper Market
54142958,Castro/Upper Market
54143584,South of Market
54145511,Outer Sunset
54147727,Mission
54160404,South of Market
54160456,South of Market
54166285,Inner Richmond
54187345,Western Addition
54195764,Inner Richmond
54196877,Lakeshore
54199501,Financial District
54208170,Parkside
54209115,Marina
54223760,Outer Sunset
54225583,Nob Hill
54227726,Excelsior
54231080,South of Market
54239185,South of Market
54245229,Pacific Heights
54245906,Excelsior
54263591,Haight Ashbury
54266126,Excelsior
54283542,Bayview
54291766,Mission
54292856,North Beach
54293371,Excelsior
54308591,Downtown/Civic Center
54315869,Noe Valley
54318134,South of Market
54320727,Lakeshore
54341429,Marina
54342697,Downtown/Civic Center
54381390,Potrero Hill
506679368977040100,Pacific Heights
507320938250121660,Inner Sunset
510198804436069440,Marina
517552718697721600,Crocker Amazon
523226839994775e3,South of Market
536433863072625860,South of Market
541239372101774600,Lakeshore
542007536641692160,Haight Ashbury
542227488951726400,Ocean View
542626038073168450,South of Market
543466002303976500,Potrero Hill
544227519546878800,Excelsior
544336971774242e3,Outer Sunset
545187443457085100,Mission
545572230808450050,North Beach
545615207578550200,Chinatown
545736634737646460,South of Market
547730685245364200,Nob Hill
547796494931097900,Western Addition
547871068542014660,Bernal Heights
547892308237104260,Outer Richmond
548738114858264500,Excelsior
550124355173291300,Outer Sunset
550264519684293400,Castro/Upper Market
550630369590966660,Mission
551147766853916300,Potrero Hill
552249232066762050,Parkside
552258065453023300,Castro/Upper Market
553001340150062850,Haight Ashbury
553928744538540100,Pacific Heights
553935159685319e3,Western Addition
5.5395635104330157e+17,Pacific Heights
555247833723979800,Castro/Upper Market
556544651659057300,Bayview
556688767671380160,Mission
5.5675551566744563e+17,Mission
556768966700101760,Mission
557113841942944100,South of Market
557136135855739100,South of Market
557299074205696100,Outer Richmond
557530172127414140,South of Market
5.5814428821778483e+17,Lakeshore
558158445706605700,Western Addition
558977078185202e3,Mission
559481425114656100,Lakeshore
559735385697431400,Downtown/Civic Center
560165755972387650,Downtown/Civic Center
561220461879051650,Downtown/Civic Center
561489475078914200,Chinatown
561804013869743100,Mission
562347710428956860,Western Addition
5.6257537453845843e+17,Mission
562705837797019200,South of Market
563080886538242240,Twin Peaks
563777699127542660,Outer Mission
565149935423078500,North Beach
565240062732478200,Financial District
565272991337321500,Downtown/Civic Center
565290974463041700,North Beach
565291871812880060,North Beach
565866741003666240,Nob Hill
566641223679016300,Mission
567473810469627460,Downtown/Civic Center
567494117532615550,Bayview
567994051452696960,Inner Sunset
568082190787252160,Western Addition
568279849075618300,Mission
568323121726876740,Outer Sunset
568345802178089340,Outer Sunset
568727526069050500,Financial District
569122602418182460,Excelsior
569303831683254340,Financial District
5.6941744737881523e+17,Chinatown
569871289064776260,Potrero Hill
570214702872158800,South of Market
570231666164617150,Mission
570256847766262140,South of Market
570355159707824100,Parkside
571018140421633600,Marina
571085329824921340,Noe Valley
571855536080232100,Mission
571881289485565700,Mission
571899739217982e3,Mission
572671977060845800,Ocean View
573147546117401100,Mission
574174130080437300,Financial District
574500112509083900,Mission
574511833351537300,North Beach
575971647646419500,Nob Hill
576058168975574700,Mission
576753800639413400,Noe Valley
577810610514169200,Inner Sunset
578077132956712700,Financial District
578453940897815800,Crocker Amazon
579290147030699800,Castro/Upper Market
580089768690576800,Downtown/Civic Center
580095162306335600,Downtown/Civic Center
581274670889993100,Downtown/Civic Center
581346868218759200,Bernal Heights
581843328527305100,Outer Sunset
582006877906451800,Downtown/Civic Center
582150562964473500,Downtown/Civic Center
582156009182185500,Downtown/Civic Center
582527057339892900,Bayview
582542348458250600,Outer Mission
582725810868388900,Western Addition
582735564796093e3,Nob Hill
583510908866176800,South of Market
584819655457241500,Visitacion Valley
585053255252436100,Mission
585515804052784800,Bayview
586809621997971100,Outer Richmond
586835106282026100,Potrero Hill
587056756001408800,Marina
587201670776365600,Pacific Heights
587414303870022900,Lakeshore
587833010154469100,North Beach
588214835533362200,Nob Hill
588279197740583800,Haight Ashbury
588332682254046200,Western Addition
588529684509509100,Noe Valley
589020902524503400,Outer Sunset
590075689872116100,Bernal Heights
590990415895628400,Nob Hill
590998599304697900,Nob Hill
591466893514451200,Mission
592761644529052800,Mission
592806403426207700,Potrero Hill
592950954865791900,Castro/Upper Market
592996042163286e3,Bernal Heights
593492446273671e3,Parkside
593519375312174e3,Haight Ashbury
594253182317175400,Russian Hill
594392645895570400,Inner Sunset
594748725812628500,Marina
594833612711329500,Mission
594838646647881500,Bayview
594884693438755700,Bernal Heights
595614939103177900,Ocean View
596647768929826700,Bernal Heights
596925242101070500,South of Market
597003217442545400,Mission
597035257520585300,Haight Ashbury
597214254931667e3,South of Market
597835925307239700,Downtown/Civic Center
598112337364714900,Outer Sunset
598585763555851300,Financial District
599226951931628200,Downtown/Civic Center
599282510275955800,Downtown/Civic Center
599294001738584700,Downtown/Civic Center
599301722059160800,Castro/Upper Market
599303617759182500,Downtown/Civic Center
599521892791564200,Western Addition
600137259808003700,Outer Mission
600141797225938700,Outer Sunset
600427403866660600,South of Market
600591926029634600,Outer Mission
600594946635588600,Outer Mission
600743308886437200,Mission
600748188778865500,Pacific Heights
600784161213735700,Pacific Heights
600854547422607700,Castro/Upper Market
601608794814096100,Mission
601694190019747e3,Haight Ashbury
602128451319116400,Mission
602301309265554e3,Mission
603452864595314e3,Russian Hill
603609071359362200,Haight Ashbury
603783592600748500,Downtown/Civic Center
604268827029590900,Haight Ashbury
604268938627203700,South of Market
604269094449636e3,Castro/Upper Market
604446887254324700,South of Market
604579450392557e3,Outer Sunset
606462114101600600,Diamond Heights
606554312682751500,Downtown/Civic Center
606712107820843600,Outer Sunset
607417618030957400,Western Addition
607426265609284900,Western Addition
607466660685569800,Parkside
607506975974174200,Downtown/Civic Center
607955208228847700,Bernal Heights
608179813357114900,South of Market
6.0832844577277606e+17,Downtown/Civic Center
608861075669670400,Visitacion Valley
609473536651596400,South of Market
609504840086648400,North Beach
610446947094958e3,Excelsior
610813306685866e3,South of Market
611080712887567200,Western Addition
611114209229658800,Western Addition
611142630292657700,Inner Sunset
611712351082128e3,Western Addition
611877965743828500,Excelsior
612613675454699900,Outer Richmond
612614125749763300,Outer Richmond
612838241887630800,Western Addition
612858304613790600,Mission
612969342981975e3,Parkside
613037431723336600,Potrero Hill
613199460350211700,Haight Ashbury
613216308111126800,Downtown/Civic Center
613259587470740400,Mission
613557047440586400,Russian Hill
613573252380942200,Castro/Upper Market
613738687146543100,Noe Valley
614043108709054e3,Downtown/Civic Center
614390253925171700,Outer Sunset
614668383099671600,Crocker Amazon
614712209601998e3,Haight Ashbury
614766482817791400,Outer Sunset
615160545268764800,Financial District
615447382310622300,Excelsior
615559735697986700,Downtown/Civic Center
616256864598561300,Western Addition
616539927947675400,Haight Ashbury
617237941978966100,South of Market
617486252339953300,Inner Richmond
617587562561526900,Noe Valley
618044012093300600,Excelsior
618293864038604e3,Outer Richmond
618953540718165200,Western Addition
619165190590304e3,Downtown/Civic Center
619232413032693200,Russian Hill
619605575248018e3,Bernal Heights
620239529211968300,South of Market
621013281538166100,Bernal Heights
621071033093123800,Parkside
621365334579005600,Downtown/Civic Center
621382296387496300,Downtown/Civic Center
621694376334515300,North Beach
62188004540093e4,Mission
622504452088086900,Noe Valley
623879832296293e3,Outer Mission
624238249806327600,Outer Sunset
624636058489328600,Twin Peaks
625284606571712300,Noe Valley
626706080931023600,Potrero Hill
627336292170702e3,Russian Hill
628210371770946e3,Visitacion Valley
628475675507957200,South of Market
630663961910343600,Western Addition
630912684169936600,Inner Richmond
631161439909918500,Mission
632710380510327400,Outer Richmond
633381229623998e3,Noe Valley
633486556142729600,Outer Richmond
633566725728505100,Outer Richmond
634061205946501400,Haight Ashbury
634244633053882900,Downtown/Civic Center
634438217968657900,Noe Valley
635304024315850200,Financial District
635865897984255600,Downtown/Civic Center
637051829678544600,Marina
637577787729829400,Outer Mission
637696165698684400,Western Addition
637793771561210500,Outer Richmond
637949273088837500,Ocean View
63823722457257e4,Outer Sunset
638322552851777700,Bernal Heights
6.3908024119378406e+17,Castro/Upper Market
639346625346850300,Haight Ashbury
640007733812684700,Potrero Hill
640551686099361800,Mission
640551726334948400,Mission
640555054862649900,Mission
640696495676441700,Outer Sunset
640839317372077300,Presidio Heights
6.4219042994061594e+17,Castro/Upper Market
642663875059758800,Potrero Hill
643399323243903200,Visitacion Valley
643686811969785300,Pacific Heights
644102981604610400,North Beach
644166268519481900,Marina
644801578513713500,Outer Richmond
644931252124862600,Pacific Heights
645130050229360500,Parkside
646224749845291e3,Downtown/Civic Center
647114906892665e3,Bernal Heights
647145855481654e3,Excelsior
648545594256455e3,Excelsior
648547914210629900,Excelsior
648549709021440900,Excelsior
648576015044455600,Downtown/Civic Center
648594771621833600,Haight Ashbury
648626157572690400,Western Addition
648919264356716400,Glen Park
649487124408879600,Nob Hill
649876562955450900,Mission
650636824505488600,Pacific Heights
650647586084544100,Pacific Heights
650715822075172500,Noe Valley
651357811574612500,Mission
651642252753202300,Outer Sunset
651675023426904600,Outer Sunset
651727725817620200,Outer Sunset
652386290792106500,Inner Richmond
652417418614152400,North Beach
652613573590059e3,Potrero Hill
653038076124532500,Ocean View
653674036336801e3,Financial District
653688070333420700,South of Market
654098976337353700,Outer Mission
654316498064431e3,Potrero Hill
654571750506516500,Downtown/Civic Center
655162292495026700,West of Twin Peaks
655179668230025e3,Bernal Heights
655354045768266800,Excelsior
656621251248296700,Nob Hill
656621578521214700,Nob Hill
656621831140409500,Nob Hill
656784926356865900,Outer Mission
657528585282015600,Downtown/Civic Center
657832194720726100,Inner Richmond
657971701735892400,Outer Mission
65823117508121e4,Noe Valley
658336713353361400,Marina
658628623211979600,Mission
65933360733181e4,Twin Peaks
659434594145061e3,Mission
660141655883762600,Mission
660175440743604900,Nob Hill
660335128998039200,Inner Richmond
660551088933489900,Downtown/Civic Center
661975042079174500,Pacific Heights
662233509779573800,Castro/Upper Market
662392806641687200,Downtown/Civic Center
662411697486571900,Visitacion Valley
662588744977422600,South of Market
663047756982570600,Castro/Upper Market
663891952095650300,Haight Ashbury
664548024100513e3,South of Market
665078225179975600,Parkside
665386827882752900,Mission
666061102263421300,Outer Sunset
666092763626604800,South of Market
667535389112588200,North Beach
668093992157787400,Haight Ashbury
668347386125270900,Noe Valley
668756228030922500,Nob Hill
669025316045840400,Outer Mission
669159242223543200,Outer Sunset
669570546010013400,South of Market
669776926501094700,Downtown/Civic Center
670333209643254400,Downtown/Civic Center
670893036169393700,Inner Sunset
671740961355430700,Mission
671787174368199200,Ocean View
673130022159260500,Nob Hill
673245628020643e3,West of Twin Peaks
673727948158378500,Nob Hill
673728380926228200,Nob Hill
673729100645102800,Nob Hill
673729285597688200,Nob Hill
673729604820693600,Nob Hill
673729975728517100,Nob Hill
673730621235324500,Nob Hill
673737975001278200,Nob Hill
673738174371685500,Nob Hill
673841061541590800,Nob Hill
673970511185981200,Russian Hill
674075341873583e3,West of Twin Peaks
674157409393500400,Inner Sunset
674563379711550300,Noe Valley
674632552349199200,Marina
674704341439362700,South of Market
674790216053935100,Bayview
674903072842957600,Bernal Heights
675405583558857900,Pacific Heights
675514126683818200,Crocker Amazon
675643288250233200,Inner Richmond
676412253849773300,Financial District
676748390120733600,Parkside
676944269428473900,Marina
677032451764851700,Mission
677810352628161500,Financial District
678102133928742800,Russian Hill
678256439674845e3,Downtown/Civic Center
678273142578124e3,Downtown/Civic Center
678276195910631e3,South of Market
679639817314361300,Downtown/Civic Center
679964653266678100,Marina
680053132449636600,Western Addition
681252074960149e3,Downtown/Civic Center
681252657413248800,Western Addition
681789047706140300,Outer Richmond
681790267050668700,Western Addition
682048072778172500,Downtown/Civic Center
682335645285016800,Glen Park
684006693400945700,Downtown/Civic Center
684234806697030800,Mission
684627170640282900,Western Addition
685138697669364500,Bayview
685509021070560300,Downtown/Civic Center
686482400839588e3,Visitacion Valley
686555959758107900,Downtown/Civic Center
687108183726224500,Downtown/Civic Center
687629887335436800,Castro/Upper Market
687653012529052300,Downtown/Civic Center
687836808290227800,Inner Richmond
688328569588645200,Western Addition
688351383557214800,Pacific Heights
688474787268125600,South of Market
689007494710302800,Downtown/Civic Center
689758543870329300,Nob Hill
689845985298641700,Castro/Upper Market
689861019978822100,Downtown/Civic Center
690193375801701200,Mission
690548544716897800,South of Market
690737233773649900,Downtown/Civic Center
69074769569138e4,Downtown/Civic Center
690903232210279800,Downtown/Civic Center
691440783956044900,Downtown/Civic Center
691498082577379e3,Ocean View
691939817549912800,Downtown/Civic Center
692284519031668500,Outer Richmond
692860049109783e3,Russian Hill
693573839098921500,Western Addition
694585336959561700,Mission
694821766887845500,Downtown/Civic Center
694941566213990300,Outer Richmond
696466637679834400,Downtown/Civic Center
696476269224778400,Downtown/Civic Center
696898552866971800,Downtown/Civic Center
697226509493400700,Western Addition
697784972854862100,Downtown/Civic Center
697897491608822100,Pacific Heights
697914490249567e3,South of Market
698696792836408300,Mission
698711120316020600,Marina
699874676728842400,Visitacion Valley
699989623347824e3,Haight Ashbury
700647098001993e3,Parkside
700856230472635800,Downtown/Civic Center
701499728274360400,Pacific Heights
702114541330773400,Financial District
702776607679680500,Nob Hill
703899822641793200,Bernal Heights
704554203672051600,Mission
704692876073295700,Lakeshore
704711349727708800,Lakeshore
704995305925496300,Pacific Heights
7.0518186206828006e+17,Lakeshore
705217476865520300,Downtown/Civic Center
705407266100116e3,Downtown/Civic Center
705668969700624600,Downtown/Civic Center
705700376199080800,Castro/Upper Market
705896643799714400,Downtown/Civic Center
705916445155973900,Haight Ashbury
705963699397928800,Parkside
706048491051235500,Bayview
706107387297136e3,Downtown/Civic Center
706407538847706100,Downtown/Civic Center
706622701100970100,North Beach
707325626316519600,Outer Sunset
707914774923549600,South of Market
7.0799804449528794e+17,South of Market
708017878464974700,South of Market
708026205893274200,Haight Ashbury
708039819501727200,Mission
7.0811727288259994e+17,Mission
708236565294757100,Western Addition
708721776503129900,Downtown/Civic Center
709542263666502e3,Nob Hill
709549050075061600,Nob Hill
709569747917544600,South of Market
709652496313875e3,Western Addition
709701232954159900,Downtown/Civic Center
709711088335970200,Downtown/Civic Center
709928948253988600,Outer Sunset
710143860400390100,Downtown/Civic Center
710811235470387300,Outer Sunset
710858113747559400,Bernal Heights
710911854527244300,Downtown/Civic Center
711002261570731300,Mission
711102060701156500,Outer Richmond
711712014660053600,West of Twin Peaks
711759599407368600,Marina
714067472098279e3,Excelsior
714464748173612400,Western Addition
714545470730674600,Financial District
714545633915986200,Financial District
714746478619624400,Outer Sunset
714748145452511700,Parkside
715385823615503200,North Beach
715908754751031400,South of Market
717316305433053e3,South of Market
717327051106067200,Mission
717333725261096400,Mission
717450035627091200,South of Market
717451030913996700,South of Market
717452744481478900,Twin Peaks
717735186303813900,North Beach
718391151703288200,Excelsior
718798897889873900,Pacific Heights
719590329707788900,Excelsior
719702429896734700,Ocean View
719860536301603800,Outer Sunset
720103657951296900,Mission
720228891265814e3,Haight Ashbury
720364547493972400,Castro/Upper Market
720955756415098900,Downtown/Civic Center
721321511502812900,Mission
721677806632836700,Inner Richmond
721919886736419700,Outer Sunset
722717123480021200,Western Addition
722977901384095700,Mission
723008983138149100,Bayview
723309737847080700,Noe Valley
724550037597453300,Inner Sunset
724648012502886100,South of Market
724897778179485600,Mission
725479609346985200,Excelsior
725512018961080400,Russian Hill
725635642244163700,Haight Ashbury
726017158954082600,Inner Sunset
726180202586704600,Russian Hill
726193058756426100,Downtown/Civic Center
727116582813263500,Parkside
728860275853986600,Chinatown
728999543695219300,Bayview
729501788339993100,Parkside
729790583130102500,Visitacion Valley
729859705814302600,Lakeshore
730297833661629300,Mission
731178957964341500,North Beach
731179962615337300,North Beach
731180451359223800,North Beach
731180535609990500,North Beach
731180644977636500,North Beach
731181131705498900,North Beach
731181553772778100,North Beach
731181643706023e3,North Beach
731181729697332500,North Beach
731181852266080400,North Beach
731182538203967100,North Beach
731182594868845600,North Beach
731182694477262500,North Beach
731183042968802400,North Beach
731302149474198900,Mission
731767720206088300,Downtown/Civic Center
731927480530871800,Nob Hill
732206307703852500,Downtown/Civic Center
732271433893542100,Downtown/Civic Center
733229174029400400,Castro/Upper Market
73329956577207e4,Downtown/Civic Center
7.3359767946959194e+17,Marina
734917845735382400,Western Addition
735612760003237500,Mission
735694099712910700,North Beach
736397045443196800,West of Twin Peaks
736813405462149400,Downtown/Civic Center
737277679357691600,Outer Sunset
737690085185459100,Mission
738038497614170400,Nob Hill
738368550430045800,Parkside
738460611547440300,Downtown/Civic Center
738683375919777700,Mission
739093190259164300,Excelsior
739409598342564400,South of Market
739977628962785800,Pacific Heights
740488706021017600,Marina
740812086267651300,Outer Sunset
740854796329815600,Downtown/Civic Center
740921354771669e3,Visitacion Valley
741375352205456900,Castro/Upper Market
742074562686629200,Castro/Upper Market
742277654241557200,Noe Valley
7.4264682205333606e+17,Mission
742949999846905100,Downtown/Civic Center
742972688101060400,Downtown/Civic Center
743686609547181200,Haight Ashbury
744223259483565e3,Pacific Heights
745000673423008e3,Downtown/Civic Center
74568236363914e4,Nob Hill
745782895232014100,Potrero Hill
745996645894974200,Haight Ashbury
746349926982556700,Outer Sunset
746366931435909800,Lakeshore
746374357388390400,South of Market
746447896366370600,Parkside
747156322132541300,North Beach
747305922972021100,Marina
747771967478904300,Ocean View
747829373631322400,Glen Park
748773532976477300,Downtown/Civic Center
749130817686331e3,Outer Sunset
749400625755500700,West of Twin Peaks
749541391140208500,Downtown/Civic Center
749596835283595e3,Downtown/Civic Center
750201906184002200,Financial District
750201919439770800,Chinatown
750742784503515400,Noe Valley
750884815873151100,Outer Sunset
750928256745638400,Western Addition
751443476024511100,Financial District
751452769136985700,Financial District
751511653280347e3,Western Addition
752111917761465100,Glen Park
752794360610451100,Noe Valley
754524179498519600,Parkside
755532712227678600,Outer Richmond
755532872211049700,Outer Richmond
755760403846222800,Inner Richmond
755781070503654500,Downtown/Civic Center
755858876344760800,Noe Valley
755946142700673900,Downtown/Civic Center
756033628725964200,Downtown/Civic Center
756485655587319300,Castro/Upper Market
757211790915878400,Potrero Hill
757235299742880100,Outer Sunset
757318067970948600,Inner Richmond
757333863964963300,Inner Richmond
757975405189913700,Haight Ashbury
758037807413885700,Haight Ashbury
758693222071642500,Outer Richmond
759555390455413200,Twin Peaks
759560077470949e3,Crocker Amazon
759575796232389600,Inner Richmond
759696702405689700,Excelsior
759748276442190200,Russian Hill
760895560480183300,Glen Park
762247831877221e3,Potrero Hill
762425439444066700,Excelsior
763059371672534100,Castro/Upper Market
764566663536454900,Mission
764577991206768400,Inner Richmond
765349048924346400,Potrero Hill
765519459046574700,Mission
765602022730771500,Mission
765607313105454100,Crocker Amazon
765616113852519600,Noe Valley
765636386159482600,Crocker Amazon
765701902118528600,Inner Richmond
765756490298748400,South of Market
768488116172007600,Potrero Hill
768981101752342500,Seacliff
769468698194326300,Outer Richmond
769703535447939600,Castro/Upper Market
769709911596939500,Bayview
769894881482542100,Western Addition
769925696894141300,Inner Richmond
770448127732632800,Noe Valley
771244981032665600,Inner Sunset
772004805028556700,South of Market
772507224849893200,Inner Richmond
773289547346767e3,Excelsior
773498117232132200,Outer Sunset
773890298566855800,Potrero Hill
774194450745186200,Outer Sunset
774304380267401600,Downtown/Civic Center
774306328065481700,South of Market
774623004551822100,Downtown/Civic Center
774625085734074600,Downtown/Civic Center
774626404715965200,Downtown/Civic Center
774627774850751500,Downtown/Civic Center
774629074398995e3,Downtown/Civic Center
774630554233338e3,Downtown/Civic Center
774631879631246800,Downtown/Civic Center
774633336375822600,Downtown/Civic Center
774762365392262800,Bernal Heights
774901709098066400,Ocean View
775059223239963300,Downtown/Civic Center
775331789681328e3,Western Addition
775557950936909400,Downtown/Civic Center
777464454828895100,Western Addition
777489081567345500,Mission
777526488498930400,Marina
777550622581531900,Western Addition
777559929628009500,South of Market
778248319823783200,South of Market
778934135676796e3,Downtown/Civic Center
778939654117848600,Inner Sunset
779864432573379800,Inner Richmond
780043472278234500,Excelsior
780495845839038300,Western Addition
780507157786474e3,Downtown/Civic Center
780534709019045200,Outer Sunset
782013529979925500,Mission
784010681801561e3,Downtown/Civic Center
784010838925018e3,Downtown/Civic Center
784011023140898300,Downtown/Civic Center
784011112719256300,Downtown/Civic Center
784011201072030700,Downtown/Civic Center
784011309092883100,Downtown/Civic Center
784011658554027900,Downtown/Civic Center
784011660513901800,Downtown/Civic Center
784011678365022500,Downtown/Civic Center
784011857465495e3,Downtown/Civic Center
784011956143716500,Downtown/Civic Center
784012154374817500,Downtown/Civic Center
784012288487296300,Downtown/Civic Center
784012528713632500,Downtown/Civic Center
784012691165045500,Downtown/Civic Center
784012957346133e3,Downtown/Civic Center
784013043995871200,Downtown/Civic Center
784013135690210200,Downtown/Civic Center
784013231809724900,Downtown/Civic Center
784013303063288600,Downtown/Civic Center
784013763795792800,Downtown/Civic Center
784014328043731500,Downtown/Civic Center
784014376553169500,Downtown/Civic Center
784014559939365800,Downtown/Civic Center
784014560463395700,Downtown/Civic Center
784014714400006300,Downtown/Civic Center
784014823060729500,Downtown/Civic Center
784014927358566900,Downtown/Civic Center
784015011283969700,Downtown/Civic Center
784015132319650200,Downtown/Civic Center
784015375259179800,Downtown/Civic Center
784015469668327600,Downtown/Civic Center
784017679700996700,Downtown/Civic Center
784017793692835600,Downtown/Civic Center
784017982888619400,Downtown/Civic Center
7.8401801484903206e+17,Downtown/Civic Center
784018157777299200,Downtown/Civic Center
7.8401828561983194e+17,Downtown/Civic Center
784018502774200600,Downtown/Civic Center
784018570107259600,Downtown/Civic Center
784018691753404300,Downtown/Civic Center
784018769863252200,Downtown/Civic Center
784018861799142900,Downtown/Civic Center
784019101069160200,Downtown/Civic Center
784019110221184500,Downtown/Civic Center
784286772110354e3,Noe Valley
784868473446852100,Financial District
785664589760326900,Castro/Upper Market
785698957007308500,Inner Richmond
785723383650464e3,Noe Valley
7.8576617898053606e+17,Mission
786203048372383e3,Mission
786261918034714500,Potrero Hill
786420960296544100,Lakeshore
786735857366228900,North Beach
786781913839264500,North Beach
787017429018374700,Bernal Heights
787073011889821400,Bernal Heights
787904824134444300,Mission
787929017640980100,Mission
787943743397727900,Mission
788059752222904600,Mission
788267031766634500,Potrero Hill
788704044559528700,Outer Richmond
790552391998031600,Western Addition
790648184828448e3,Western Addition
791067241031169700,Western Addition
791302059565307e3,Inner Richmond
791447166974580400,Outer Sunset
792284781340811e3,Bernal Heights
792370590895673600,Parkside
793486204992483700,North Beach
793601892696155300,Castro/Upper Market
794300488770515700,Western Addition
794320624094294100,Outer Sunset
795751534929589900,Outer Richmond
795809792649629e3,Inner Richmond
7.9588607926732006e+17,Downtown/Civic Center
796387159841829500,Mission
797072683451892600,Nob Hill
797073220074287600,Nob Hill
797073269092293e3,Nob Hill
797073492658381300,Nob Hill
797073798169417200,Nob Hill
797074017479516500,Nob Hill
797074273540698600,Nob Hill
797074335875849700,Nob Hill
797074667869484500,Nob Hill
797074722646417900,Nob Hill
797075496260114700,Nob Hill
797075734642699300,Nob Hill
798911462538312200,Lakeshore
799476785516482600,Inner Richmond
802049245688583400,South of Market
802947359254844800,Outer Richmond
803164030733675400,Mission
803658082637087100,Nob Hill
803683314275052800,Castro/Upper Market
803858959410190200,Outer Richmond
804529508472863700,Outer Mission
805030435056833400,Castro/Upper Market
805148644494835300,Noe Valley
805915574261484200,Outer Sunset
806545719729854e3,Mission
807507980829881300,South of Market
808499703889641700,Downtown/Civic Center
808517283110770200,Downtown/Civic Center
808545838511216100,Nob Hill
808619835086136400,Downtown/Civic Center
808619951772444800,Downtown/Civic Center
808620054279537400,Downtown/Civic Center
808620158909300200,Downtown/Civic Center
808620353735079e3,Downtown/Civic Center
808620432023641e3,Downtown/Civic Center
808620522245867800,Downtown/Civic Center
808620715893568500,Downtown/Civic Center
808620727013740400,Downtown/Civic Center
808620845656890900,Downtown/Civic Center
808621315547371300,Downtown/Civic Center
808621321452951300,Downtown/Civic Center
808621333943771100,Downtown/Civic Center
808621390283270700,Downtown/Civic Center
808621460936529200,Downtown/Civic Center
808621651374875900,Downtown/Civic Center
808621768599355400,Downtown/Civic Center
808621892285159e3,Downtown/Civic Center
808622113721422e3,Downtown/Civic Center
808622297875325700,Downtown/Civic Center
808622402293119700,Downtown/Civic Center
808622761140177200,Downtown/Civic Center
808623067154331600,Downtown/Civic Center
808623187874083300,Downtown/Civic Center
808623246408874e3,Downtown/Civic Center
808623329554129700,Downtown/Civic Center
808623413161786900,Downtown/Civic Center
808623507200236200,Downtown/Civic Center
808623668228024300,Downtown/Civic Center
808637452791545500,Downtown/Civic Center
808637531167169800,Downtown/Civic Center
808637724122214500,Downtown/Civic Center
808637795215077800,Downtown/Civic Center
808637821626746200,Downtown/Civic Center
808637930736615e3,Downtown/Civic Center
808638039907096300,Downtown/Civic Center
808638120664983200,Downtown/Civic Center
8.0863827091591206e+17,Downtown/Civic Center
808638289425644900,Downtown/Civic Center
808638415638750700,Downtown/Civic Center
808638483676176800,Downtown/Civic Center
808638556446268500,Downtown/Civic Center
808638648118246800,Downtown/Civic Center
808638727454073700,Downtown/Civic Center
808683657900393300,South of Market
808995594566778400,Marina
809471496586758500,Haight Ashbury
809687226127884300,Downtown/Civic Center
810540689369916400,Marina
810577114479474200,North Beach
811381428084963800,Nob Hill
811381791139176800,Chinatown
811382057287143e3,Chinatown
811382322371984900,Chinatown
811382571733548700,Nob Hill
811382840202694500,Chinatown
811383103337494700,Chinatown
811389978721891800,Chinatown
811390325565552400,Chinatown
811390585269109200,Chinatown
811390863287058200,Chinatown
811393506201963800,Chinatown
811393849592149900,Nob Hill
811394102793753500,Chinatown
811394364791072400,Chinatown
811394627255490800,Nob Hill
811398035303152100,Nob Hill
811398355292922200,Chinatown
811398602658236900,Chinatown
811398835974429700,Nob Hill
811399037058760300,Chinatown
811399072310780400,Nob Hill
811399316397850800,Nob Hill
811399541986670100,Nob Hill
811399561393140700,Chinatown
811405833744499100,Chinatown
811405834464588200,Chinatown
811406171285518800,Nob Hill
811406171433774700,Nob Hill
811431666248534400,Nob Hill
811431668986048600,Nob Hill
811465640117813600,Chinatown
811465641897403100,Nob Hill
811684862543052200,Western Addition
811938086603394400,Presidio Heights
812493972622210700,Haight Ashbury
812750906796285700,Russian Hill
812770433755957200,Russian Hill
813358524159166600,Glen Park
813669286609967400,Castro/Upper Market
813748891654356400,Noe Valley
8.1517719424996006e+17,West of Twin Peaks
816028610191508500,Noe Valley
816211107298614900,Mission
816849292948023200,Marina
816998498709351600,South of Market
818142802440744300,Bernal Heights
818195233784142e3,Nob Hill
818231243893035300,Castro/Upper Market
818445328258169e3,Bernal Heights
818965548064467600,Pacific Heights
819632103576819e3,Nob Hill
82066922285161e4,Downtown/Civic Center
8.2103876732925606e+17,Western Addition
821111273375147e3,Financial District
821111957385119500,Financial District
821112507533247900,Financial District
821113177098676500,Financial District
821114014602777600,Financial District
821667684346708700,Downtown/Civic Center
821898577032336100,Mission
822091182299595300,Russian Hill
822648458930697600,Downtown/Civic Center
822653703653907200,Russian Hill
824024594832805600,Western Addition
824047084487342e3,Noe Valley
824053442345006100,Outer Mission
824218674369102100,Crocker Amazon
82431191829521e4,Bernal Heights
824578055590701800,Outer Mission
824774828797995300,Mission
825481991587243300,Bernal Heights
825620580149284400,Noe Valley
826063960462221400,Visitacion Valley
826222991481833700,Russian Hill
826289478858479700,Nob Hill
826304560818579500,Chinatown
827463291262389e3,Mission
827603610728940800,Downtown/Civic Center
827803014412266500,Parkside
828094337978291800,North Beach
828241752313576600,Haight Ashbury
830835999474397800,Ocean View
831191768069721900,South of Market
831273515651359600,Mission
831285327472387500,Downtown/Civic Center
831287715236252500,Downtown/Civic Center
831438674405288300,Twin Peaks
831960683628665500,Visitacion Valley
832601555654255500,Downtown/Civic Center
832658003198969500,Outer Mission
832676669976549600,Western Addition
833620265884756500,Parkside
834204382399601500,Western Addition
834335362574497500,South of Market
834343004658680600,Inner Richmond
834887974756320100,Outer Mission
835050210057275e3,South of Market
835599104972268300,Potrero Hill
835644139077998300,Outer Richmond
835668564220551e3,Outer Sunset
836205079175974100,South of Market
836368993217644e3,Chinatown
836532152273523300,Western Addition
836816253964999800,Western Addition
836875426598488800,Twin Peaks
836908859138563200,Mission
837174431678149200,Chinatown
837529795721051300,Chinatown
837672742367627600,Nob Hill
837814205259938400,Nob Hill
837815995465328e3,Chinatown
837935660244540500,Nob Hill
837935909894280600,Nob Hill
839109880343709e3,Outer Richmond
839973348782294500,Inner Richmond
840184971889260200,Bernal Heights
840599152068629100,Bayview
840601162140239200,Bayview
840715737123099500,Mission
840755927573523600,Twin Peaks
84163116092918e4,Bernal Heights
842150395554996900,Downtown/Civic Center
842305834310945800,Western Addition
842848860519516300,Bernal Heights
843069830550989200,West of Twin Peaks
843369859239382400,Chinatown
843488530733536600,Outer Sunset
843852557727531600,Bayview
844883585620309400,Western Addition
844937676892217600,Outer Sunset
845024215728794600,Potrero Hill
845066304339102e3,Mission
845346217746367e3,Russian Hill
845657707418208600,Russian Hill
845672328646605800,Western Addition
845902024566901100,Ocean View
845973280246958700,Inner Richmond
847042204259883100,Western Addition
847124389843763800,Potrero Hill
847225207038124e3,Presidio Heights
849895199281375e3,Presidio
850254837708353900,Ocean View
850441984824354600,South of Market
850930877112460900,Mission
850999058572114300,Outer Sunset
850999067083606400,Outer Sunset
851026746656663300,Nob Hill
851068214950764800,Ocean View
851410600220925400,Ocean View
851467274750113200,Castro/Upper Market
851522486085081500,Ocean View
851565538080570600,Nob Hill
851598957497273200,Nob Hill
851771629596739200,Outer Sunset
852265589432899200,Russian Hill
852397306676923300,Western Addition
852910268715086500,Western Addition
852946455508526800,Financial District
853541192986368400,South of Market
855242800972626200,Downtown/Civic Center
857179051609396500,Pacific Heights
857184653102730900,Downtown/Civic Center
857263123279085700,South of Market
857283702991566200,Financial District
857596257496369500,North Beach
857889545624357800,Parkside
857961086483891300,Mission
858281170744108200,North Beach
858762280245894e3,Downtown/Civic Center
858819824306415500,North Beach
859730588174995800,Outer Richmond
860352294014677e3,Castro/Upper Market
860380347868420700,North Beach
861107959804659500,South of Market
861121064838065900,Mission
861131751810244900,South of Market
862360025581186300,Inner Sunset
8.6237642568162406e+17,Nob Hill
862505329538904600,Haight Ashbury
862960375236121200,Castro/Upper Market
863048600398874500,Chinatown
863853157417801300,Inner Richmond
864595084219671800,Bernal Heights
865271046576576800,Downtown/Civic Center
865354126646438900,Castro/Upper Market
866271989362662500,Outer Mission
866775404303929600,Outer Sunset
867435455159430400,Downtown/Civic Center
867444634246754700,Financial District
867448141100054400,Chinatown
868379679068053800,Outer Sunset
868794833132129500,South of Market
868832029138928400,Russian Hill
868904745521411100,Mission
869004524069825200,Pacific Heights
869155668470201300,South of Market
869415292483724200,Outer Sunset
870458142773943800,Pacific Heights
8.7119823061107994e+17,Excelsior
871207011138297700,Marina
871228164841856300,Marina
871237811821685100,Marina
871551431202793900,Mission
871822128590826800,Potrero Hill
871991984418515100,Outer Mission
872435300038405600,Twin Peaks
872715702649975800,Outer Mission
872721671975013600,Potrero Hill
87313179947627e4,Russian Hill
873139345275744400,Outer Sunset
873342131916467700,Ocean View
873618055548858500,North Beach
873958105082183700,Bayview
874607704419774e3,Twin Peaks
874646799814465700,Chinatown
874657955467068900,Inner Richmond
874702760233545300,South of Market
874882716746707500,Pacific Heights
875431661163534700,Mission
876868587691441200,Noe Valley
877145841215544800,Parkside
878183410823774700,Marina
878858844598889200,Outer Richmond
879027497265698800,Mission
879727871482654300,Marina
879847293982940800,South of Market
879877795501558e3,Bernal Heights
880053805480350800,Twin Peaks
880490748160859400,Inner Richmond
880542232486267100,Outer Richmond
881168729030149400,Mission
881402493042000600,Outer Mission
88197708515477e4,Bayview
882179919150968300,Marina
882533114447445500,Western Addition
882758776230278100,Nob Hill
882912541298157300,Outer Richmond
883319805777082500,Castro/Upper Market
883432967433987100,Marina
883513655221345500,Downtown/Civic Center
884102634075501300,Parkside
884168412609575700,Outer Sunset
884349897587639300,South of Market
884390038934087200,Bernal Heights
884419385483424500,Bernal Heights
884427616050550400,Bernal Heights
884515449809681400,Bernal Heights
884533972888485900,South of Market
884542744968153700,South of Market
884714980081939600,Ocean View
884829457526133600,Mission
884841824144139100,Marina
885046655979706100,South of Market
885050686295950200,South of Market
885550325001142800,Ocean View
886198505117003100,Outer Sunset
886242200270212200,Inner Sunset
886448327027426200,Outer Richmond
886460587926538200,Outer Richmond
886528458352482200,Downtown/Civic Center
887841695189829400,Nob Hill
887885890330424300,Chinatown
887890988150604800,Nob Hill
887892172266757500,Chinatown
888523182641999500,Outer Richmond
889172572529506700,Potrero Hill
889287591895542400,Nob Hill
889296775205518700,Nob Hill
889307320558401200,Chinatown
889308328249104e3,Chinatown
889776038592839200,Outer Sunset
890616250005859200,South of Market
891249585342542800,Noe Valley
891611786127344900,Outer Sunset
892035286118270500,Castro/Upper Market
892057952283681500,Inner Richmond
892104253415593500,Potrero Hill
892168566236310400,Bayview
892181544615376900,Inner Richmond
892750346253804300,Castro/Upper Market
892755770684671700,Marina
893025275290458100,Twin Peaks
893610245891489900,Outer Sunset
893841281141118600,South of Market
894771416151540600,South of Market
894850855312323300,Outer Sunset
895077330670108200,Bernal Heights
895506939038413200,Downtown/Civic Center
895507060098369e3,Downtown/Civic Center
895507166840933900,Downtown/Civic Center
895507261227197600,Downtown/Civic Center
895543847782726e3,Glen Park
895686730194170900,Outer Sunset
895921297999612800,Outer Mission
896295101209353300,Ocean View
896421694829949400,Noe Valley
896522872407098500,Outer Richmond
897007503683292e3,Castro/Upper Market
897034001270746900,Mission
897245234853162600,Haight Ashbury
897267636302147100,Russian Hill
897763315745280100,Bayview
897809422446028200,Noe Valley
897892000962147700,Bayview
898165508732959600,Western Addition
898465936844785800,Russian Hill
898600001481573600,Chinatown
898630675257102700,Marina
899131063106514700,Bayview
899135168427425300,Potrero Hill
899262823975765200,Outer Sunset
899315740060263e3,Mission
899400638213337100,Russian Hill
8.9955627592312794e+17,Bernal Heights
900333397824658800,South of Market
900344661155100500,Western Addition
900706006037079400,Mission
900749824465212900,Presidio Heights
900793022546882400,Western Addition
900915619226787100,Mission
901058011444348800,Western Addition
901647229147550600,Ocean View
902280013972025900,Mission
902390626595978900,South of Market
902891512957589400,Downtown/Civic Center
902896980700896500,Downtown/Civic Center
903286470152643300,South of Market
903709531560422700,Pacific Heights
904341099277367400,Downtown/Civic Center
904365440993437600,Outer Mission
904420355457738200,Downtown/Civic Center
904420720678228100,Downtown/Civic Center
904420839716774800,Downtown/Civic Center
904969097309033900,Downtown/Civic Center
904969222592600400,Downtown/Civic Center
904969384129344300,Downtown/Civic Center
904970344625306900,Downtown/Civic Center
904970458891212800,Downtown/Civic Center
904971883204155900,Downtown/Civic Center
904972207452851600,Downtown/Civic Center
904972454588702500,Downtown/Civic Center
905045907400871200,Downtown/Civic Center
905342666297519900,Inner Sunset
905745321583782400,Bernal Heights
9.0585524252549606e+17,Excelsior
906455731788004700,Parkside
906560667195048400,Twin Peaks
90667941528897e4,Outer Sunset
90682538346857e4,Outer Sunset
907272858616337800,Outer Sunset
908930793919946900,Bernal Heights
908933039008249200,Mission
908967332253933700,Noe Valley
909393702755943600,Downtown/Civic Center
909608520414602400,Outer Sunset
909646548537029e3,Inner Richmond
909688634852416e3,Haight Ashbury
910085141126569100,Outer Richmond
910251473995158300,Downtown/Civic Center
910282567401234200,Downtown/Civic Center
910405113807398100,Outer Richmond
911019438567715300,Inner Richmond
912509228872642400,Marina
912533054564363600,Downtown/Civic Center
912974802054495400,Russian Hill
913001622806475e3,Downtown/Civic Center
913005820782497700,Western Addition
913131960925168500,West of Twin Peaks
913165602002996500,Downtown/Civic Center
913890018102269400,Mission
914471919784074100,South of Market
9.1463076349317606e+17,Pacific Heights
915187960752221200,Downtown/Civic Center
915282958610387200,Pacific Heights
915342090789939700,Mission
916050485365248300,Nob Hill
916642911820095400,Russian Hill
916883758623346600,Outer Sunset
916954356266203400,Outer Sunset
917042784098995e3,Parkside
917393334692527600,South of Market
918817774588375600,Western Addition
918970255085843700,Pacific Heights
919092744910109300,Diamond Heights
919338279662397200,South of Market
919950500102181500,Western Addition
919960216277698300,Mission
920021587539346e3,South of Market
920551074452681600,Potrero Hill
922407386213948700,Downtown/Civic Center
922457762393322900,Downtown/Civic Center
922463769813081900,Western Addition
922563779861175600,West of Twin Peaks
922639294813355500,Castro/Upper Market
923287154849422800,Mission
923337988585932700,Western Addition
924393324909950100,Outer Sunset
924500384796374100,South of Market
924625197444994200,South of Market
925369454815019500,Parkside
925369618737352800,Nob Hill
925391856378177700,Nob Hill
926067473447637600,North Beach
926226784725516e3,North Beach
926818362477759700,Outer Mission
926923833037628700,North Beach
926925437912556800,North Beach
927435383871245600,Noe Valley
927481533366241900,Castro/Upper Market
927563446263228800,Outer Richmond
927581788733537200,North Beach
928917685646963600,Outer Richmond
928941614156873600,North Beach
929373037353317e3,Marina
929707397495574100,Financial District
930539258556570500,Mission
931996376053948500,Bayview
932524931197133e3,Outer Richmond
932613111312392400,Bayview
932953763532794500,Nob Hill
933513583480771100,Haight Ashbury
934254905344720900,Outer Mission
934401878775234300,Potrero Hill
934838802204780300,Visitacion Valley
937921350968563100,Chinatown
938317240177880800,Presidio Heights
938407968605233800,Mission
938464294835812200,Mission
938971674779519e3,South of Market
939216853658353700,Financial District
939288339720529400,Financial District
939292684869749600,Chinatown
939354002710117400,Western Addition
939857947544738200,Chinatown
939868359724958600,Financial District
940312534267631100,Mission
940461704241715800,Bernal Heights
940594030090632400,Noe Valley
940683806463722800,Financial District
940787436107995400,Chinatown
940920973367426300,Downtown/Civic Center
941213534510824200,Bernal Heights
941309745483513700,Chinatown
941367556376388900,Mission
941905016644637400,Ocean View
941972803768049300,Noe Valley
942269503256041200,Inner Sunset
942291644559374300,South of Market
942737542785205200,Inner Richmond
943549141572724600,Mission
943717196568628e3,Chinatown
943725043717109800,Financial District
943739503759706600,Downtown/Civic Center
943747798375642e3,Castro/Upper Market
944184639967828500,Chinatown
944228937490414200,Chinatown
944236471363891300,Chinatown
944241312369897200,Chinatown
944247805458154500,Chinatown
944278117835778e3,Downtown/Civic Center
945672998966057e3,Mission
945911625022709e3,Parkside
947307205885846e3,Pacific Heights
947664388662170900,Nob Hill
947804037812131e3,Russian Hill
947834879349345700,Financial District
947848524272192600,Financial District
947939807753536900,South of Market
948248351912703100,Outer Sunset
949115010566001400,South of Market
950636027806408600,Marina
950978378471166700,Haight Ashbury
951765249614863e3,Twin Peaks
951800465974700400,Visitacion Valley
951807526485145200,Visitacion Valley
951815096309814400,Visitacion Valley
952170932666123e3,Diamond Heights
952224293994738600,Visitacion Valley
953090766038279e3,Western Addition
953157740329318300,Inner Richmond
953170924399237e3,Marina
953222477936810900,Western Addition
953612488015563900,Bayview
953842422896285e3,Outer Richmond
953843364638958600,Outer Richmond
953944420777183400,Western Addition
954514583027879400,Russian Hill
954714932260188500,Ocean View
955285139824675500,Bernal Heights
955464950099551500,Inner Sunset
955465739450819100,Inner Sunset
955995067181069600,Presidio Heights
956369293348623400,Potrero Hill
956723436929813200,West of Twin Peaks
957382572188689400,Mission
957431979945402900,South of Market
957700174353441800,Western Addition
957789818022554100,Bernal Heights
957965895478306800,Mission
958056470895019e3,Mission
958079365509099400,Parkside
958135834858763400,Noe Valley
958693643564058900,Downtown/Civic Center
958705380695870200,Downtown/Civic Center
958724825725900300,Twin Peaks
958797536622508400,Mission
959155652303423900,South of Market
959472784553976700,Bernal Heights
960149424939701100,Inner Richmond
961053597242871800,Outer Mission
961517168666268800,Outer Richmond
961712560809865e3,Noe Valley
962347304787401e3,Bayview
962539300066087200,Outer Richmond
963641231270031900,Bernal Heights
963756549828384400,Marina
963769989449672700,Western Addition
964825597318145500,Financial District
965072398758262800,Potrero Hill
965185193577567500,Western Addition
965246248927073e3,Downtown/Civic Center
965287044819197e3,Visitacion Valley
965323063653328100,Noe Valley
965421478685477400,Bernal Heights
965781832602617100,South of Market
965979998524699500,Downtown/Civic Center
965980066576967800,Downtown/Civic Center
965980173384002200,Downtown/Civic Center
965980258974398500,Downtown/Civic Center
965980356612035800,Downtown/Civic Center
965981095665177900,Downtown/Civic Center
965982102369168800,Downtown/Civic Center
965982203418535700,Downtown/Civic Center
965982306475747800,Downtown/Civic Center
965982423044014600,Downtown/Civic Center
965982561952786200,Downtown/Civic Center
965982662667952500,Downtown/Civic Center
965982793102418300,Downtown/Civic Center
965982881681401200,Downtown/Civic Center
965983015736074600,Downtown/Civic Center
966293247952927900,Mission
966641347131456100,Russian Hill
966976011374731600,Mission
968054798521042200,South of Market
968055503940424200,South of Market
968083965860780200,Castro/Upper Market
968105782264744400,Castro/Upper Market
968117079358595600,Nob Hill
968199911077853600,Noe Valley
968801700625254900,South of Market
968941486248984300,Outer Sunset
968992893908423600,Nob Hill
969197726482612700,Bayview
969583023982188400,Outer Sunset
969623146233107500,Downtown/Civic Center
969627732796487700,Downtown/Civic Center
969629561942311700,Downtown/Civic Center
969749740590530200,Inner Sunset
970048126639488600,Mission
970351150121324e3,Glen Park
970585764773486e3,Castro/Upper Market
971831501403927400,Bernal Heights
971863454098146800,Bernal Heights
9.7188788566019994e+17,Western Addition
972532151182143400,Castro/Upper Market
973329248202823e3,Noe Valley
973534150410939900,Excelsior
973962833436053900,Ocean View
9.7397198445016794e+17,Bernal Heights
974741900866409700,Financial District
974742065999664e3,Financial District
974742204800060500,Financial District
974742343420647200,Financial District
974742481897696400,Financial District
974742567436089e3,Financial District
974742731758077700,Financial District
974742852927696600,Financial District
974742983997118800,Financial District
974743084323474200,Financial District
974743411752624800,Financial District
974743689335587100,Financial District
974756892334542500,Parkside
975456758333183e3,Pacific Heights
975549563164431400,Noe Valley
975736493472191600,South of Market
976125576667577600,Downtown/Civic Center
976140155983360400,Nob Hill
976264014625725200,Inner Richmond
976861403019785900,Twin Peaks
978663751304845e3,Outer Mission
978997624569970400,Inner Richmond
979608455131719800,Downtown/Civic Center
97976290827858e4,Pacific Heights
979802075685386900,Western Addition
980163091516265500,Downtown/Civic Center
980163431042287e3,Downtown/Civic Center
980163820672964400,Downtown/Civic Center
980318548206131500,Chinatown
981110621973554800,Bernal Heights
981161742968845e3,Lakeshore
981214276308418800,Bayview
981527425475502800,Bayview
982165726694225200,Parkside
983340595281922200,Nob Hill
983661721517598300,Excelsior
983917649509760400,Western Addition
98393043132746e4,Downtown/Civic Center
983982248435590700,Downtown/Civic Center
983984258312427100,Downtown/Civic Center
984579187391375100,Downtown/Civic Center
985021873010721900,Mission
985160838009006800,Downtown/Civic Center
985458984671540100,Downtown/Civic Center
985459529002450700,Downtown/Civic Center
985653017923891800,South of Market
987132241119252600,Western Addition
987229975821109e3,Chinatown
988410885321960800,Russian Hill
988984712246419800,Presidio
989020882902997600,Excelsior
989022471667834e3,Downtown/Civic Center
989131026826392400,Mission
989187651341621100,Downtown/Civic Center
989192386268313900,Downtown/Civic Center
990022919413310200,South of Market
990169541569669200,Ocean View
990527267538095700,Mission
990648205394124700,Haight Ashbury
991336394954442800,Potrero Hill
992117902408708100,Mission
992123356938581200,Mission
992753842262024800,Mission
993560474088543e3,Downtown/Civic Center
993617264120222100,Western Addition
994196411110311800,Western Addition
994225309427242900,Mission
994234602134661900,Mission
994635931907848400,Western Addition
994958238755399400,South of Market
995091799043056300,Western Addition
996377861281566600,Mission
996381799105772e3,Mission
996385424772599600,Mission
996388722700945300,Mission
996392910599904e3,Mission
996480608272767900,Parkside
996480672994695300,Parkside
99648073794576e4,Outer Sunset
996480798730280600,Outer Sunset
99707546277335e4,Pacific Heights
997363437208939600,Outer Richmond
998547548769428700,Mission
998741554427399800,Marina
999310607446511500,Inner Sunset
999945380536516600,Mission
999949168517818e3,Downtown/Civic Center
999972732313065200,Downtown/Civic Center
999995823941483400,Downtown/Civic Center
1000704809520026600,Outer Mission
1001303494380092300,Downtown/Civic Center
1001424726363621100,Nob Hill
1001534641974341600,Mission
1001598884664966100,Bayview
1002283155405615500,Outer Richmond
1002454386536745500,Ocean View
1002932294897188900,Noe Valley
1003372717525741800,South of Market
1003716178745373400,Western Addition
1003920422456586800,Western Addition
100392268305483e4,Western Addition
1004389108886319500,Downtown/Civic Center
1004398089857925e3,Downtown/Civic Center
1004798450400385500,South of Market
1005129877077277300,Inner Richmond
1005458276514664700,Western Addition
1.0057248399424241e+18,Downtown/Civic Center
1005730562194458600,Downtown/Civic Center
1005734343038526200,Downtown/Civic Center
1005737882110095500,Downtown/Civic Center
1005742795935627300,Downtown/Civic Center
1005744514049696e3,Downtown/Civic Center
1005746187723636200,Downtown/Civic Center
1005756165400232700,Downtown/Civic Center
1005777526292302800,Downtown/Civic Center
10059113853719e5,Russian Hill
1005999024128055200,Noe Valley
1006664704237639700,Noe Valley
1007370963674079900,Outer Sunset
1.0082846012503921e+18,Outer Mission
1008315925433869e3,South of Market
1008316122987976200,Outer Sunset
101082047561077e4,Russian Hill
1010828732678763600,Russian Hill
1011606151598140800,Russian Hill
1011613025886483300,Russian Hill
1011663286201579600,Russian Hill
1011670545335515500,Russian Hill
1011727466553988600,Russian Hill
1012374492150655e3,Western Addition
1012383737037128300,Western Addition
1014051329161502700,South of Market
1014582212562222700,Financial District
1014629402884066600,South of Market
1014798772769203300,Outer Richmond
1015539512373706200,Downtown/Civic Center
1016012932198481800,Outer Sunset
1016048960489342e3,Inner Sunset
1016342927874691600,Outer Sunset
1016380845718849800,Outer Sunset
1016386284940585200,Outer Sunset
1016481253780096300,Potrero Hill
1016637356063563400,Outer Sunset
1016806113955557200,Inner Sunset
1016972789252744200,Outer Richmond
1017654443875917e3,Mission
1018341733463973600,Russian Hill
1018903445666826200,Outer Sunset
1018951545238681600,Parkside
1019022057553511e3,Bernal Heights
1019620235274761500,Western Addition
1019866570400320800,Downtown/Civic Center
1020376341473099800,Financial District
1020464068086058400,Chinatown
1020478853748196500,Chinatown
1020484145611915800,Castro/Upper Market
1020502081525896800,Nob Hill
1020518342750134e3,Chinatown
1020522508574112500,Nob Hill
1020527003634961200,Nob Hill
1020533046114817500,Nob Hill
102054773382536e4,Nob Hill
1020988217244151600,Visitacion Valley
1021411619853888600,Outer Mission
1022782369723612800,South of Market
1022874295745998300,Russian Hill
1023307553893225200,Inner Richmond
1023482822910013200,Excelsior
1023953229266849800,Mission
1024729472325296900,Haight Ashbury
1024755875429155300,Castro/Upper Market
1025062887402543200,Excelsior
1025578352742243700,Western Addition
1025619359761604500,Potrero Hill
1025723260333415600,Marina
1027006964772513200,Excelsior
1027078742878828e3,Financial District
1028196428591753200,Noe Valley
1028631370204541600,Outer Sunset
1028972895740176600,Visitacion Valley
1029682901698100700,Western Addition
1032301805679541600,Russian Hill
1032318258702989400,Russian Hill
1032860602597281900,Haight Ashbury
1032896549142033300,Lakeshore
1033587133572122100,Crocker Amazon
1033616842452887e3,Mission
1034691746344756600,South of Market
1034866636531508e3,Noe Valley
1.0357819610619441e+18,Western Addition
1035782041900793100,Western Addition
1036459736006824700,Western Addition
1037048539282150500,Noe Valley
1037055202945766300,Pacific Heights
1037350262563555700,Russian Hill
1037357504491632100,Russian Hill
1038757066276718600,Bernal Heights
1039333998558859500,Inner Sunset
1039800918426600700,Downtown/Civic Center
1.0398010868628879e+18,Downtown/Civic Center
1039801616708689900,Downtown/Civic Center
1039801771130375700,Downtown/Civic Center
1039801777689850600,Downtown/Civic Center
1040099353824783600,Bernal Heights
1040248789035116200,Downtown/Civic Center
1040249775082936600,Downtown/Civic Center
1040826089118035300,South of Market
1041316640810085800,Outer Sunset
1041372632260987e3,Mission
1041491023240067800,Outer Mission
1042051496489658600,Mission
1043748646220165900,Downtown/Civic Center
1044596955594904800,South of Market
1045025941803042800,Downtown/Civic Center
1045288493940238300,South of Market
1045370474144875e3,South of Market
1045528808324038100,Nob Hill
1045533840873378700,South of Market
1045539789851279400,Potrero Hill
1046215817343365400,Excelsior
1046273059100423200,Excelsior
1046463386974162400,Downtown/Civic Center
1046497772695318500,South of Market
1047310883070524800,Downtown/Civic Center
1049755629821837300,Outer Mission
1049810000114827300,Presidio
1049813518261395500,Mission
1050072406446776800,Mission
1050144080504774100,Outer Richmond
1050805970394768400,Downtown/Civic Center
1050839719628104400,Mission
1051525951381502e3,Inner Sunset
1055819131424804900,North Beach
1056583398211988700,Downtown/Civic Center
1056588238632763500,Downtown/Civic Center
1056673227887581400,Western Addition
1056679264606352400,Western Addition
1057532655635573e3,Mission
1058347131709242900,Marina
1058705305837813100,Inner Sunset
1059695099476344800,Outer Richmond
1060366111380012500,Inner Richmond
1061249512676287200,South of Market
1061619407996958600,Downtown/Civic Center
1061870497572651500,Financial District
1062250979717314800,Excelsior
1062316671535452e3,Marina
1062363649069551500,South of Market
1062682643249146200,Bernal Heights
1063207766815831200,Haight Ashbury
1.0632532174673841e+18,South of Market
1063940953813716600,Outer Richmond
1.0639618400749681e+18,Western Addition
1063964411292350100,Mission
1064534445250057100,Downtown/Civic Center
1064536310728603500,Castro/Upper Market
1064538127906574600,Downtown/Civic Center
1064745906939981800,South of Market
1064824032202357900,South of Market
1065120893198137900,Downtown/Civic Center
1065121818030187600,South of Market
1065122635304746100,South of Market
1065123269840614400,South of Market
1065123938675605800,South of Market
106512455039947e4,South of Market
1065154640494660600,Downtown/Civic Center
1065452350495509500,Downtown/Civic Center
1065883918237044200,Downtown/Civic Center
1065884651593853600,Downtown/Civic Center
1065911187465187700,Bernal Heights
1066297903257052300,Ocean View
1066470493734034700,Russian Hill
1066723706025138200,Pacific Heights
1067249933571211e3,South of Market
1067256860425158100,South of Market
1067257599511066600,South of Market
1067259996715732400,South of Market
1067472780343387100,Mission
1067571829148799e3,Chinatown
1068190787516916500,Nob Hill
1068203566391177600,Marina
1068392220618227300,Ocean View
1069049385250853e3,Parkside
1069260425289766400,Outer Richmond
1069866560062396400,Downtown/Civic Center
1070721646400195700,Inner Sunset
1070842487324108200,Western Addition
1071127185310159400,Downtown/Civic Center
1071130428243160400,Ocean View
1071394251368150500,Excelsior
1071405485849039900,Excelsior
1071424016439355100,Excelsior
1071427623712607e3,Excelsior
1071742391025456800,Downtown/Civic Center
1072338977675183400,South of Market
1072434375269976400,Noe Valley
1072544311288263600,Western Addition
1072634931849507700,Outer Richmond
1073253696491536400,Outer Sunset
1073369487549471900,Nob Hill
1073427621694139900,Western Addition
1074346893503771e3,Visitacion Valley
1074362061403591200,Visitacion Valley
1074629679456140200,Inner Richmond
1074904710315244500,West of Twin Peaks
1074979794899070500,West of Twin Peaks
1075005914873993500,Castro/Upper Market
1075225199157740700,Inner Richmond
1075434049147411700,North Beach
1075434084775495200,North Beach
1075455690093884400,Mission
1075527628694943e3,Western Addition
1075879315489192400,South of Market
1076106174897448300,Downtown/Civic Center
1076226942168021600,Outer Sunset
1076272775020323600,Parkside
1076280250235187200,Outer Sunset
1076282523247061800,Parkside
1076282585982214300,Parkside
1076680574457205800,South of Market
1076801185343116500,South of Market
1076824387002505e3,Downtown/Civic Center
1076824435567752200,Downtown/Civic Center
1077061893984011e3,Western Addition
1077097201325991600,Outer Richmond
1077103802416808800,Outer Richmond
1077268842858e6,Financial District
1077652680412720800,Inner Sunset
1077996147312552200,South of Market
1078312454860177700,Bernal Heights
107844094241226e4,Lakeshore
1078459021707523800,North Beach
1078469700206891800,Excelsior
1079720063600921900,Western Addition
1079901628939129600,Outer Sunset
1079927753844299800,Western Addition
1080417627227473900,Financial District
1080417739045373200,Financial District
1080417999456842200,Financial District
1080418005840968300,Financial District
1080418251828504400,Financial District
1080418452250181400,Financial District
1080434861637737100,Financial District
1080434868981404e3,Financial District
1080435123065824e3,Financial District
1080487443810446100,Downtown/Civic Center
1080505839948726800,Financial District
1080510265048636800,South of Market
1080511276637715700,South of Market
1080724560333063400,Parkside
1081565725111596200,Outer Sunset
1082674665828992800,South of Market
1082674665907417900,South of Market
1082924959723119600,Outer Richmond
1082952997921429800,Downtown/Civic Center
1084081305360516e3,Mission
1084230247961196500,Western Addition
1084306627664554e3,Excelsior
1084484728746178600,Western Addition
1084699943569684600,Downtown/Civic Center
1084730141156860800,Downtown/Civic Center
1084730677851683100,Downtown/Civic Center
1084993342630163700,South of Market
1085141960848827100,Outer Richmond
10851547521857e5,Outer Richmond
1085235596901827800,Western Addition
1085644626518119400,Haight Ashbury
1086384653609070800,Outer Mission
1086984880570926800,South of Market
1086985160162696800,South of Market
1087044757214941600,South of Market
1087183785424192800,Financial District
1087786944436668200,Lakeshore
1087883439975231e3,Chinatown
1088704082592513800,Pacific Heights
1090017705389498900,South of Market
1090027825528028900,Downtown/Civic Center
109013573037165e4,Chinatown
1090272151040455200,Bernal Heights
1090360244567209600,South of Market
1090814921878189600,South of Market
1091666913762381800,Haight Ashbury
1092102218756897e3,Pacific Heights
1092438528927587600,Presidio Heights
1092603802813375500,Russian Hill
1092716111726364800,South of Market
1092963913287332e3,Inner Richmond
1094319843085032400,Downtown/Civic Center
1094401007120818400,Marina
1094441993651559600,Bernal Heights
1094496710504632600,Financial District
1095132205788585700,Chinatown
1095250960474616300,Parkside
1095665065645387600,South of Market
109586818417472e4,Financial District
1096494698268168700,Downtown/Civic Center
1097094337212309500,Bernal Heights
1.0971401310018959e+18,Western Addition
1097302516472687200,Potrero Hill
1097333376050873500,Chinatown
1097972701874435800,Marina
1098041176192705200,Parkside
1098099839314871300,Nob Hill
1098105227725246100,Pacific Heights
1098637743837436200,Downtown/Civic Center
1099578306656028800,Western Addition
1100036337861679500,Haight Ashbury
1100036338126324e3,Haight Ashbury
1100130553693127600,North Beach
1100499948604524700,Inner Richmond
1100922386173139100,Downtown/Civic Center
1101122947517302e3,Haight Ashbury
1101495515525912200,Outer Richmond
1101585464609805600,Outer Sunset
1102159096730536200,Chinatown
1102213303929744600,Downtown/Civic Center
1102331205531253800,Mission
1102388466014002600,Financial District
1102891445409567400,South of Market
1102891463240865800,South of Market
1103827392818395400,Lakeshore
1104376089654245100,Nob Hill
1105123788805389300,North Beach
1105174619061055500,Outer Richmond
1105899295088668800,Financial District
1105908828823516300,Financial District
1105918193773109600,Financial District
1105979866884152400,North Beach
1105980075182176600,North Beach
1107384550871979500,Presidio Heights
1107389591801685200,Bernal Heights
1107441178250348900,Outer Sunset
1107519829271170400,Outer Sunset
1107532643558075600,Financial District
1107542903743221100,Financial District
1107662309640575200,Outer Richmond
1107796128282840800,South of Market
1108091761465812600,Downtown/Civic Center
1108091761531965600,Downtown/Civic Center
1109702605063968600,Chinatown
1110188395413595500,Mission
1110278082904116400,Haight Ashbury
1110353824958650900,Mission
1110849551263993600,Downtown/Civic Center
1110849551461815800,Downtown/Civic Center
1110849756171153700,Downtown/Civic Center
1110985533701736700,Outer Richmond
1110988376733969400,Marina
1111170598812433400,Haight Ashbury
1111918518315068200,Mission
1112675791440182300,Castro/Upper Market
1113054655057737100,Haight Ashbury
1113074209557007500,Chinatown
1113078380114093e3,Nob Hill
1113081474215600100,Chinatown
1113082865356233200,Chinatown
1113087871581096200,Chinatown
1113126618805564e3,Western Addition
1113813784114484500,Marina
1114681822423881200,Pacific Heights
1114803015673249200,Ocean View
1115294708818351900,Presidio
1115294708874141400,Presidio
1115294999347141100,Presidio
1115295005402778900,Presidio
1115295175355644400,Presidio
1115295178231388e3,Presidio
1115295350589977700,Presidio
1115295351591154600,Presidio
1115295543712388500,Presidio
1115308140131907800,Parkside
1115313827339293200,Inner Sunset
111557048111739e4,Outer Sunset
1115819746880522800,Financial District
1116267962756053900,Potrero Hill
1116773805926151400,Outer Sunset
1116812632361845800,Downtown/Civic Center
1116820035062243800,Financial District
1116820822598935300,Downtown/Civic Center
1117815183037731200,Outer Sunset
1119519275542668900,Nob Hill
1119829271309237200,Inner Richmond
1120297211167639300,Castro/Upper Market
1120373765815660300,Mission
1120966016205538800,Downtown/Civic Center
1121053426626307200,Inner Richmond
1121255414168186200,Parkside
1121359006172499300,Western Addition
1121731358294301400,Downtown/Civic Center
1121792663962484200,Western Addition
1121825200863451100,South of Market
1121825337931690200,South of Market
1122099274643374100,Outer Sunset
1122455281855134200,Marina
1122455354437585200,Marina
1122455427307142100,Marina
1122455469003308500,Marina
1122455531267962200,Marina
1122583601240894600,Chinatown
1123402670568038100,Downtown/Civic Center
1123404164127010400,Downtown/Civic Center
1123443384344671e3,Noe Valley
1123974988019861600,Russian Hill
1124869534504407700,Nob Hill
1124869534527301100,Nob Hill
1124869676164945800,Nob Hill
1124871792836247600,Outer Richmond
1126280190990325e3,Noe Valley
1126282758455541800,Financial District
1126282762827671300,Financial District
1126282914375347200,Financial District
1126594001927525900,Chinatown
1127004292751706400,Downtown/Civic Center
1127180307634019100,Castro/Upper Market
1127338448162085800,Chinatown
1127747020848806100,Financial District
1128096927840820200,Financial District
1128232550240997e3,Mission
1129984019874568300,Mission
1130369502804515600,Downtown/Civic Center
1130369504534544400,Downtown/Civic Center
1130369733670711200,Downtown/Civic Center
1130369734965797200,Downtown/Civic Center
1130372834188367100,Downtown/Civic Center
1130372841095951500,Downtown/Civic Center
1130372843370052e3,Downtown/Civic Center
1130372868374440700,Downtown/Civic Center
1130372875355788300,Downtown/Civic Center
1130372884990983700,Downtown/Civic Center
1130372885597064700,Downtown/Civic Center
1130373127286636800,Downtown/Civic Center
1130373128291950800,Downtown/Civic Center
1130373135495330700,Downtown/Civic Center
1130373136421903100,Downtown/Civic Center
1130373137833554400,Downtown/Civic Center
1130373137975268100,Downtown/Civic Center
1130373140579501300,Downtown/Civic Center
1130373142570680600,Downtown/Civic Center
1130376478094121500,Downtown/Civic Center
1130376501123617500,Downtown/Civic Center
1130380528449366e3,Downtown/Civic Center
1130380537980459300,Downtown/Civic Center
1130381507335846700,Downtown/Civic Center
1130381517453346800,Downtown/Civic Center
1130381934368458100,Downtown/Civic Center
1130381959403512600,Downtown/Civic Center
1130604097691664400,Outer Mission
1130724542234160600,Russian Hill
1130865946153742e3,Financial District
1131156806833505500,Russian Hill
1131393961109681300,Haight Ashbury
1131473027888978700,Noe Valley
1131578237651491800,Financial District
1131578471073673200,Financial District
1131578965856984400,Financial District
1131579116687634600,Financial District
1132393089725540400,Financial District
1132714411052392700,Treasure Island/YBI
1133090559451954200,Excelsior
1133399341737500700,Excelsior
1133404090161914800,Western Addition
1133553237995521200,Downtown/Civic Center
1133577709033350500,Outer Sunset
1133657677090684400,South of Market
1134805197946399e3,Outer Mission
1134824552094135e3,Outer Mission
1134874131552002800,Castro/Upper Market
1135082675285619100,Outer Richmond
1135124809472163600,Outer Sunset
1135151385010602100,Downtown/Civic Center
1135663779743435300,Downtown/Civic Center
1135869544340985300,South of Market
1136357730256596200,Glen Park
1136949224983859700,Outer Mission
1137009636657721900,Visitacion Valley
1137286492213515300,Mission
1137291958406915300,Nob Hill
1137343964701251800,Bernal Heights
1137360744120066600,South of Market
1137760989447910700,Downtown/Civic Center
1137860297284534300,Bayview
1138534242605848600,Downtown/Civic Center
1138654221311862800,Western Addition
1140507234098134400,Financial District
1140508302588209800,Chinatown
1140613571597099500,South of Market
1140729237191540400,Nob Hill
1140970263377110900,Outer Mission
1141057989425352800,Downtown/Civic Center
1141064235298976800,South of Market
1141068685583253800,Downtown/Civic Center
1141072818405991200,Downtown/Civic Center
1141284626297726600,Downtown/Civic Center
1141437052944897300,South of Market
1141733077012153e3,Downtown/Civic Center
1141739296180225500,Financial District
1141744273298188200,Financial District
1141753394203429800,Downtown/Civic Center
1141758244074308100,Nob Hill
1142060904526960900,Nob Hill
1142064320690317400,Outer Sunset
1142066368546563600,Downtown/Civic Center
1142078434062836200,Financial District
1142212758664077400,Russian Hill
1142343229698432800,Haight Ashbury
1142906948901975700,South of Market
1142958986325196800,Mission
1143417346062970100,Downtown/Civic Center
1143417900890034700,Downtown/Civic Center
1143418442687783e3,Downtown/Civic Center
1143418981002976100,Downtown/Civic Center
1143425281879659800,Russian Hill
1143694823578395600,Chinatown
1143852871915186600,Financial District
1143857400596372600,North Beach
1143858391937460200,North Beach
1.1438593903407601e+18,Downtown/Civic Center
1143915268431414300,Financial District
1143916280119840500,Financial District
1143917796646354700,Downtown/Civic Center
1143918419419414300,North Beach
1143919288844859e3,Western Addition
1143919883290005e3,Chinatown
1143920492851572200,North Beach
1143921311335549300,Marina
1143921730542855e3,Nob Hill
1143922907305673700,Downtown/Civic Center
1143923492109246100,North Beach
1143925003632139e3,South of Market
1143942431974818700,Western Addition
1143952502234626300,Downtown/Civic Center
1144536218756350100,Bayview
1144748798520861600,Downtown/Civic Center
1144749805875013900,South of Market
1144750473109494e3,North Beach
1144751132363998500,Downtown/Civic Center
1144752344299039500,Financial District
1144753179973491200,Nob Hill
1144753837706057e3,South of Market
1144756141928089e3,North Beach
1144756877566143900,North Beach
1144758948885281500,Financial District
1144765852257984e3,Downtown/Civic Center
1144767417938873500,Downtown/Civic Center
1144769575690519800,Downtown/Civic Center
1144772917330594e3,Financial District
1144775112989409200,Downtown/Civic Center
1144790561932730600,Financial District
1145763412212332800,Visitacion Valley
1145773541596244700,Visitacion Valley
1145774783742250900,Haight Ashbury
1145811909675782400,Western Addition
1145978648814560100,South of Market
1146242997969717800,North Beach
1147099280790110500,Downtown/Civic Center
1147315966460622600,Excelsior
1147385673223775700,Financial District
1147690165389504300,Noe Valley
1147838639030449300,Potrero Hill
1148124773667590400,Downtown/Civic Center
1148740113142093600,Marina
1149501387870550300,Visitacion Valley
1150035165322218e3,South of Market
1150831944905051600,Bayview
1150880693133984300,Nob Hill
1151019870735780900,Outer Sunset
1151193070207882100,Mission
1151198354126751700,Mission
1151711650677360100,Outer Sunset
1151804287972378800,North Beach
1151811976430635800,South of Market
1151883215641739500,North Beach
1152199467489431600,Outer Sunset
1152356012288504400,Ocean View
1.1528684873932879e+18,South of Market
1152923284505503e3,Western Addition
1152947859307773e3,Mission
1153092004307127600,Castro/Upper Market
1153912144146904800,Outer Mission
1154485217275822600,Russian Hill
1155435406171991600,Haight Ashbury
1156007065133200400,Potrero Hill
115644369495565e4,Marina
1156551380854031e3,Western Addition
1156562751806299e3,Outer Mission
1156580589731478500,Marina
1156878517600864800,Castro/Upper Market
1157339056133003300,Seacliff
1157605568875387100,Potrero Hill
1158061505389692700,Haight Ashbury
1158063164891809e3,Inner Sunset
1158314844668332800,Chinatown
1158728739280775700,Parkside
1158955717318845700,South of Market
1159143988678330600,Outer Sunset
1159487005688049700,Noe Valley
1159814884576985300,Outer Sunset
1159954878150524200,Outer Mission
1160099395793083400,South of Market
1160391589560260400,South of Market
1160704774802685200,South of Market
116090018408005e4,Western Addition
1161171031789468700,South of Market
1161177920803965400,Visitacion Valley
1161183464308894200,Visitacion Valley
1161187259638370300,Excelsior
1161241962365378800,Pacific Heights
1161267476226972400,Pacific Heights
1161679417361934800,Inner Richmond
1161766892232003600,Noe Valley
1162313708175315700,Financial District
1162313714782033e3,Financial District
1162313932306740500,Financial District
1162313932966951700,Financial District
1162314144982976500,Financial District
1162314251876203300,Financial District
1162363093598910200,Inner Richmond
1162372970731097900,West of Twin Peaks
1162496080594343700,South of Market
1162623661763140600,Potrero Hill
1163134633074176300,Bernal Heights
1164464871485564700,Haight Ashbury
1164664222859657e3,Chinatown
1164709623767260200,Downtown/Civic Center
1166262435640927e3,Bernal Heights
1166608081043227e3,Bernal Heights
1166792440980944600,North Beach
1166866075208389400,Pacific Heights
1168904590479556e3,Outer Sunset
1169094992242859800,Outer Mission
1169166206774490600,Ocean View
1169521127432364300,Outer Mission
1169713204555557600,Bernal Heights
1170648805281965800,Mission
1170803076896868e3,Nob Hill
1171036750094691600,Downtown/Civic Center
1172776819196109e3,Bernal Heights
1173229288261848600,Bayview
1173239660602089500,North Beach
1173429611304738600,Haight Ashbury
1173939039281748700,Twin Peaks
1174165078848829200,South of Market
1174932703986982e3,Outer Mission
1174964040248090400,Mission
1176305509859774500,Castro/Upper Market
1176978019838897400,Castro/Upper Market
1177053528730797800,South of Market
1177072629573050600,South of Market
1177135735451464e3,Financial District
1177533120186421500,Financial District
1177533898819720400,Financial District
1177534685691057e3,Financial District
1178272163113936400,Crocker Amazon
1178560936790509800,South of Market
1178643945012198100,Parkside
1178646861306801e3,South of Market
1179031341584026600,Haight Ashbury
1179221760303636700,Bayview
1179344013082264600,South of Market
1179865328041768400,Western Addition
1179911351149716e3,Castro/Upper Market
1180104307775583200,Castro/Upper Market
1180729727878655200,Chinatown
1180752985135659800,Western Addition
1181945625394404400,Haight Ashbury
1182555567665366500,Outer Sunset
1182646584388613e3,Excelsior
1182700513315888600,Ocean View
1182880060041511400,Excelsior
1183413664824915500,Marina
1183461061449984500,Pacific Heights
1184400137439497700,Financial District
1184854806768183e3,Outer Sunset
1185175285781555700,South of Market
1185175305405293600,South of Market
1185177098737144600,South of Market
1185177113264635400,Downtown/Civic Center
1185182791230260700,South of Market
1185718442739303400,Downtown/Civic Center
1186006764077333e3,Haight Ashbury
1186280024880800300,Haight Ashbury
1186287441913155e3,Bayview
1187797318854613e3,Nob Hill
1188012315961872400,Excelsior
1188371604518017800,Downtown/Civic Center
1188487165843983e3,Mission
1188517854218837800,Outer Sunset
1188609599334147300,Mission
1189257657335028200,Mission
1190397596142359300,Financial District
1190508321972482e3,Outer Richmond
1190508692587639300,Crocker Amazon
1190833965281476600,Haight Ashbury
1190918324449971200,Outer Mission
1191207655234639600,Downtown/Civic Center
1191329190521363e3,Castro/Upper Market
1191439683090852900,Marina
1191446630798425600,Marina
1191452018415529700,Marina
1191457510781720300,Marina
1191502030217314300,Western Addition
1191558866330776600,Downtown/Civic Center
1191642330438816e3,Haight Ashbury
1192278055688856800,Inner Richmond
1192287235338298400,Castro/Upper Market
1192885622225117700,South of Market
1192996248235723300,Marina
119353736900207e4,Nob Hill
1193571013619908600,Inner Richmond
1193608264251450600,Inner Richmond
1194306937363594200,Noe Valley
1194496031331891700,North Beach
1195692744299968300,Mission
1195759314521740300,Mission
1196513169412675600,Downtown/Civic Center
1196531982608023800,Downtown/Civic Center
1196748251325509e3,South of Market
1196796292833643500,Russian Hill
1197111784319202300,South of Market
1197125868835212300,South of Market
1197243004072316200,Pacific Heights
1197268552780807400,Outer Sunset
1197428710633545200,Outer Richmond
1197479623192649200,Outer Richmond
1197499424499000800,Outer Richmond
1197500154440958500,Outer Richmond
1198243449435192600,Western Addition
1199153299223142100,Downtown/Civic Center
1199233258842681600,Nob Hill
1199319815920526300,Russian Hill
1199398721148798200,Outer Sunset
1200238195898764300,Mission
1201356682918182100,Downtown/Civic Center
1201358744176993500,Downtown/Civic Center
1201734593626062e3,North Beach
1202074366191405600,Downtown/Civic Center
1202828815098264300,Chinatown
1202829016068467500,Financial District
1203607973159040300,Financial District
1203969236636271400,Excelsior
1204434929576038e3,Outer Sunset
1204553548022112500,Mission
1205066647272648200,Western Addition
1205070708724429800,Western Addition
1205074995087682800,Western Addition
1205865790530327e3,Crocker Amazon
1205914744904723e3,Crocker Amazon
1205943382917284900,Crocker Amazon
1206500580638582300,Crocker Amazon
1206601525586537500,Marina
1206601613187430100,Marina
1206714672312640300,Crocker Amazon
1206731097971198500,Crocker Amazon
1206854562199733500,Potrero Hill
1206949626065516e3,Noe Valley
1207298131092108300,Marina
1207366183466419700,Mission
1207404109634140700,Downtown/Civic Center
1207490452759874e3,Mission
1208004579331592e3,Outer Sunset
1208037517704232400,Inner Sunset
1208063831940339500,Nob Hill
1208247330027683800,Western Addition
1208636257455481300,Downtown/Civic Center
12086363595625e5,Downtown/Civic Center
1208636566328435200,Downtown/Civic Center
1208637246959985700,Downtown/Civic Center
1208637461253212200,Downtown/Civic Center
1208637714010732500,Downtown/Civic Center
1208637767962319e3,Downtown/Civic Center
1208638414182261500,Downtown/Civic Center
1209271584381458e3,Downtown/Civic Center
1209482521035110400,Bayview
1209513648323264300,Mission
1209569433988095200,Inner Sunset
1209591997179296800,Parkside
1210551360798279700,Nob Hill
1210825120869031200,South of Market
1211085627276129300,Potrero Hill
1211133616361164300,Downtown/Civic Center
1211245667174786800,Nob Hill
1211801949000454100,Noe Valley
1211844890672109600,Marina
1211952261967853800,Mission
1212354506958728700,Pacific Heights
1212379704815164400,North Beach
1212379834211641e3,North Beach
1212379956909288400,North Beach
1212380067527358200,North Beach
1212966418329890600,Western Addition
1213197063923896300,Outer Sunset
1213698320514164700,Downtown/Civic Center
1213719140803369200,Downtown/Civic Center
1213828093151939600,Castro/Upper Market
1214445913980610600,Castro/Upper Market
1214586036286900200,Mission
1214599479119019300,Mission
1214707272762846200,South of Market
1215146359674321400,Downtown/Civic Center
1215248838676057300,South of Market
1215250116537269200,Mission
1216083428705095200,Western Addition
1216254524509751300,South of Market
1216684805860646700,Downtown/Civic Center
121670859519428e4,North Beach
1216724987301240800,Noe Valley
1216806039621373e3,Outer Mission
1217566536741366300,Bernal Heights
1217759159682986e3,Noe Valley
1.2178501034161761e+18,Russian Hill
1218372224139153e3,Inner Richmond
1218374752811026400,Inner Richmond
1218382438055175200,Inner Richmond
1218382472429892900,Inner Richmond
1218384870994902500,Inner Richmond
1218385028204372200,Inner Richmond
1218780498082795800,Downtown/Civic Center
1221214284717566700,Mission
1221331883080033500,Castro/Upper Market
1221691369346239500,Downtown/Civic Center
1221699908812191700,Downtown/Civic Center
1222061712160785200,Glen Park
1222075967739270400,Financial District
1222461524277975600,South of Market
1222473199237898200,South of Market
1223347334739944400,Ocean View
1223359093117139500,South of Market
1223432740581454300,Inner Sunset
1223656912312513e3,Downtown/Civic Center
1223660304566871e3,Downtown/Civic Center
122366124264503e4,Downtown/Civic Center
1223662187008916e3,Downtown/Civic Center
1223663772396832300,Downtown/Civic Center
1223664738330024400,Downtown/Civic Center
1223877630587856600,Inner Richmond
1224672465093101800,Parkside
1224785410494571800,Western Addition
1226376809052320300,Castro/Upper Market
1226947819518718e3,Nob Hill
1227011766566711300,Outer Sunset
1227024423834312700,Outer Sunset
1227653145017879300,Outer Richmond
1227927819390633700,Outer Mission
1228602601338657e3,Castro/Upper Market
1228671248433557800,Ocean View
1228999898263741e3,Mission
1229299257223875300,Ocean View
1230154887514534100,Financial District
1230529278572782600,Mission
1231863009364574e3,Mission
1233336904492631800,Inner Richmond
1233392914134056e3,North Beach
1233393645958418e3,North Beach
1233449632058349800,West of Twin Peaks
1233545303994826800,South of Market
123357482270907e4,Marina
1233677152890241800,Haight Ashbury
1234075407236510200,Outer Sunset
1234098395717013e3,Marina
1234116680445648400,Western Addition
1234122322989213200,Western Addition
1234136833991871e3,Pacific Heights
1234140761488372200,Western Addition
1234149457171458600,Western Addition
1234196114894593800,South of Market
1234229845405103400,Parkside
1234514268919519200,Marina
1234527847774734800,Western Addition
1234558333201389e3,Marina
1237087276196865800,Western Addition
1237237058796051500,Glen Park
1237726165115370500,Western Addition
1237743269923623200,Haight Ashbury
1237819979663727e3,Chinatown
1238505072515743700,North Beach
1238549807445795800,Western Addition
1239255035976032e3,Pacific Heights
1240003303684073500,Bayview
1240619731271267800,Downtown/Civic Center
1240746598166399700,Inner Sunset
1240933518377247e3,North Beach
1241522238633829600,Outer Sunset
1241530322934718e3,Haight Ashbury
1242267173219675400,Financial District
1242444818980552400,Haight Ashbury
1242761020799519e3,Downtown/Civic Center
1242761020905356e3,Downtown/Civic Center
1242761110817791e3,Marina
1242761110934754300,Marina
1242761200783163e3,Downtown/Civic Center
1242761201170680800,Downtown/Civic Center
1242761247050864600,Downtown/Civic Center
1242761305153379600,Marina
1242761308620809200,Marina
1242761356223224800,Downtown/Civic Center
124276136422961e4,Downtown/Civic Center
1242761487535657200,Marina
1242761490219177500,Marina
1242761504195167200,Downtown/Civic Center
1242761574228885500,Downtown/Civic Center
1242761615207811600,Downtown/Civic Center
1242761660914382e3,Marina
1242761661863267300,Marina
1242761741165682200,Downtown/Civic Center
1242761789431831300,Downtown/Civic Center
1242761865146585300,Downtown/Civic Center
1242761865230061600,Downtown/Civic Center
1242762074891081200,Downtown/Civic Center
1242791639706473e3,North Beach
1242876254665723600,Marina
124299648512884e4,Haight Ashbury
1243631817443637800,Nob Hill
1243631817588921900,Nob Hill
1243631962623747e3,Nob Hill
1243631964701809e3,Nob Hill
1243632117252043800,Nob Hill
1243632123929467400,Nob Hill
1244789805978897e3,Downtown/Civic Center
1244998803145139700,Glen Park
1245052268015241e3,Ocean View
1245491239302025700,Downtown/Civic Center
1245684478259356e3,Western Addition
1245712197690904300,Nob Hill
1245926544672824e3,Downtown/Civic Center
1246784652505177900,Russian Hill
1247310405363409e3,Downtown/Civic Center
1247371621391851800,Haight Ashbury
1247376986586204400,Inner Sunset
1247740682393606100,South of Market
1247877938515033300,Russian Hill
1247990893360500500,Pacific Heights
1248565115087899400,South of Market
1248873724158658800,North Beach
1249469660692339500,Pacific Heights
1249546685248852500,Bernal Heights
1250033247368884500,Nob Hill
1250034450575029800,Pacific Heights
1251636014491477e3,Mission
1252272744744685e3,Bernal Heights
1252304741650953700,Chinatown
1252359748129915400,Glen Park
1252533931097919500,Financial District
1253001380051172e3,South of Market
1253139748329445600,Mission
1253201074858559e3,Marina
1253312401848018400,Inner Richmond
1253592875350571300,Downtown/Civic Center
1253655700431755800,Nob Hill
1253734873475270700,South of Market
1254465370022884900,Inner Richmond
1254640896274585900,Excelsior
1254645409634590700,Excelsior
1254652310065298400,Excelsior
1254654033766139400,Excelsior
1254655775174637800,Excelsior
1254783568728423400,South of Market
1255184847666449700,Bayview
1255326869555449300,Outer Mission
1255332210299320800,Bayview
1255433451137688e3,Inner Richmond
1255672191297509600,Mission
1256156183185959400,Parkside
1256710601590914800,Inner Richmond
1256761607803048200,Outer Mission
1257352786878589400,Inner Sunset
1257382520809901600,Excelsior
1257651044309576e3,Inner Sunset
1258053876463356e3,Castro/Upper Market
1258059282536718800,South of Market
1258203078407435300,Western Addition
1258203078668931600,Western Addition
1258203222655853e3,Western Addition
1258203245327208400,Western Addition
1258203358195378700,Western Addition
1258203556469512400,Western Addition
1258203692409092600,Western Addition
1258332927623703800,Outer Sunset
1258930508543121200,Chinatown
1259501326776213e3,Outer Sunset
1259514380601736e3,Marina
1259524610590433800,Outer Sunset
1259541753130155300,Outer Sunset
1259596745202404400,Downtown/Civic Center
1259596745338764500,Downtown/Civic Center
1259596817087073500,Downtown/Civic Center
1259596910454986800,Downtown/Civic Center
1260189129196713200,South of Market
1261025891652882700,Outer Richmond
1261971218358940400,Financial District
1262358086088819e3,Excelsior
1263650637921066500,Ocean View
1263848033113576400,Outer Mission
1263900397944358e3,Inner Richmond
1265302382327584500,Outer Mission
1265368450983546400,Inner Sunset
1266000944981048300,Mission
1266075723192577500,Bernal Heights
1266179409927259600,Downtown/Civic Center
1266711653410997800,Noe Valley
1266716479541202200,Downtown/Civic Center
1266872334604453400,Russian Hill
1266953521366375200,Financial District
1267489709047038500,Parkside
1267523366994444e3,Mission
1267695659050607400,Western Addition
1268227305902470100,Downtown/Civic Center
1269148209689668e3,Western Addition
1269188451841551400,Outer Sunset
1270823233277750300,Western Addition
1272507675300669e3,Pacific Heights
1272523013136971800,Seacliff
1.2725620914228961e+18,Chinatown
1272704902269963800,Haight Ashbury
1272704998515912200,Haight Ashbury
1272705043187481e3,Haight Ashbury
1272705104627596300,Haight Ashbury
1272705166974001200,Haight Ashbury
1272748099945427e3,Haight Ashbury
1272772152654910200,West of Twin Peaks
1272780774713296400,Downtown/Civic Center
1273215087984114200,Outer Mission
1273548061071078100,North Beach
1274096570485156400,Downtown/Civic Center
1274164441074922800,South of Market
1274306966419092700,Mission
1274995509601167600,Outer Richmond
1275036328005291800,Downtown/Civic Center
1275581906135836700,Russian Hill
1275621399060591400,Downtown/Civic Center
1275621399213547500,Downtown/Civic Center
1275621531129740500,North Beach
1275621657441159e3,Downtown/Civic Center
1275621660546973700,Downtown/Civic Center
1275621849915765200,Downtown/Civic Center
1275621850356684300,Downtown/Civic Center
1275621876171885300,Downtown/Civic Center
1275622030673446e3,Downtown/Civic Center
1275622061719596500,Downtown/Civic Center
1276100159335477500,Outer Richmond
1276131797020407800,Castro/Upper Market
1276215550036106800,Nob Hill
1276245085466985200,Outer Richmond
1276455952185618200,Outer Mission
1276919955723243800,Excelsior
1277079114373798e3,South of Market
1278238540488694300,Downtown/Civic Center
1278528998323993600,Pacific Heights
1279058024868438300,Nob Hill
12796482494805e5,Noe Valley
1279794630002103800,South of Market
1280245623311549400,Western Addition
1280456449670856e3,Outer Mission
1280572085467946500,South of Market
1280751195943116300,South of Market
1280825170327493600,Nob Hill
1281439995434391800,Noe Valley
1282187101675044e3,Castro/Upper Market
1282187652395611e3,Noe Valley
1282192965931189500,Noe Valley
1282342592804712400,South of Market
1282761221921191700,Financial District
1282813795634245600,Marina
1282969228434950400,Financial District
1282969725085693700,Financial District
1282970014351952400,Financial District
1282970307917199e3,Financial District
1282975427399958e3,Financial District
1282975736486616600,Financial District
1282976057800330200,Financial District
1282976378932675800,Financial District
1282976697990573e3,Financial District
1282977013945210600,Financial District
1282977332719872500,Financial District
1282977655672053200,Financial District
1282983270445277700,Financial District
1282983604012694e3,Financial District
1282983941533928e3,Financial District
1282984274598187e3,Financial District
1282984618715059e3,Financial District
1282984969255489300,Financial District
1282985336268945400,Financial District
1282985683423801300,Financial District
1282986037396587300,Financial District
1282986385225055700,Financial District
1282986741426763500,Financial District
1282987096985163500,Financial District
1282992761750932700,Financial District
1282993075044018e3,North Beach
1282993400493227800,Financial District
1282993727173387e3,Financial District
1282994056754558500,Financial District
1282994375014151400,Financial District
1282994748538113800,Financial District
1282995063577266400,Financial District
1282995374763281e3,Financial District
1282995664873644500,Financial District
1282995954217320400,Financial District
1282996243856375e3,Financial District
1283436568289572900,Haight Ashbury
1.2834516824446241e+18,North Beach
1283713465734338600,North Beach
1283715338085102e3,North Beach
1283715769811318800,North Beach
1283716182024542e3,North Beach
1283716603055070500,North Beach
1283717029101286e3,North Beach
1283717455209210600,North Beach
1283717869615978500,North Beach
1283739351749365200,North Beach
1283739754846986e3,North Beach
1284328227668811500,Inner Richmond
1284542392539697400,South of Market
1284761632186059800,Downtown/Civic Center
1285111651521927200,Inner Richmond
1285210735600699e3,Mission
1285868196265074200,Marina
1286092437845953800,Western Addition
1286240621063220700,Pacific Heights
1286561915548225500,Ocean View
1287907353467427600,Marina
1287951052468274e3,Pacific Heights
1288822204043155700,South of Market
1289935499480405800,South of Market
1290081531967360800,Nob Hill
129011569704817e4,Mission
1290196984687611100,South of Market
1290756899090542e3,South of Market
1291492362648458800,Parkside
1291525471688932400,Downtown/Civic Center
1291938716021158e3,Western Addition
1292109580475922200,Financial District
1292759642519821800,Western Addition
1293103377538821400,Mission
1293178708226898700,Western Addition
1293597212625753600,Bernal Heights
1294253098015589400,Ocean View
1294466040635394300,Inner Richmond
1294604917901122300,Marina
1294919895569624600,Castro/Upper Market
1.2950294342762081e+18,Downtown/Civic Center
1295653277056940800,North Beach
1295653283406874600,North Beach
1295653288062247200,North Beach
1295866784560918800,South of Market
1296451964998207e3,South of Market
1296810800492719600,Inner Richmond
1297065886040758800,North Beach
1297278311009270300,Mission
1298103310080470800,Bernal Heights
1298513176981151700,South of Market
1298747740129383200,Mission
1298837089229501700,Crocker Amazon
129900461932631e4,Excelsior
1299319527070481e3,Haight Ashbury
1300735912600058600,South of Market
1300803854438365e3,South of Market
1300991955659029200,Haight Ashbury
1301073677084046300,Downtown/Civic Center
1301105898935799800,Excelsior
1301234948874689500,Excelsior
1302476700948020500,Bernal Heights
1302788450609404e3,South of Market
1302824417357723400,Western Addition
1303341594023070500,Nob Hill
1303453369843544600,Mission
1303685505068081700,Downtown/Civic Center
1303961541918091800,Haight Ashbury
1304524699237163800,Inner Richmond
1305111368863437300,Downtown/Civic Center
1305115465062578700,Downtown/Civic Center
1305117835745382700,Downtown/Civic Center
1305119314752676400,Downtown/Civic Center
1305120874969374500,Downtown/Civic Center
1305148259945059300,Downtown/Civic Center
1305149757643261700,Downtown/Civic Center
1305151124636512e3,Downtown/Civic Center
1305152506186697e3,Downtown/Civic Center
1305153738551036400,Downtown/Civic Center
1305169029217596400,Downtown/Civic Center
1305226214236013600,Ocean View
1305307537251272700,Downtown/Civic Center
1305593878261577e3,Nob Hill
1305809020268008400,Downtown/Civic Center
1305863263384036600,Downtown/Civic Center
1305869643027038500,Financial District
1305907567922651e3,Chinatown
1306210629055723e3,Crocker Amazon
1307431766461787400,South of Market
1307446690805233200,South of Market
1308180336946711600,Chinatown
1308753158573092900,Crocker Amazon
130906496611891e4,Bayview
1309177104836941e3,Castro/Upper Market
1309483666690751500,Noe Valley
1309493201482701e3,North Beach
1309594218887750700,Western Addition
1309796576924806700,South of Market
1310508752437118500,Outer Richmond
1310728998793870600,Marina
1310830934558788600,South of Market
1310920995125416200,Downtown/Civic Center
1310923623989839600,Downtown/Civic Center
1310925386609083100,Downtown/Civic Center
1311081873512790500,South of Market
1311621447238501600,North Beach
1311838279488251400,Ocean View
1313090398530812200,Outer Richmond
1313101776279851800,Downtown/Civic Center
1313105024540460800,Downtown/Civic Center
1313106796517819600,Downtown/Civic Center
1313108325692073200,Downtown/Civic Center
1313118728935105800,Downtown/Civic Center
1313121653025174300,Downtown/Civic Center
1313123167034583e3,Western Addition
1313124593784617500,Downtown/Civic Center
1313126177599937500,Downtown/Civic Center
1313128609866122500,Downtown/Civic Center
1314034640566522400,Nob Hill
1314629290924696e3,Excelsior
1314771540958634800,Noe Valley
1315065797504422e3,Chinatown
1315066159817634800,Chinatown
1315209871379804e3,Chinatown
1315216770800243500,Chinatown
1315332570856652500,Inner Sunset
1315434388689097500,Western Addition
1315536797171336200,North Beach
1315959778241004500,Haight Ashbury
1316115324380662800,Western Addition
1318219717490371e3,Marina
1318447773458856200,South of Market
1318543556569247700,Outer Sunset
1318921915665757200,Downtown/Civic Center
1319065633802716700,Bayview
1319218832090388200,Potrero Hill
1320393701519924500,Inner Richmond
1320429844617987600,Inner Richmond
1320444569602274800,Inner Richmond
1320455467400004900,Noe Valley
1322254947140627e3,Ocean View
1322535508432736500,South of Market
132467794344705e4,Ocean View
1324846749258967300,South of Market
1325490933432637e3,Outer Sunset
1325674836873145600,Outer Sunset
1326025119129619700,Mission
1326137475451095300,Financial District
1326342308525322500,Outer Sunset
1326610093709483e3,South of Market
1326786401208130300,South of Market
1326842277341898e3,Nob Hill
1327650034059823600,Mission
1327650492112331300,Noe Valley
1327851533785182700,Inner Richmond
1328408588086714600,South of Market
1328631898244105700,South of Market
1329528655287603700,South of Market
1329529598004969500,South of Market
1330496208561151200,North Beach
1330591511675401700,Ocean View
1330730030795958300,Excelsior
1331187854632821800,Russian Hill
1331251049700103200,North Beach
1331280272924642600,Visitacion Valley
1331998404970387e3,Noe Valley
1332107432067730400,Western Addition
1332171014219991800,Noe Valley
1332676577173062e3,Potrero Hill
1332746439814682400,Western Addition
1333727687091362600,Financial District
1333997610128184e3,South of Market
1333998571400342e3,South of Market
1334056686573876200,South of Market
1334145222499554300,Western Addition
1334196351753655800,Pacific Heights
1334198601292573e3,West of Twin Peaks
1334960032167299e3,Haight Ashbury
1335078647393007400,Haight Ashbury
1336402446903062800,Outer Mission
1336476236782552600,Nob Hill
1336492842547868400,South of Market
1337153211523812600,South of Market
1337230368330414300,Potrero Hill
1337454364444399400,Downtown/Civic Center
1338029761390382600,Excelsior
1338032935877914e3,Chinatown
1338121505708036600,Financial District
1338735006067527400,Outer Richmond
1338744734909653e3,North Beach
133913554325894e4,South of Market
1339230116719508700,Glen Park
1339244507687164700,Russian Hill
1339450201663476700,South of Market
1340695221439744800,South of Market
1340816761690533400,Inner Richmond
1340962519511272700,Western Addition
1341275595146387500,South of Market
1341276107853166600,South of Market
1341368618495297e3,South of Market
1341441985703047e3,Marina
1341613438810286300,Western Addition
1341622720325473800,Russian Hill
1341638538751656700,Western Addition
1343112785372087300,Russian Hill
1343510987213513700,Chinatown
1343549997789798e3,Nob Hill
1343564056464416300,Downtown/Civic Center
1343586369008507100,South of Market
1343597141487252200,South of Market
1343756668360498e3,Pacific Heights
1343781390232300300,South of Market
1343879549705341e3,Inner Sunset
1344276415518457e3,Excelsior
1344428800341227300,Excelsior
1344542190142336300,South of Market
1344576601886767600,North Beach
1344620656608049700,Crocker Amazon
1344972327710784300,Excelsior
1345006836707869200,Downtown/Civic Center
1345006836828513e3,Downtown/Civic Center
1345006876980019700,Downtown/Civic Center
1345007013466362e3,Downtown/Civic Center
1345017013585048800,Excelsior
1345185271610332400,South of Market
1345280962176465700,Outer Mission
1345301330530436e3,North Beach
1345328284731803600,Glen Park
1345537519011144700,South of Market
1345774991090819e3,Western Addition
1345806928871655400,Haight Ashbury
1346038538454443e3,Outer Sunset
1346353621569353700,Haight Ashbury
1346443366915834400,North Beach
134644748487961e4,South of Market
1346571654994897200,Bayview
1347753296056542e3,Financial District
1348007778195188700,Downtown/Civic Center
1348123788865238500,Mission
134851738446711e4,South of Market
1348596009084608e3,Downtown/Civic Center
1349528322726514700,North Beach
1350080857288892e3,Excelsior
135009198878208e4,Outer Richmond
1350434586216614100,Haight Ashbury
1350739176604530400,South of Market
1350780315324888300,North Beach
1350780632380215300,North Beach
1350879932702617900,South of Market
1350953788877626600,Downtown/Civic Center
1350953840736149800,Downtown/Civic Center
1350954031378297900,Downtown/Civic Center
1350969664905237500,Downtown/Civic Center
1350970429256203300,Downtown/Civic Center
1350970528629871600,Downtown/Civic Center
1350970635414533600,Downtown/Civic Center
1351401468351202300,Nob Hill
1351441987440461800,South of Market
1351442314435612e3,South of Market
1351531973498425300,Nob Hill
1351620117894947300,Mission
1352467887842893600,Castro/Upper Market
1352974139174739700,Noe Valley
1353015876946142700,Downtown/Civic Center
1353747802470307800,Downtown/Civic Center
1353886845180944600,Western Addition
1354147849334958600,South of Market
1354317045656367e3,Outer Sunset
1354419716407929900,Mission
1354424781386491600,Chinatown
1354488919869297200,Mission
1354640244692106e3,Financial District
1354643051301940700,Mission
1354679382500073e3,Inner Sunset
1354828421568054300,Outer Richmond
1355387919412424200,Chinatown
1355450224842795800,South of Market
1356187598784717e3,Outer Sunset
1356667256190708700,Mission
1.3572224967684001e+18,Mission
1357624263458762800,South of Market
13581740634438e5,Bayview
1358328444818197e3,Downtown/Civic Center
1358367388662464e3,Potrero Hill
1358746428682017500,Potrero Hill
1358852566470231300,Nob Hill
1358961763733919700,West of Twin Peaks
1358975002159657500,Excelsior
1358988202239462100,Nob Hill
1358992145111844900,Nob Hill
1359463349635689500,South of Market
1359473348638218500,Nob Hill
1359489535656972300,Nob Hill
1359632357143606800,Noe Valley
1360254377030299400,Outer Sunset
1360860109883224e3,South of Market
1360986007171641300,Downtown/Civic Center
1361289762363194600,Potrero Hill
1361299672613941e3,Potrero Hill
1361307765949623600,Potrero Hill
1361546646120548400,South of Market
136180412242451e4,Outer Mission
1362066884795419100,Nob Hill
1362643581214178300,Western Addition
1363135445623336200,Marina
1363155048208821200,Marina
1363194627320952e3,Marina
1363273105477e6,Excelsior
1363917884307576800,North Beach
1363918205189525500,North Beach
1363918474249764900,North Beach
1363918750784179700,North Beach
1363923227109615e3,North Beach
1363923392546065200,North Beach
1363923543872113200,North Beach
1363923700009892400,North Beach
1364687357762797800,North Beach
1364877436101897200,Outer Richmond
1364939470864785e3,Downtown/Civic Center
1365311680550199300,South of Market
1366335216687625500,Outer Richmond
1366649687996340500,South of Market
1366964925348899300,Bayview
1367124021224002800,Lakeshore
1367125745334768400,Lakeshore
1367774075356651300,Downtown/Civic Center
1368400822928999e3,Nob Hill
1368524188638812e3,Russian Hill
1369297924623927e3,Noe Valley
1369668596295431400,Outer Sunset
1369700549253796600,Bayview
1370204376093273600,Mission
1370734973893074200,Outer Mission
1370811302198286e3,South of Market
1371118336223580700,Western Addition
1.3719333464074399e+18,South of Market
1371947068420379e3,Ocean View
1371987586858234400,Downtown/Civic Center
1372028695354562300,Castro/Upper Market
1372242222173571800,Mission
1372580380426961700,Western Addition
137273754470218e4,Lakeshore
1372776831650350300,Marina
1373300527942510600,Western Addition
1373388175178338600,Mission
1373473253077770200,South of Market
1373594767402274e3,South of Market
1373598459457766700,South of Market
1373601606994221800,South of Market
1373603196893986300,South of Market
1373607218991733200,South of Market
1373612678830472400,South of Market
1373618806629662200,South of Market
1.3736213361286241e+18,South of Market
1373936842787426e3,Castro/Upper Market
1374194933915517700,Bayview
1374272257187784e3,Bayview
1374655923149681200,North Beach
137466116177315e4,North Beach
1374664890340255200,North Beach
1374664891534682400,North Beach
1374792498661254700,Western Addition
1374824169465719e3,South of Market
1374900857326528800,Pacific Heights
1375120602792468e3,Downtown/Civic Center
1375387309805868500,South of Market
1375403283386775600,North Beach
137545108316294e4,Nob Hill
1375641066776673800,Noe Valley
1376056617519774200,Downtown/Civic Center
1376117689524799500,South of Market
137615853160429e4,Western Addition
1376169915914092800,Western Addition
1376783036450276400,Marina
1376783184239358e3,Marina
1377813931093970400,Noe Valley
1379198565963645200,Marina
1379243130659698200,Western Addition
1379384687600384800,Downtown/Civic Center
1379993892208956400,Inner Sunset
1380226790275722800,Downtown/Civic Center
1380338454936842800,South of Market
1380357250006291500,South of Market
1380531582465708e3,Western Addition
1381374052117155600,Lakeshore
1.3821481311952159e+18,North Beach
1382148131408434200,North Beach
1382148364164870400,North Beach
1382148643128201700,North Beach
1382148688250339600,North Beach
1382148859481255e3,North Beach
1382148895592499200,North Beach
1382149061327626800,North Beach
1382149100151120600,North Beach
1382522853477663500,Marina
1382680960870906600,Outer Mission
1383181744916792e3,Nob Hill
1383440968963046700,North Beach
1383506379003124200,Outer Richmond
1383561245101865500,Bernal Heights
1383564583463074e3,Excelsior
1383720377582196700,Marina
1383812861963336e3,Downtown/Civic Center
1384182934114756e3,Potrero Hill
1384257746442616e3,South of Market
1384423089668989e3,Mission
1384548391688993500,Bayview
1384894530534589200,Downtown/Civic Center
1384909571865398800,Nob Hill
1384971593203539500,Haight Ashbury
1.3855219549205919e+18,Outer Sunset
1385690494469225200,Visitacion Valley
1385693018146878500,Western Addition
1385716572221258800,Western Addition
1385728741434707500,Pacific Heights
1385949593815008800,Downtown/Civic Center
1386225868221123600,Chinatown
1386262097741655e3,Inner Sunset
1386278990727389700,Financial District
1386351886491797200,Haight Ashbury
1386496612945242600,Bayview
1386999114401306400,Western Addition
138702333348228e4,Downtown/Civic Center
1.3874214120202081e+18,Bernal Heights
1387764046391678e3,South of Market
1387910085478281e3,Outer Mission
1387925267848276200,Chinatown
1388048780605142800,Nob Hill
1388816793368287200,Outer Richmond
1389164438323885800,Outer Richmond
1389171102222488e3,Financial District
1389237281463894e3,Downtown/Civic Center
1389392369819251e3,Russian Hill
1389658156591607800,Downtown/Civic Center
1389860666799718700,Downtown/Civic Center
1389860666852070700,Downtown/Civic Center
1389860848554417200,Downtown/Civic Center
1389860849190515700,Downtown/Civic Center
1389861026091429400,Downtown/Civic Center
1389861038725795600,Downtown/Civic Center
1389926975503040500,Castro/Upper Market
1390006865583657200,Mission
1390022326916209700,Mission
1390028895913928200,Mission
1390287901700257300,Downtown/Civic Center
1390306829030146e3,Financial District
1390706923562179e3,Marina
1390732541579657500,South of Market
1390813440821061400,South of Market
1390813609732870100,South of Market
1390813654796815400,Downtown/Civic Center
1390878378866212e3,Outer Mission
1391134512575226600,South of Market
1391140481377446700,South of Market
1391311155640994800,Visitacion Valley
1392150004402693600,Excelsior
1392444726361193700,Outer Sunset
1392849723164388400,Downtown/Civic Center
1392864259282703600,South of Market
1392961260455811600,Financial District
1393629618957510100,Castro/Upper Market
1394260732874219300,Chinatown
1394260792296851200,Nob Hill
1394538057884244500,Inner Sunset
1394683566310156e3,Financial District
1394683581187105300,Financial District
1394684212393532200,Financial District
1394685663537886200,Financial District
1394685663810455e3,Financial District
1394685667639546600,Financial District
1394685668805301500,Financial District
1394900528323030800,North Beach
1394963473593055200,Downtown/Civic Center
1395122141889063400,Inner Richmond
1395122463825758700,North Beach
1395136333980200400,Downtown/Civic Center
1395853837321038300,Pacific Heights
1395862432676278e3,Western Addition
1396414782315263700,Downtown/Civic Center
1396424336475738400,Western Addition
1396465976575065e3,Western Addition
1397152998746032400,Castro/Upper Market
1397287424796620500,Mission
1397925901963576e3,Mission
1398030722261746700,Nob Hill
1398115326541693400,Inner Sunset
1398823149594915600,Outer Sunset
1398840633798637600,North Beach
1398840665674191e3,North Beach
1398843583277637e3,North Beach
1398843621473657300,North Beach
1398960528663154700,Downtown/Civic Center
1399016202694106600,Parkside
1399467748066467e3,Mission
1399548337489677300,Downtown/Civic Center
1399880161350611e3,Downtown/Civic Center
1399967467597238e3,Castro/Upper Market
1400228420686635800,Western Addition
1400297540320027600,South of Market
1400297540425576700,South of Market
1400528586851526700,Downtown/Civic Center
1400528748249257500,Downtown/Civic Center
1400528748331571e3,Downtown/Civic Center
1400528749800696e3,Downtown/Civic Center
1400528752436817200,Downtown/Civic Center
1400529553211517200,Downtown/Civic Center
1400529553407903700,Downtown/Civic Center
1400529553430045e3,Downtown/Civic Center
1400529553613128400,Downtown/Civic Center
1400529555152742100,Downtown/Civic Center
1400529555308290300,Downtown/Civic Center
1400626570370707700,Glen Park
1401258832150589200,Financial District
1401258834016409300,Financial District
1401258834856701200,Financial District
1401258835303318500,Financial District
1401258843030266e3,Financial District
1401258843516849700,Financial District
1401468799393115100,Mission
1401590291489905700,North Beach
1401590352732686e3,North Beach
1401676505518355500,South of Market
1401676506154594600,South of Market
1401676506869393200,South of Market
1401676509314173e3,South of Market
1401676509615997200,South of Market
1401676510001770500,South of Market
1401676510710888200,South of Market
1401676511103019500,South of Market
1401676519680769300,South of Market
1401676519995826200,South of Market
1401676525089143e3,South of Market
1401698398387206400,South of Market
1401698400564484900,South of Market
1401698405135018500,South of Market
1401698405653809400,South of Market
1401698409226577700,South of Market
1401698414515388400,South of Market
1401698415858666200,South of Market
1401698416200204e3,South of Market
1402337614863868200,Outer Mission
1402611520111660500,Parkside
1402915968439949e3,South of Market
1402997839718004500,Downtown/Civic Center
1403006429764225e3,Downtown/Civic Center
1403006524039674600,Downtown/Civic Center
1403006549492742400,Downtown/Civic Center
1403025580978179300,Bayview
1404590071926622700,Presidio Heights
1405130297680329200,Outer Richmond
1405169968748308e3,South of Market
1405276306049854e3,North Beach
1405862838883537e3,South of Market
1406154616111103700,Inner Richmond
1406752819870349800,Glen Park
1406774394701329400,Inner Richmond
1.4073713936902559e+18,South of Market
1408073747955614200,Noe Valley
1408424976810441200,Outer Mission
1409020323466544400,Downtown/Civic Center
1409387382493078300,Haight Ashbury
1409491286221226800,South of Market
1409523867986764500,Castro/Upper Market
1409575341503594200,North Beach
1409622334641577200,Outer Sunset
1409645921869352700,Financial District
1409898344650408400,Haight Ashbury
1410037873830023700,Haight Ashbury
1410210639947037200,North Beach
1410210959589265400,North Beach
1410211278241144300,North Beach
1410211599507153400,North Beach
141021191728148e4,North Beach
1410212224010889200,North Beach
1410212567156710700,North Beach
1410212879016098600,North Beach
1410213209275217e3,North Beach
1410213539542790400,North Beach
1410213889119022600,North Beach
1410214241919697700,North Beach
1410214593175505700,North Beach
1410214994054853e3,North Beach
1410216145887389700,North Beach
1410216969429748700,North Beach
1410217310064013e3,North Beach
1410217351893270500,North Beach
1410217669450017e3,North Beach
1410611404812271e3,Nob Hill
1411086684039418e3,Inner Richmond
1411662512994392300,Outer Richmond
1411667962437867e3,Castro/Upper Market
1411962179638063e3,Outer Mission
1411979980271556400,Castro/Upper Market
1412438755438835500,Castro/Upper Market
1412470592526126e3,Inner Richmond
1412525448669004300,Inner Richmond
1412554958454180600,Downtown/Civic Center
1412996080890016800,Castro/Upper Market
1413091817508165e3,Outer Richmond
1413114376412239600,North Beach
1413217387888891100,Inner Sunset
1413231636435324400,Russian Hill
141340180912562e4,Castro/Upper Market
1414060987551260700,Castro/Upper Market
1414159145074700300,Castro/Upper Market
1414752772421418200,Castro/Upper Market
1415310540631400700,Marina
1415340595712585700,Inner Richmond
1415348247957509600,Nob Hill
1415350383336227600,Inner Richmond
1415351018665579800,Downtown/Civic Center
1415356980499124200,South of Market
1415384601282028500,Castro/Upper Market
1415902497888436500,Castro/Upper Market
1415981385449876200,Marina
1416100687791462400,Western Addition
1416208886986493200,Downtown/Civic Center
1416611422210477300,Potrero Hill
1416661501978562800,Ocean View
1416700479491888600,Castro/Upper Market
1416738270353411300,Outer Richmond
1416815048928904200,Inner Richmond
1416905461700593e3,Outer Mission
1416953713053901e3,Western Addition
1.4173720425947679e+18,North Beach
1417633711995126800,South of Market
1417660666908180700,Downtown/Civic Center
1418176939809277e3,Outer Sunset
1419125184909660400,Downtown/Civic Center
1419256010620662e3,Visitacion Valley
1419434976800529e3,Castro/Upper Market
1419630278318164200,Outer Sunset
1419637242764246800,Marina
1419677964523125500,Downtown/Civic Center
1419913074102411500,South of Market
1419983355400276700,Inner Sunset
1420241769221160400,Downtown/Civic Center
1420242490613947e3,Downtown/Civic Center
1420527030343842600,Mission
1421112290662614800,Mission
1421153949734251300,Chinatown
1421185851894304500,North Beach
1421296146219476700,Russian Hill
1421909511775715e3,South of Market
1421937828560132e3,Ocean View
1421996979644678700,Inner Richmond
1422171451138201900,South of Market
1422626054846685200,Noe Valley
1422688635574549200,Downtown/Civic Center
1423273122949994e3,Financial District
1423280346499117800,Nob Hill
1424675369615015400,Outer Richmond
1.4252646374502561e+18,Outer Sunset
1425557952326543e3,South of Market
1426909667370091500,South of Market
1426962677568861400,South of Market
1427057282418287600,South of Market
1427228934801166800,Parkside
1427627193530118100,Bayview
1427964500224529700,Western Addition
1428263244626399200,Outer Sunset
1429057007687617500,Ocean View
1429318966657314300,Outer Richmond
1429876471011170300,Outer Mission
1430029236685441800,Ocean View
1430149959283768600,Visitacion Valley
1430444768790502400,Haight Ashbury
1431295875595809800,Mission
1431313987987770400,Inner Sunset
1431332352590844200,Mission
1432876244642902800,South of Market
1434295916348621800,Mission
1434477034494916400,Outer Mission
1434997199455078e3,Inner Sunset
1434998720390770400,Mission
143519799383406e4,Bayview
1435212799294404600,Nob Hill
1435562460144655e3,Downtown/Civic Center
1435579259960601300,Downtown/Civic Center
1435605194880235e3,Nob Hill
1435622950408243500,Downtown/Civic Center
1435627798362233e3,Nob Hill
1435635968740088800,Nob Hill
1435642399696092400,Downtown/Civic Center
1435707270082187800,Mission
1436606259241441e3,South of Market
1437723408107858400,Castro/Upper Market
1437792873608658400,South of Market
1437941581726486e3,Bernal Heights
1438661589143331300,Castro/Upper Market
1438665588810445800,Outer Sunset
1439568333467539e3,Outer Sunset
1439601331862076e3,South of Market
1439716943480361500,West of Twin Peaks
1440006445651293700,Inner Richmond
1440168125666757400,Haight Ashbury
1440168242699308e3,Haight Ashbury
1440494925200902700,South of Market
1440494928346830800,South of Market
1440494937903037200,South of Market
1440494943329945900,South of Market
1440494995202321700,South of Market
1440494998984279800,South of Market
1440494999974017500,South of Market
1440495007426854100,South of Market
1440495267267548e3,South of Market
1440723222624753e3,Twin Peaks
1441012459908527600,Bernal Heights
1441321470667060500,Bernal Heights
1441477498968192e3,Western Addition
144150506283916e4,Lakeshore
1442191494539202e3,Noe Valley
1442204924666506200,Pacific Heights
1442225581121296600,Castro/Upper Market
1442872745918981e3,South of Market
1443910903675025400,Excelsior
1443937655530029800,Outer Sunset
1444503049425643800,Nob Hill
1444538447707095300,Haight Ashbury
1445152771328261400,Outer Mission
1445839512375995e3,Bernal Heights
1446309614365953500,South of Market
1446657123455059200,Russian Hill
1447095195477957600,Downtown/Civic Center
1447095343554538500,Downtown/Civic Center
1447189613902856700,Haight Ashbury
1447626670941074e3,Downtown/Civic Center
1447626767562283800,Nob Hill
1447824140303415e3,Twin Peaks
1447945944112280300,Bayview
1447957558402453e3,Bayview
1447962438451622100,Bayview
1448103197656114700,South of Market
1449057193490835e3,Downtown/Civic Center
1449063538643421200,Downtown/Civic Center
1449073543119446500,Downtown/Civic Center
1449078425396603400,Russian Hill
1449815666069080300,Ocean View
1449992266173014800,South of Market
1450815872208785400,Downtown/Civic Center
1450816051647135700,Downtown/Civic Center
1450859622430944300,Bernal Heights
1450951066216213e3,Inner Sunset
1451577711202549200,Marina
1452370310385769e3,Financial District
1452528640906157800,Twin Peaks
1453271471298486800,North Beach
1453634310971800600,Castro/Upper Market
1453722136888563700,Nob Hill
1453735021806211e3,Noe Valley
1454006910443474200,Mission
1454720504689576400,Ocean View
1455493311564315100,Ocean View
1455857971834086100,Castro/Upper Market
1456092578049915400,Twin Peaks
1456166048879369200,Marina
1456491198280345600,Financial District
1456493522895422700,Financial District
1456518796949130200,Downtown/Civic Center
1456518797070527700,Downtown/Civic Center
1456519120442583600,Downtown/Civic Center
1456886571650233900,Marina
1456951872504008200,Outer Richmond
1457313900215166700,Marina
1457345699124339700,Noe Valley
1457384651926275800,West of Twin Peaks
1458061474377554400,Noe Valley
1458171013662063e3,South of Market
1458344807417892900,Outer Richmond
1459828793005234700,Downtown/Civic Center
1460106271770224600,Downtown/Civic Center
1460108318920112400,South of Market
1460109865667501e3,Downtown/Civic Center
1460111388194022e3,Downtown/Civic Center
1460962176783566e3,Outer Sunset
1461017291780893700,Downtown/Civic Center
1461034474420889900,Parkside
1461279816460833800,Western Addition
1461554754282698200,North Beach
146155704396578e4,North Beach
1461577466660787700,Russian Hill
1461578785374029e3,Russian Hill
1461580238444116200,North Beach
1461581909005852700,North Beach
1461612831326986200,Downtown/Civic Center
1461612831745547500,Downtown/Civic Center
1461613271519942700,Downtown/Civic Center
1461613365556838100,Downtown/Civic Center
1461613628376103e3,Downtown/Civic Center
1461613679605818400,Downtown/Civic Center
1461613900967766500,Downtown/Civic Center
1461613940462305800,Downtown/Civic Center
1461796715780946e3,Financial District
1462256707509461e3,Western Addition
1462295661859469300,Western Addition
1462295711245616400,Western Addition
1462436150344046300,Inner Richmond
146250962684919e4,Outer Sunset
1462898203013283800,Western Addition
1462914596361187800,Western Addition
1462931931259732500,Western Addition
1462955932854126600,Western Addition
1462964897329998300,Western Addition
1462986668258305500,Western Addition
1462996728750133800,Western Addition
1463009139499773400,Western Addition
1463015397228926700,Western Addition
1463144926558437400,Downtown/Civic Center
1463151702049929700,Western Addition
1463180019740299500,South of Market
1463208255506592800,Ocean View
1463250855267580200,Outer Mission
1463850545583881e3,South of Market
1463871806163755e3,Downtown/Civic Center
1.4643360523634719e+18,Ocean View
1464878229923025400,Mission
1465227021115694e3,Nob Hill
1465318531163807700,Marina
1465589985555154200,Inner Richmond
1466190953052690400,Noe Valley
1466398594743081200,Inner Sunset
1466723449431644e3,Downtown/Civic Center
1467408837729887200,South of Market
1467408844079613200,South of Market
1467408847299796500,South of Market
1467408847682561e3,South of Market
1467408897109923600,South of Market
1467408902871840800,South of Market
1467408904055101e3,South of Market
1467408906290607e3,South of Market
1467408938442747e3,South of Market
1467408945789735700,South of Market
1467408953036372e3,South of Market
1467408955145996800,South of Market
1467408957131819800,South of Market
1467408958925174300,South of Market
1467408962784225500,South of Market
1467408965815127e3,South of Market
1467408971795055400,South of Market
1.4674323104727839e+18,Marina
1467432315659916800,Marina
1467432329293693400,Marina
1467432333425690600,Marina
1467432335071712800,Marina
146743233632406e4,Marina
1467432346110498600,Marina
1467432347921963e3,Marina
1467432349593254100,Marina
1467432360809113600,Marina
1467432367548406e3,Marina
1467432371568703700,Marina
1467432373852513e3,Marina
1467432374685267e3,Marina
1467480600213035800,Russian Hill
1467526806808598800,Bayview
1467700091741981400,Outer Sunset
1467924895564471e3,Ocean View
1467939815409094700,Ocean View
1468203205364612e3,Mission
1468501013952269300,Western Addition
1468530889514080300,Excelsior
146881823297804e4,Downtown/Civic Center
146962868914839e4,Bayview
1469668930186799400,Parkside
1470426734891569700,Downtown/Civic Center
1470660025597194800,Ocean View
1470997715412431e3,Downtown/Civic Center
1471130499500943e3,Outer Sunset
1471913976947268900,Bayview
1471923658142855700,South of Market
147247822431653e4,Bernal Heights
1472540892534467600,Bayview
1472552089176241200,Inner Sunset
1472580603278398500,Outer Sunset
1472587831682045400,Inner Richmond
14725884798832e5,Downtown/Civic Center
1472660150764819200,Bayview
1472747497138465e3,Noe Valley
1472901511714249e3,Ocean View
1473306687844743700,Nob Hill
1473380082451824400,Inner Sunset
1474035612640905200,Western Addition
1474629887161652500,Downtown/Civic Center
1474666157525753600,Downtown/Civic Center
1474909908766295300,Western Addition
1474989818215363e3,Pacific Heights
1475107621784689700,Downtown/Civic Center
1475375698402268700,Potrero Hill
1475840144636700700,Nob Hill
1476263767642753500,Financial District
1476459948146718200,South of Market
1476930786069111e3,Castro/Upper Market
1476975255911817200,Noe Valley
1477839840297696800,Outer Sunset
1479212320837318700,Noe Valley
1479759636995852500,Inner Sunset
1480087288531713300,South of Market
1480139552782947300,Outer Mission
1480842129090484200,Outer Sunset
1481322631751263e3,Outer Richmond
1481359342914974200,Downtown/Civic Center
1481443026220505300,Inner Sunset
1481724213852375e3,North Beach
1481967041409706500,Bayview
1482028145776057900,Outer Sunset
1482100897489052e3,Downtown/Civic Center
1482729542364139500,Ocean View
1482791245792007400,Ocean View
1482805576786374400,Ocean View
1482817674772557300,Ocean View
1482912545327858200,South of Market
1483007383896295e3,West of Twin Peaks
1483029785147909600,Ocean View
1483102601875562200,Outer Sunset
1483107619546908700,South of Market
1483591401661662500,Downtown/Civic Center
1484189155964362200,Downtown/Civic Center
1484849528730449400,North Beach
1485003081502508800,South of Market
1485078032298043400,Downtown/Civic Center
1485273045511588400,Downtown/Civic Center
1485380179631773700,Potrero Hill
1485549338521433300,South of Market
1485657596684069400,Ocean View
1485789610708972500,Noe Valley
1485822729270498800,Downtown/Civic Center
1485968824848281600,Downtown/Civic Center
1486438256092705800,Outer Richmond
1487759190143622700,North Beach
1487759289055206400,North Beach
1487759296425720800,North Beach
1487934492883667200,Downtown/Civic Center
1487941963350390800,Downtown/Civic Center
1488077032787546600,Glen Park
1488333128653162e3,Downtown/Civic Center
1488333145737429800,Downtown/Civic Center
1488333151356804600,Downtown/Civic Center
1488336156649631200,Downtown/Civic Center
1488612938637308200,Outer Sunset
1489425477349522400,Chinatown
148943759428222e4,Ocean View
1489897185596821800,Marina
1489946255836499200,Western Addition
1490291158790740500,Downtown/Civic Center
1490297612953145600,Ocean View
1490311309358730800,Excelsior
1490393224208348700,South of Market
1490937856427508700,Lakeshore
1491349251715430700,Downtown/Civic Center
1491560789996641300,Downtown/Civic Center
1491575356526938e3,Downtown/Civic Center
1491732759627431700,Financial District
1491775199230981e3,Inner Sunset
1492263795364932e3,Downtown/Civic Center
1492453558266393300,Mission
1492700907464481500,Downtown/Civic Center
1492947781687052300,South of Market
1493039153859771100,Bayview
1493185960849482e3,Castro/Upper Market
1493810889637612500,South of Market
1494298384100031e3,South of Market
1494935665535250400,Outer Richmond
1495364213823611e3,Outer Sunset
1495790616219606500,Chinatown
14960690537977e5,Downtown/Civic Center
1496196850146935800,Downtown/Civic Center
1496410790640111600,Russian Hill
1496474594644744200,Nob Hill
1496616802893383700,Pacific Heights
1496704074377725400,Chinatown
1496802463065004e3,Potrero Hill
1496824614227705300,Russian Hill
1497184196520679e3,Outer Richmond
1497250149597076700,Outer Sunset
1497327654430958e3,Bayview
1497516992137480200,Bayview
1497528664341611300,Bayview
1497559559362883e3,Bayview
1497834689219593e3,South of Market
1498013412043371300,Bernal Heights
1498733247901516800,Outer Sunset
1498836009608916200,Mission
1498890967225433300,Outer Sunset
1498958112086932e3,Visitacion Valley
1499023105718953e3,Ocean View
1499423145653829e3,Bayview
1499470790798587400,Russian Hill
1499581470510980600,Nob Hill
1499677890538721e3,Bernal Heights
1500300301718901500,Marina
1500977892271460900,Crocker Amazon
1501012055006932200,Crocker Amazon
1.5010171880385761e+18,Crocker Amazon
1501352922080219e3,South of Market
1501476205348736300,Downtown/Civic Center
1501667068346692e3,Chinatown
1502200882453690400,Downtown/Civic Center
1502309369822255400,Downtown/Civic Center
1502347295705761500,Financial District
1502461016149035500,Bayview
1502537336297096700,Bernal Heights
1503022237566697200,Nob Hill
1503096713331158800,West of Twin Peaks
1503180416806971e3,Bernal Heights
1503823927081773600,Financial District
1504007172634501400,Mission
1504015475074187500,Mission
1504024881306946600,Ocean View
1504210692361989600,Marina
1504742679425942800,Twin Peaks
1505101692175465500,Mission
1505187048371737e3,Financial District
1505488461371804200,Parkside
1505523525275477500,Downtown/Civic Center
1506523478645998600,Mission
1506603120558194200,Noe Valley
1507255092397012e3,Russian Hill
1.5073134339798241e+18,Downtown/Civic Center
1507322091313968400,Downtown/Civic Center
1507352073793096200,Bayview
1507448829852483800,South of Market
1508153968348247e3,Marina
1508154012718396200,Pacific Heights
1508367879610727700,Russian Hill
1508906492806301400,Downtown/Civic Center
1508970324012821800,Financial District
1509885963363586300,South of Market
1510198571282143700,Haight Ashbury
1510240210093522200,Western Addition
1510808319935692500,Western Addition
1510987224435278e3,Chinatown
1511080117782124800,Western Addition
1511114104543483100,Castro/Upper Market
1511289987160113e3,Outer Mission
151131178186789e4,Russian Hill
1511348742437328600,Downtown/Civic Center
1511440806935691300,South of Market
1511441390581322e3,South of Market
1511599892237497900,South of Market
1511683762605753900,Visitacion Valley
1513156278048258300,Castro/Upper Market
1513221484184173600,Downtown/Civic Center
1513285163669644300,South of Market
1.5133486511120481e+18,Castro/Upper Market
1513480669603329300,Noe Valley
1515036754604921600,Nob Hill
1516115797871890200,Inner Richmond
151619892485555e4,Western Addition
1516208603138875400,Castro/Upper Market
1516345475180609e3,Downtown/Civic Center
1516351671011609e3,Downtown/Civic Center
1516579329831843800,Mission
1516629232996529e3,Mission
1516740539324903e3,Russian Hill
1516784499740617700,Downtown/Civic Center
1517011945075870500,Mission
1517359667527321300,Downtown/Civic Center
1517430002222408e3,Outer Richmond
1517483851248343300,Chinatown
1517631552178619e3,West of Twin Peaks
1518075518494818300,South of Market
1518206756726021e3,South of Market
1518317524268874200,Bayview
1518406816331116500,Downtown/Civic Center
1518442122737374500,Downtown/Civic Center
151845201392251e4,Downtown/Civic Center
1518875081166277600,Nob Hill
1518880498691424300,Nob Hill
1518942769735104e3,Noe Valley
1519650899718183400,Russian Hill
1519742687603396900,Marina
1520471580798990300,Glen Park
1520594129910461700,Glen Park
1521113742340477200,Twin Peaks
1521120018096291800,Inner Richmond
1521958149796144600,Treasure Island/YBI
1522031277201368e3,Bayview
1522099542455658e3,Bayview
1522198988002658800,Bayview
1522489472556759300,Bayview
1522766599352503300,Outer Mission
1522781984745447700,Russian Hill
1523322339331819500,Downtown/Civic Center
152333331150335e4,Downtown/Civic Center
1523357249151472400,Russian Hill
1523390138881155e3,Russian Hill
1524024128780261400,Downtown/Civic Center
1524054896798097700,South of Market
1524241202349830100,Downtown/Civic Center
1524249596926132700,Western Addition
1524383643821916700,Western Addition
1524580912472391200,Glen Park
1524630307733606700,Glen Park
152483364749385e4,Chinatown
1524906386945746e3,South of Market
1526237762560802600,Mission
1526243277446018300,Pacific Heights
1526283250703769900,Mission
1527040139644613400,West of Twin Peaks
1527954810777664300,Ocean View
1527973638807795e3,Mission
1528517192280020700,Downtown/Civic Center
1528691154489831400,Outer Richmond
1528720953767181800,Mission
1530161737648835800,Marina
1530581347532549600,Haight Ashbury
1530606569804910600,Western Addition
15306561198598e5,Excelsior
1531298741163701800,Glen Park
1531317471202198500,Financial District
1531503664350571500,Mission
1532316592703481600,Downtown/Civic Center
1532876824393791e3,Castro/Upper Market
1533368073812723e3,Downtown/Civic Center
1533384726793335300,Outer Mission
1533555250309343200,Western Addition
1534541015124874e3,Western Addition
1534547501103078700,Downtown/Civic Center
1534550960395744800,Downtown/Civic Center
1535696340038864600,Inner Richmond
1535702406965592e3,Russian Hill
1536305683745043500,Western Addition
1536416943189982200,Marina
1536612029371320800,Haight Ashbury
1537150221008893200,Nob Hill
1537379863112898e3,South of Market
1537403734764908500,Castro/Upper Market
1537455241866974200,South of Market
1537760032514745300,Inner Richmond
1537989489420138200,Downtown/Civic Center
1538130402254852e3,Inner Richmond
1538435981214904800,Downtown/Civic Center
1540112153964171800,South of Market
1540296161945288200,Downtown/Civic Center
1541024119982624e3,Diamond Heights
1541080404668959700,Potrero Hill
1541279260192608e3,Downtown/Civic Center
1541406479499311400,Mission
1541521029021234700,Downtown/Civic Center
1541558942346621e3,South of Market
1541754955495395800,Ocean View
1542163284989693200,Castro/Upper Market
1542571808906049300,Downtown/Civic Center
1542681394991054800,Western Addition
1542958822055322600,Downtown/Civic Center
1543803272274943500,Financial District
1543872989450708500,Inner Richmond
1544275064644134100,Noe Valley
1544601109683360300,Russian Hill
1544913725841594400,Castro/Upper Market
1544967386543823400,South of Market
1545096283012104700,Twin Peaks
1545344612421781500,Downtown/Civic Center
1545350136028060700,Downtown/Civic Center
1545928595724789800,South of Market
1545942024110452500,Nob Hill
1546479533236793300,South of Market
1546831468775454200,Parkside
1547553177187924700,Crocker Amazon
1549420236853819e3,Inner Richmond
1.5495906735202719e+18,Crocker Amazon
1549604172123590700,Nob Hill
1550793001190313e3,Downtown/Civic Center
1550797312373664800,Western Addition
1550847339979755500,Downtown/Civic Center
1551025889635110400,South of Market
1551444077670095600,South of Market
1551490821599455200,Bayview
1551719080785624e3,Castro/Upper Market
1551862285027260200,Chinatown
1552309549948273700,North Beach
1552626195729228800,Russian Hill
1552631914974644500,Russian Hill
1552638416675224e3,Russian Hill
1552648613257183200,Downtown/Civic Center
1553031514824950800,Bayview
1553078140835022e3,Marina
1553149119121730800,Outer Sunset
1553151212686687e3,North Beach
1553171482916880400,Outer Sunset
1553207112240491e3,Outer Sunset
1553214121902975700,Outer Sunset
1553248900717867800,Financial District
1553629700711641900,Downtown/Civic Center
1553672281078366200,Marina
1553672294598195200,Marina
1553672310367093200,Marina
1553672310813906400,Marina
1553672315234378e3,Marina
1553776838628840700,Nob Hill
1553925730740075e3,Mission
1553926302954609e3,Haight Ashbury
1553952967157709300,Haight Ashbury
1554095687517889500,Downtown/Civic Center
1554334223054582300,Downtown/Civic Center
1554488733329504800,Nob Hill
1555094228127873500,Downtown/Civic Center
1555121625374858200,Downtown/Civic Center
1555321566526887400,Western Addition
1555851431207443500,Nob Hill
1555877396323839e3,Nob Hill
1555980995221016e3,South of Market
1556049950352817200,South of Market
1556622687405337300,Nob Hill
1557346150611246300,Nob Hill
1557436509276816600,South of Market
155811474332021e4,Outer Sunset
1558148534455008e3,Outer Sunset
1558374528063208700,Downtown/Civic Center
1558882652454104600,Ocean View
1559035047851581700,Outer Sunset
1559671033290004200,Outer Mission
1559678590395750700,North Beach
1560252462858271200,Castro/Upper Market
1561042114783956200,Downtown/Civic Center
1561073068408376600,Downtown/Civic Center
1561098854215252700,Downtown/Civic Center
1561207773642781400,Presidio
1561227020579191800,South of Market
1561358834328145700,Bayview
1561478996497976800,South of Market
1561542133055311e3,South of Market
1561664832071149800,North Beach
1562075363017157400,Outer Richmond
1562464103750679300,Presidio Heights
1564483804277641e3,Downtown/Civic Center
1565383283381048800,Outer Richmond
1565718447321035500,Inner Richmond
1566121857681917400,Mission
156617719103605e4,Pacific Heights
1566274130444879400,Noe Valley
1566383361568621800,Crocker Amazon
1566535123597603300,Downtown/Civic Center
1566700244753748700,Pacific Heights
1566745368151784700,Nob Hill
1.5670501832190239e+18,Outer Sunset
1567088989890989800,Marina
1567112522858681600,Nob Hill
